CompanyID,CompanyName,Year,Revenue,ProfitMargin,MarketCap,GrowthRate
1,Company_1,2015,459.2,6.0,337.5,
1,Company_1,2016,473.8,4.6,366.6,3.2
1,Company_1,2017,564.9,5.2,313.4,19.2
1,Company_1,2018,558.4,4.3,283.0,-1.1
1,Company_1,2019,554.5,4.9,538.1,-0.7
1,Company_1,2020,567.5,6.0,384.1,2.3
1,Company_1,2021,604.2,5.2,479.3,6.5
1,Company_1,2022,593.2,4.2,248.4,-1.8
1,Company_1,2023,636.7,5.3,373.9,7.3
1,Company_1,2024,687.0,4.6,460.1,7.9
1,Company_1,2025,734.5,5.0,628.8,6.9
2,Company_2,2015,2934.8,-2.9,1803.1,
2,Company_2,2016,3140.3,-1.1,13885.2,7.0
2,Company_2,2017,3463.1,-2.2,5283.7,10.3
2,Company_2,2018,2939.7,-1.7,4408.0,-15.1
2,Company_2,2019,3125.6,1.2,566.4,6.3
2,Company_2,2020,2999.8,-0.3,1997.8,-4.0
2,Company_2,2021,3167.9,-0.4,15634.9,5.6
2,Company_2,2022,3106.4,0.8,514.3,-1.9
2,Company_2,2023,3691.6,-0.7,2523.2,18.8
2,Company_2,2024,3822.9,-1.2,5807.8,3.6
2,Company_2,2025,4371.5,-2.4,20376.3,14.4
3,Company_3,2015,259.7,5.9,140.2,
3,Company_3,2016,245.2,8.5,224.0,-5.6
3,Company_3,2017,282.4,6.5,289.7,15.2
3,Company_3,2018,300.2,3.1,100.7,6.3
3,Company_3,2019,322.6,5.1,290.7,7.5
3,Company_3,2020,337.9,2.7,76.5,4.7
3,Company_3,2021,348.4,4.5,128.8,3.1
3,Company_3,2022,389.6,7.1,327.9,11.8
3,Company_3,2023,415.2,8.1,498.7,6.6
3,Company_3,2024,438.0,10.3,739.4,5.5
3,Company_3,2025,479.8,11.6,1020.7,9.5
4,Company_4,2015,5036.7,21.2,23192.4,
4,Company_4,2016,5192.5,25.1,25137.8,3.1
4,Company_4,2017,5497.1,23.4,33251.0,5.9
4,Company_4,2018,5978.5,26.1,31801.0,8.8
4,Company_4,2019,6529.4,28.2,42706.4,9.2
4,Company_4,2020,6123.5,30.6,38574.1,-6.2
4,Company_4,2021,5784.3,29.4,37578.6,-5.5
4,Company_4,2022,5711.3,26.1,35339.1,-1.3
4,Company_4,2023,5844.2,26.5,34781.6,2.3
4,Company_4,2024,6555.1,26.0,45451.6,12.2
4,Company_4,2025,7675.6,22.9,42400.4,17.1
5,Company_5,2015,2720.9,16.1,3884.5,
5,Company_5,2016,2647.4,17.6,9275.6,-2.7
5,Company_5,2017,2553.4,19.9,9760.9,-3.6
5,Company_5,2018,2758.9,22.6,7367.6,8.1
5,Company_5,2019,2746.9,21.3,11365.5,-0.4
5,Company_5,2020,3243.0,19.3,10066.1,18.1
5,Company_5,2021,3120.1,19.3,8787.3,-3.8
5,Company_5,2022,3094.2,20.1,9600.4,-0.8
5,Company_5,2023,3281.7,21.9,6441.8,6.1
5,Company_5,2024,3282.1,22.5,9663.0,0.0
5,Company_5,2025,3162.1,22.4,6674.6,-3.7
6,Company_6,2015,2339.1,0.8,256.7,
6,Company_6,2016,2574.5,-1.0,11890.9,10.1
6,Company_6,2017,2508.9,-4.0,3844.3,-2.6
6,Company_6,2018,2472.4,-8.2,1595.7,-1.5
6,Company_6,2019,2598.8,-8.5,8095.7,5.1
6,Company_6,2020,2563.3,-11.4,10251.2,-1.4
6,Company_6,2021,2466.6,-8.5,7550.0,-3.8
6,Company_6,2022,2747.5,-7.9,12663.9,11.4
6,Company_6,2023,3009.5,-9.8,4910.0,9.5
6,Company_6,2024,3095.6,-8.6,2201.1,2.9
6,Company_6,2025,3297.0,-10.0,7887.8,6.5
7,Company_7,2015,4664.1,6.2,4597.8,
7,Company_7,2016,5080.6,9.0,6228.6,8.9
7,Company_7,2017,5192.0,6.4,7750.2,2.2
7,Company_7,2018,5320.5,4.3,2608.0,2.5
7,Company_7,2019,5421.6,1.3,1267.0,1.9
7,Company_7,2020,6225.1,3.5,4571.3,14.8
7,Company_7,2021,6470.9,-2.3,21238.4,3.9
7,Company_7,2022,6387.4,-2.2,18488.5,-1.3
7,Company_7,2023,6014.8,-1.7,10294.8,-5.8
7,Company_7,2024,6084.6,-3.6,27425.5,1.2
7,Company_7,2025,6444.2,0.1,38.0,5.9
8,Company_8,2015,7090.7,10.6,14828.8,
8,Company_8,2016,7395.2,10.4,17692.4,4.3
8,Company_8,2017,7077.8,10.7,14011.4,-4.3
8,Company_8,2018,6957.5,8.2,9292.2,-1.7
8,Company_8,2019,6690.8,9.7,8033.5,-3.8
8,Company_8,2020,6751.9,8.7,7083.4,0.9
8,Company_8,2021,6397.5,10.1,10983.2,-5.2
8,Company_8,2022,6583.8,10.3,8606.9,2.9
8,Company_8,2023,6810.4,11.1,9866.0,3.4
8,Company_8,2024,7168.5,13.7,17539.0,5.3
8,Company_8,2025,7117.1,8.6,10386.3,-0.7
9,Company_9,2015,1490.2,11.9,4559.0,
9,Company_9,2016,1761.8,9.7,4234.3,18.2
9,Company_9,2017,2085.0,15.3,7991.2,18.3
9,Company_9,2018,2575.4,14.1,5543.0,23.5
9,Company_9,2019,3208.8,11.2,8416.4,24.6
9,Company_9,2020,3584.9,10.1,10662.5,11.7
9,Company_9,2021,4399.8,8.5,7008.7,22.7
9,Company_9,2022,4673.0,6.7,8480.9,6.2
9,Company_9,2023,5102.1,4.4,5222.0,9.2
9,Company_9,2024,5853.9,6.3,5804.7,14.7
9,Company_9,2025,6764.0,4.5,5954.9,15.5
10,Company_10,2015,48720.0,11.9,186028.6,
10,Company_10,2016,56121.2,9.4,134112.7,15.2
10,Company_10,2017,60556.9,8.6,86036.0,7.9
10,Company_10,2018,65683.3,11.0,223764.9,8.5
10,Company_10,2019,72498.6,11.0,215468.5,10.4
10,Company_10,2020,79033.4,13.5,313712.7,9.0
10,Company_10,2021,79619.8,12.0,263994.0,0.7
10,Company_10,2022,93510.8,14.4,446629.1,17.4
10,Company_10,2023,108029.1,17.3,416982.0,15.5
10,Company_10,2024,117939.2,14.9,610070.0,9.2
10,Company_10,2025,104787.3,17.1,412517.1,-11.2
11,Company_11,2015,1102.8,11.0,1367.9,
11,Company_11,2016,833.7,7.9,657.0,-24.4
11,Company_11,2017,621.3,10.8,849.4,-25.5
11,Company_11,2018,571.5,6.0,551.3,-8.0
11,Company_11,2019,507.9,-1.6,371.5,-11.1
11,Company_11,2020,404.5,-1.7,1455.4,-20.3
11,Company_11,2021,356.4,0.9,54.4,-11.9
11,Company_11,2022,295.3,0.6,17.0,-17.1
11,Company_11,2023,266.7,3.7,155.1,-9.7
11,Company_11,2024,194.5,5.8,114.8,-27.1
11,Company_11,2025,170.6,4.7,158.9,-12.3
12,Company_12,2015,3081.4,9.4,2730.3,
12,Company_12,2016,3202.0,10.8,6084.8,3.9
12,Company_12,2017,3731.1,10.1,6952.2,16.5
12,Company_12,2018,3934.3,9.5,4269.2,5.4
12,Company_12,2019,3908.6,9.9,4904.0,-0.7
12,Company_12,2020,3655.5,14.6,5327.5,-6.5
12,Company_12,2021,3718.8,19.5,7799.8,1.7
12,Company_12,2022,3533.5,18.5,12821.9,-5.0
12,Company_12,2023,3302.9,19.4,11416.2,-6.5
12,Company_12,2024,3517.8,17.7,11569.2,6.5
12,Company_12,2025,3577.8,18.4,10452.9,1.7
13,Company_13,2015,497.7,9.9,550.8,
13,Company_13,2016,568.6,10.5,1184.3,14.3
13,Company_13,2017,690.7,13.2,1132.3,21.5
13,Company_13,2018,739.2,14.2,2343.1,7.0
13,Company_13,2019,833.5,11.5,1872.2,12.7
13,Company_13,2020,954.0,10.7,1851.3,14.5
13,Company_13,2021,1086.0,9.8,1547.5,13.8
13,Company_13,2022,1067.8,11.7,2422.7,-1.7
13,Company_13,2023,1194.6,10.6,1792.2,11.9
13,Company_13,2024,1402.8,12.6,2355.0,17.4
13,Company_13,2025,1671.6,13.9,3789.7,19.2
14,Company_14,2015,774.9,6.2,902.2,
14,Company_14,2016,865.3,3.9,279.9,11.7
14,Company_14,2017,917.5,7.5,643.6,6.0
14,Company_14,2018,956.1,5.6,802.8,4.2
14,Company_14,2019,986.3,0.9,70.7,3.2
14,Company_14,2020,1013.5,3.4,638.5,2.8
14,Company_14,2021,1081.7,0.5,90.6,6.7
14,Company_14,2022,1158.1,-0.1,988.5,7.1
14,Company_14,2023,1404.4,1.5,364.0,21.3
14,Company_14,2024,1408.8,6.0,1560.2,0.3
14,Company_14,2025,1623.4,4.7,678.5,15.2
15,Company_15,2015,5737.2,23.7,15249.0,
15,Company_15,2016,5724.4,25.1,29017.6,-0.2
15,Company_15,2017,6468.8,23.9,23465.8,13.0
15,Company_15,2018,6947.3,28.3,45474.5,7.4
15,Company_15,2019,6699.5,32.0,45050.0,-3.6
15,Company_15,2020,7409.3,31.3,40312.2,10.6
15,Company_15,2021,6442.6,34.2,27413.4,-13.0
15,Company_15,2022,7357.3,31.1,33992.8,14.2
15,Company_15,2023,8220.8,31.2,38672.5,11.7
15,Company_15,2024,9291.0,27.8,53148.3,13.0
15,Company_15,2025,11489.1,28.7,61972.3,23.7
16,Company_16,2015,1160.6,16.3,1921.2,
16,Company_16,2016,1213.5,14.3,2914.3,4.6
16,Company_16,2017,1248.2,14.2,1935.3,2.9
16,Company_16,2018,1320.2,17.3,4087.7,5.8
16,Company_16,2019,1268.4,15.1,2918.0,-3.9
16,Company_16,2020,1265.3,16.6,3606.5,-0.2
16,Company_16,2021,1387.7,14.6,2539.7,9.7
16,Company_16,2022,1283.2,20.5,3303.6,-7.5
16,Company_16,2023,1119.0,29.3,2683.5,-12.8
16,Company_16,2024,1219.4,45.0,10664.6,9.0
16,Company_16,2025,1249.8,36.9,5866.9,2.5
17,Company_17,2015,3577.1,12.7,3876.1,
17,Company_17,2016,3460.1,13.0,5855.9,-3.3
17,Company_17,2017,3855.5,12.2,4729.2,11.4
17,Company_17,2018,3910.5,13.4,4504.2,1.4
17,Company_17,2019,4023.2,17.2,9379.8,2.9
17,Company_17,2020,4324.4,16.8,9737.7,7.5
17,Company_17,2021,4158.1,17.5,9928.2,-3.8
17,Company_17,2022,3932.8,17.1,6485.7,-5.4
17,Company_17,2023,4066.6,15.5,5952.4,3.4
17,Company_17,2024,4012.2,15.7,5680.9,-1.3
17,Company_17,2025,4630.8,18.3,6876.5,15.4
18,Company_18,2015,7905.8,7.3,9920.4,
18,Company_18,2016,7833.6,1.8,1889.4,-0.9
18,Company_18,2017,8556.8,2.4,2419.7,9.2
18,Company_18,2018,9566.1,-1.0,22410.1,11.8
18,Company_18,2019,10444.4,0.9,1175.7,9.2
18,Company_18,2020,11604.7,5.0,10578.4,11.1
18,Company_18,2021,12463.7,2.9,4405.9,7.4
18,Company_18,2022,12305.5,0.2,398.7,-1.3
18,Company_18,2023,11839.6,6.3,10385.7,-3.8
18,Company_18,2024,13785.1,15.1,20222.1,16.4
18,Company_18,2025,14675.7,12.4,35497.2,6.5
19,Company_19,2015,69314.3,14.9,340068.5,
19,Company_19,2016,71999.1,16.7,180408.7,3.9
19,Company_19,2017,72920.6,12.8,245197.1,1.3
19,Company_19,2018,80546.7,9.1,172099.6,10.5
19,Company_19,2019,92918.5,6.7,171478.9,15.4
19,Company_19,2020,98400.8,8.0,250697.3,5.9
19,Company_19,2021,122196.4,5.3,143651.3,24.2
19,Company_19,2022,125147.1,4.7,182797.0,2.4
19,Company_19,2023,143507.8,1.8,54146.3,14.7
19,Company_19,2024,154868.9,3.8,146956.3,7.9
19,Company_19,2025,180810.4,0.7,39614.5,16.8
20,Company_20,2015,4449.5,21.5,32323.9,
20,Company_20,2016,5171.8,21.4,17645.3,16.2
20,Company_20,2017,4773.2,21.8,25275.9,-7.7
20,Company_20,2018,5284.2,21.5,18946.4,10.7
20,Company_20,2019,5526.3,23.3,44458.7,4.6
20,Company_20,2020,6024.2,21.4,31498.1,9.0
20,Company_20,2021,6606.7,23.4,42298.9,9.7
20,Company_20,2022,6865.1,18.0,22596.7,3.9
20,Company_20,2023,7487.0,23.1,26405.0,9.1
20,Company_20,2024,7317.2,20.0,50630.3,-2.3
20,Company_20,2025,8581.5,18.0,31522.2,17.3
21,Company_21,2015,2021.8,9.9,1956.4,
21,Company_21,2016,1931.1,11.6,2533.4,-4.5
21,Company_21,2017,1932.6,15.4,4568.5,0.1
21,Company_21,2018,2025.9,28.5,10493.5,4.8
21,Company_21,2019,2035.1,31.7,8793.0,0.5
21,Company_21,2020,2120.5,25.4,9358.5,4.2
21,Company_21,2021,1854.6,18.2,6238.9,-12.5
21,Company_21,2022,1652.2,16.6,4510.0,-10.9
21,Company_21,2023,1721.3,11.6,3276.9,4.2
21,Company_21,2024,1229.6,13.5,1571.1,-28.6
21,Company_21,2025,1100.4,16.6,3066.5,-10.5
22,Company_22,2015,518.6,7.9,723.0,
22,Company_22,2016,549.7,10.2,487.4,6.0
22,Company_22,2017,584.8,12.2,585.4,6.4
22,Company_22,2018,635.1,15.1,1129.1,8.6
22,Company_22,2019,684.2,13.9,1509.5,7.7
22,Company_22,2020,736.2,15.9,1831.7,7.6
22,Company_22,2021,815.7,19.0,2313.7,10.8
22,Company_22,2022,805.9,17.5,1302.9,-1.2
22,Company_22,2023,921.1,11.8,2070.6,14.3
22,Company_22,2024,953.8,9.0,1491.6,3.5
22,Company_22,2025,1009.7,11.8,2210.1,5.9
23,Company_23,2015,1042.0,11.9,1714.9,
23,Company_23,2016,1052.2,19.8,2417.8,1.0
23,Company_23,2017,1032.0,15.3,3448.4,-1.9
23,Company_23,2018,1021.4,18.5,4475.3,-1.0
23,Company_23,2019,1095.2,20.6,5309.9,7.2
23,Company_23,2020,1042.5,21.6,3740.8,-4.8
23,Company_23,2021,1085.5,22.9,4045.7,4.1
23,Company_23,2022,1095.5,25.4,3456.7,0.9
23,Company_23,2023,1139.3,23.4,6088.1,4.0
23,Company_23,2024,1080.1,26.2,4832.3,-5.2
23,Company_23,2025,924.5,25.0,2909.9,-14.4
24,Company_24,2015,11781.5,19.2,67237.9,
24,Company_24,2016,11745.1,20.4,67390.9,-0.3
24,Company_24,2017,12904.6,18.9,73924.4,9.9
24,Company_24,2018,13566.6,19.7,83160.2,5.1
24,Company_24,2019,13010.4,18.2,41732.0,-4.1
24,Company_24,2020,13503.1,18.2,57602.7,3.8
24,Company_24,2021,14899.5,18.3,71411.9,10.3
24,Company_24,2022,15017.5,23.5,68451.5,0.8
24,Company_24,2023,15013.1,21.9,106974.2,-0.0
24,Company_24,2024,16637.7,27.5,145466.8,10.8
24,Company_24,2025,16884.5,32.2,108912.3,1.5
25,Company_25,2015,698.2,10.1,991.2,
25,Company_25,2016,646.6,10.6,678.2,-7.4
25,Company_25,2017,690.5,10.9,729.4,6.8
25,Company_25,2018,663.4,7.1,536.6,-3.9
25,Company_25,2019,680.9,7.6,515.8,2.6
25,Company_25,2020,607.7,6.7,559.6,-10.7
25,Company_25,2021,587.4,6.8,509.3,-3.3
25,Company_25,2022,554.7,7.3,398.6,-5.6
25,Company_25,2023,586.9,8.0,374.3,5.8
25,Company_25,2024,530.5,8.8,405.4,-9.6
25,Company_25,2025,522.7,10.1,542.4,-1.5
26,Company_26,2015,5781.8,15.3,10673.5,
26,Company_26,2016,6276.4,13.9,14779.8,8.6
26,Company_26,2017,6563.5,13.4,15991.0,4.6
26,Company_26,2018,6579.5,18.9,26612.8,0.2
26,Company_26,2019,7911.2,26.6,26299.1,20.2
26,Company_26,2020,7473.7,29.8,42198.3,-5.5
26,Company_26,2021,9050.8,34.9,36575.3,21.1
26,Company_26,2022,9850.7,34.5,54189.0,8.8
26,Company_26,2023,10042.8,34.4,77931.6,2.0
26,Company_26,2024,10146.9,34.5,39609.9,1.0
26,Company_26,2025,13120.6,30.0,49236.8,29.3
27,Company_27,2015,1376.0,14.2,2738.2,
27,Company_27,2016,1549.9,11.0,1800.9,12.6
27,Company_27,2017,1845.7,13.7,3020.7,19.1
27,Company_27,2018,2050.8,15.9,7535.0,11.1
27,Company_27,2019,2367.2,11.4,3867.1,15.4
27,Company_27,2020,2781.1,5.4,2603.6,17.5
27,Company_27,2021,3276.1,6.7,4076.0,17.8
27,Company_27,2022,3762.3,9.2,6109.4,14.8
27,Company_27,2023,4253.6,12.0,10412.8,13.1
27,Company_27,2024,5268.2,10.7,7977.7,23.9
27,Company_27,2025,6291.5,9.1,12161.5,19.4
28,Company_28,2015,2691.8,21.6,13341.0,
28,Company_28,2016,2983.2,17.5,9358.1,10.8
28,Company_28,2017,3268.2,13.5,7985.6,9.6
28,Company_28,2018,3347.3,14.2,7441.4,2.4
28,Company_28,2019,3860.8,15.9,14761.4,15.3
28,Company_28,2020,4414.7,21.4,22950.0,14.3
28,Company_28,2021,4449.3,19.7,15917.8,0.8
28,Company_28,2022,4726.3,19.2,17000.4,6.2
28,Company_28,2023,5340.3,16.7,19489.1,13.0
28,Company_28,2024,6033.6,19.4,38765.1,13.0
28,Company_28,2025,6674.2,17.5,18520.1,10.6
29,Company_29,2015,1572.4,11.2,3444.6,
29,Company_29,2016,1308.0,14.3,3397.4,-16.8
29,Company_29,2017,1369.0,14.1,2040.9,4.7
29,Company_29,2018,1258.3,17.3,2560.9,-8.1
29,Company_29,2019,1103.5,18.9,3888.4,-12.3
29,Company_29,2020,1066.1,15.0,1320.6,-3.4
29,Company_29,2021,779.9,14.6,1633.2,-26.8
29,Company_29,2022,742.6,19.6,1710.4,-4.8
29,Company_29,2023,738.2,19.7,1380.0,-0.6
29,Company_29,2024,657.6,14.3,1168.5,-10.9
29,Company_29,2025,638.4,14.9,1648.5,-2.9
30,Company_30,2015,705.5,4.5,536.8,
30,Company_30,2016,777.3,3.6,432.5,10.2
30,Company_30,2017,749.3,3.0,304.0,-3.6
30,Company_30,2018,733.4,2.6,369.6,-2.1
30,Company_30,2019,787.7,2.1,293.9,7.4
30,Company_30,2020,806.9,1.9,153.3,2.4
30,Company_30,2021,907.5,-2.1,2238.4,12.5
30,Company_30,2022,987.0,-2.0,1337.9,8.8
30,Company_30,2023,1101.5,2.5,304.6,11.6
30,Company_30,2024,1204.6,-0.5,4785.1,9.4
30,Company_30,2025,1356.5,1.7,390.6,12.6
31,Company_31,2015,3478.7,3.8,1234.0,
31,Company_31,2016,2917.2,5.6,1680.0,-16.1
31,Company_31,2017,2708.7,1.7,705.6,-7.1
31,Company_31,2018,2346.0,-1.6,10611.9,-13.4
31,Company_31,2019,1500.4,-0.6,2006.9,-36.0
31,Company_31,2020,1074.2,-0.1,4456.6,-28.4
31,Company_31,2021,1085.4,-2.4,4820.6,1.0
31,Company_31,2022,977.7,-2.6,1051.4,-9.9
31,Company_31,2023,836.1,-5.2,423.6,-14.5
31,Company_31,2024,839.3,-4.1,2015.9,0.4
31,Company_31,2025,836.2,-5.2,3812.0,-0.4
32,Company_32,2015,405.4,4.6,247.7,
32,Company_32,2016,426.5,4.1,150.8,5.2
32,Company_32,2017,428.2,4.0,142.1,0.4
32,Company_32,2018,450.7,4.4,253.8,5.3
32,Company_32,2019,453.2,1.5,77.8,0.6
32,Company_32,2020,451.0,3.1,121.4,-0.5
32,Company_32,2021,469.8,5.9,324.7,4.2
32,Company_32,2022,477.0,6.1,373.5,1.5
32,Company_32,2023,486.3,8.2,337.8,2.0
32,Company_32,2024,520.1,7.6,321.1,6.9
32,Company_32,2025,556.0,7.4,451.9,6.9
33,Company_33,2015,949.7,10.5,868.2,
33,Company_33,2016,1007.0,10.6,1083.6,6.0
33,Company_33,2017,1026.3,14.0,1747.2,1.9
33,Company_33,2018,988.5,12.2,1908.7,-3.7
33,Company_33,2019,1045.8,12.5,1193.1,5.8
33,Company_33,2020,1172.7,14.2,2735.1,12.1
33,Company_33,2021,1300.8,11.1,2650.9,10.9
33,Company_33,2022,1264.0,13.2,2147.8,-2.8
33,Company_33,2023,1315.8,9.9,2546.1,4.1
33,Company_33,2024,1306.6,9.9,1176.3,-0.7
33,Company_33,2025,1244.4,9.0,1480.1,-4.8
34,Company_34,2015,7972.5,13.6,8847.6,
34,Company_34,2016,8625.3,17.3,15528.5,8.2
34,Company_34,2017,10563.1,16.4,32959.7,22.5
34,Company_34,2018,10633.4,9.5,18884.7,0.7
34,Company_34,2019,10737.1,13.6,19214.7,1.0
34,Company_34,2020,11030.1,17.9,26351.4,2.7
34,Company_34,2021,11844.2,19.2,29351.8,7.4
34,Company_34,2022,12447.2,17.8,19585.5,5.1
34,Company_34,2023,13563.0,14.3,22271.6,9.0
34,Company_34,2024,18074.5,20.5,45597.9,33.3
34,Company_34,2025,21020.8,14.8,43800.0,16.3
35,Company_35,2015,652.2,15.1,2249.3,
35,Company_35,2016,763.1,12.0,1026.9,17.0
35,Company_35,2017,806.5,11.2,1208.5,5.7
35,Company_35,2018,863.8,13.8,1934.2,7.1
35,Company_35,2019,1020.4,16.4,2108.1,18.1
35,Company_35,2020,1194.3,13.9,3167.0,17.0
35,Company_35,2021,1358.8,11.9,2113.5,13.8
35,Company_35,2022,1375.3,11.1,3350.8,1.2
35,Company_35,2023,1711.1,13.5,4705.1,24.4
35,Company_35,2024,1941.7,13.4,3902.0,13.5
35,Company_35,2025,2196.1,12.6,6455.6,13.1
36,Company_36,2015,1387.2,19.2,6545.4,
36,Company_36,2016,1614.4,18.5,5940.1,16.4
36,Company_36,2017,1695.7,20.0,6191.3,5.0
36,Company_36,2018,1863.5,21.6,7150.3,9.9
36,Company_36,2019,2041.6,20.5,9767.7,9.6
36,Company_36,2020,2216.1,24.1,10576.5,8.6
36,Company_36,2021,2385.2,28.6,9598.3,7.6
36,Company_36,2022,2390.3,26.9,10525.3,0.2
36,Company_36,2023,2744.7,28.2,16966.6,14.8
36,Company_36,2024,2901.3,28.0,15900.3,5.7
36,Company_36,2025,2872.1,29.2,11714.4,-1.0
37,Company_37,2015,8377.9,18.2,14923.9,
37,Company_37,2016,8220.4,21.9,29648.9,-1.9
37,Company_37,2017,7909.6,20.9,24590.5,-3.8
37,Company_37,2018,8190.8,15.8,12390.7,3.6
37,Company_37,2019,7818.9,19.1,19127.5,-4.5
37,Company_37,2020,7942.1,14.9,17657.4,1.6
37,Company_37,2021,6869.8,7.9,8351.7,-13.5
37,Company_37,2022,5289.1,7.3,7421.2,-23.0
37,Company_37,2023,4941.0,12.6,11406.9,-6.6
37,Company_37,2024,4776.1,13.0,10577.2,-3.3
37,Company_37,2025,4183.6,24.2,19649.3,-12.4
38,Company_38,2015,514.8,12.4,1244.3,
38,Company_38,2016,603.5,20.7,1747.2,17.2
38,Company_38,2017,634.6,25.0,2446.0,5.2
38,Company_38,2018,595.3,18.7,1787.2,-6.2
38,Company_38,2019,669.8,12.8,1170.5,12.5
38,Company_38,2020,757.7,12.9,973.6,13.1
38,Company_38,2021,872.9,5.8,587.2,15.2
38,Company_38,2022,928.4,4.4,732.1,6.4
38,Company_38,2023,931.9,0.9,94.6,0.4
38,Company_38,2024,1025.5,1.8,308.0,10.0
38,Company_38,2025,1039.9,2.9,481.9,1.4
39,Company_39,2015,809.3,3.2,357.9,
39,Company_39,2016,977.4,3.3,418.4,20.8
39,Company_39,2017,1078.3,-3.1,4921.7,10.3
39,Company_39,2018,1033.8,-0.8,4172.0,-4.1
39,Company_39,2019,1292.0,5.4,1057.0,25.0
39,Company_39,2020,1388.4,5.8,1000.5,7.5
39,Company_39,2021,1583.5,3.3,999.5,14.0
39,Company_39,2022,1867.7,5.8,1653.1,17.9
39,Company_39,2023,2118.0,9.4,2731.4,13.4
39,Company_39,2024,2395.7,8.4,2154.6,13.1
39,Company_39,2025,2744.5,4.8,2414.7,14.6
40,Company_40,2015,2337.7,4.0,1791.9,
40,Company_40,2016,2448.4,2.0,545.0,4.7
40,Company_40,2017,2489.8,-0.6,1709.9,1.7
40,Company_40,2018,2856.7,1.6,707.3,14.7
40,Company_40,2019,3110.5,3.3,1362.4,8.9
40,Company_40,2020,3003.0,1.6,464.0,-3.5
40,Company_40,2021,3397.6,1.7,1087.5,13.1
40,Company_40,2022,3602.6,-0.9,7336.3,6.0
40,Company_40,2023,3642.3,1.3,462.2,1.1
40,Company_40,2024,4002.7,3.4,2451.8,9.9
40,Company_40,2025,4126.1,0.7,266.1,3.1
41,Company_41,2015,7409.3,5.8,5982.6,
41,Company_41,2016,7477.9,11.2,13760.6,0.9
41,Company_41,2017,7116.3,7.6,8086.9,-4.8
41,Company_41,2018,7512.4,12.5,14477.0,5.6
41,Company_41,2019,7754.0,14.5,12294.7,3.2
41,Company_41,2020,7459.6,12.4,8666.2,-3.8
41,Company_41,2021,7613.6,15.6,20118.5,2.1
41,Company_41,2022,7691.9,12.4,9447.4,1.0
41,Company_41,2023,8198.6,10.9,13370.5,6.6
41,Company_41,2024,7708.9,7.6,4826.3,-6.0
41,Company_41,2025,6929.7,6.8,5147.9,-10.1
42,Company_42,2015,1946.2,2.4,654.5,
42,Company_42,2016,1798.1,2.7,900.2,-7.6
42,Company_42,2017,1747.1,1.2,420.6,-2.8
42,Company_42,2018,1371.7,-2.1,2640.1,-21.5
42,Company_42,2019,1306.3,-4.5,3262.6,-4.8
42,Company_42,2020,1213.0,-5.9,4799.3,-7.1
42,Company_42,2021,1012.6,-3.4,1486.9,-16.5
42,Company_42,2022,1013.3,0.8,130.6,0.1
42,Company_42,2023,943.3,-0.4,1033.7,-6.9
42,Company_42,2024,1012.9,-1.6,5053.6,7.4
42,Company_42,2025,922.7,-2.6,2524.7,-8.9
43,Company_43,2015,444.2,3.9,141.2,
43,Company_43,2016,458.3,-0.5,2237.4,3.2
43,Company_43,2017,437.7,1.9,155.5,-4.5
43,Company_43,2018,432.2,3.0,137.0,-1.2
43,Company_43,2019,380.2,1.4,101.0,-12.0
43,Company_43,2020,344.9,-1.7,1060.3,-9.3
43,Company_43,2021,352.3,-2.1,601.2,2.1
43,Company_43,2022,368.8,-2.3,1341.5,4.7
43,Company_43,2023,396.7,-3.1,1797.1,7.6
43,Company_43,2024,394.9,-0.7,1393.5,-0.5
43,Company_43,2025,423.4,-2.4,898.5,7.2
44,Company_44,2015,8643.8,26.4,36906.0,
44,Company_44,2016,9247.6,25.4,27131.5,7.0
44,Company_44,2017,8677.4,29.6,51957.2,-6.2
44,Company_44,2018,9498.1,27.7,35202.9,9.5
44,Company_44,2019,10238.6,28.4,66082.6,7.8
44,Company_44,2020,10346.8,29.7,52205.3,1.1
44,Company_44,2021,10763.5,32.2,84929.7,4.0
44,Company_44,2022,10424.8,32.2,38133.9,-3.1
44,Company_44,2023,11297.2,33.3,54234.6,8.4
44,Company_44,2024,11686.3,33.7,79382.4,3.4
44,Company_44,2025,11371.6,36.7,78853.3,-2.7
45,Company_45,2015,587.4,5.9,551.9,
45,Company_45,2016,598.7,2.6,301.2,1.9
45,Company_45,2017,595.0,1.7,116.1,-0.6
45,Company_45,2018,621.5,-0.1,1437.0,4.4
45,Company_45,2019,591.8,-0.7,1980.2,-4.8
45,Company_45,2020,653.1,0.1,10.6,10.4
45,Company_45,2021,639.7,-2.5,2096.2,-2.1
45,Company_45,2022,599.2,-0.8,531.6,-6.3
45,Company_45,2023,641.5,-2.7,2688.0,7.1
45,Company_45,2024,696.0,-1.4,3160.5,8.5
45,Company_45,2025,662.3,0.7,88.7,-4.9
46,Company_46,2015,8416.9,23.6,47471.5,
46,Company_46,2016,7862.8,26.0,45451.1,-6.6
46,Company_46,2017,8431.7,25.7,53617.4,7.2
46,Company_46,2018,8423.0,20.0,27396.1,-0.1
46,Company_46,2019,8719.7,20.5,20858.9,3.5
46,Company_46,2020,9670.3,18.2,18588.0,10.9
46,Company_46,2021,10179.9,17.4,25503.7,5.3
46,Company_46,2022,10076.9,18.1,22920.5,-1.0
46,Company_46,2023,11519.7,19.3,32876.0,14.3
46,Company_46,2024,11810.9,16.8,43341.7,2.5
46,Company_46,2025,12120.4,13.9,41685.9,2.6
47,Company_47,2015,209.6,6.1,317.4,
47,Company_47,2016,197.0,4.8,165.7,-6.0
47,Company_47,2017,200.4,4.7,129.7,1.7
47,Company_47,2018,207.7,3.9,180.8,3.6
47,Company_47,2019,227.9,2.9,119.4,9.7
47,Company_47,2020,250.5,-0.4,1088.6,9.9
47,Company_47,2021,256.1,-0.5,157.8,2.2
47,Company_47,2022,260.1,-5.8,516.8,1.6
47,Company_47,2023,284.0,-5.9,1399.4,9.2
47,Company_47,2024,305.5,-5.6,1154.8,7.6
47,Company_47,2025,296.1,-4.6,221.9,-3.1
48,Company_48,2015,1829.7,20.6,11120.4,
48,Company_48,2016,1912.2,17.1,7593.2,4.5
48,Company_48,2017,2298.5,20.1,14377.0,20.2
48,Company_48,2018,2707.9,14.6,9103.2,17.8
48,Company_48,2019,2764.0,12.1,6067.8,2.1
48,Company_48,2020,2951.5,17.2,11896.1,6.8
48,Company_48,2021,3253.3,23.7,20336.6,10.2
48,Company_48,2022,3510.1,23.3,24999.7,7.9
48,Company_48,2023,4266.2,24.9,28913.2,21.5
48,Company_48,2024,4449.2,21.0,25207.7,4.3
48,Company_48,2025,4740.9,23.5,17230.4,6.6
49,Company_49,2015,535.9,4.8,500.1,
49,Company_49,2016,548.2,3.6,267.9,2.3
49,Company_49,2017,467.7,6.4,572.1,-14.7
49,Company_49,2018,426.5,8.2,357.9,-8.8
49,Company_49,2019,420.8,9.7,755.3,-1.3
49,Company_49,2020,458.4,10.2,648.7,8.9
49,Company_49,2021,456.8,11.9,1098.3,-0.3
49,Company_49,2022,500.7,9.9,1224.8,9.6
49,Company_49,2023,545.2,8.9,1039.7,8.9
49,Company_49,2024,588.2,6.8,704.2,7.9
49,Company_49,2025,656.1,8.0,704.2,11.5
50,Company_50,2015,769.8,15.4,2774.2,
50,Company_50,2016,852.1,16.5,1712.0,10.7
50,Company_50,2017,991.9,20.9,3662.2,16.4
50,Company_50,2018,1095.6,21.5,2845.2,10.5
50,Company_50,2019,1240.8,23.2,3442.4,13.2
50,Company_50,2020,1240.0,24.8,7104.7,-0.1
50,Company_50,2021,1428.0,25.5,6635.6,15.2
50,Company_50,2022,1786.5,26.0,7860.8,25.1
50,Company_50,2023,1966.1,27.0,10843.2,10.1
50,Company_50,2024,2042.9,27.6,9095.7,3.9
50,Company_50,2025,2316.1,29.6,10905.2,13.4
51,Company_51,2015,119.0,9.7,214.5,
51,Company_51,2016,116.5,9.0,178.4,-2.1
51,Company_51,2017,127.5,7.9,104.7,9.5
51,Company_51,2018,145.4,9.6,139.1,14.0
51,Company_51,2019,158.6,4.1,81.5,9.0
51,Company_51,2020,173.8,3.0,91.2,9.6
51,Company_51,2021,218.8,3.7,110.8,25.9
51,Company_51,2022,246.4,2.3,67.7,12.6
51,Company_51,2023,262.8,0.3,7.1,6.6
51,Company_51,2024,277.0,-3.9,608.4,5.4
51,Company_51,2025,299.0,-6.5,370.6,7.9
52,Company_52,2015,1362.2,15.2,2314.3,
52,Company_52,2016,1275.2,16.2,2583.3,-6.4
52,Company_52,2017,1443.0,17.8,5058.9,13.2
52,Company_52,2018,1496.5,16.8,3548.3,3.7
52,Company_52,2019,1586.9,14.4,5547.6,6.0
52,Company_52,2020,1664.7,16.8,3608.7,4.9
52,Company_52,2021,1787.2,15.8,4145.7,7.4
52,Company_52,2022,1812.1,14.9,3233.0,1.4
52,Company_52,2023,2090.4,12.1,4826.8,15.4
52,Company_52,2024,2348.4,15.0,4463.9,12.3
52,Company_52,2025,2495.3,14.7,7005.2,6.3
53,Company_53,2015,831.2,10.0,735.2,
53,Company_53,2016,843.9,9.8,1086.0,1.5
53,Company_53,2017,825.1,10.2,925.4,-2.2
53,Company_53,2018,786.4,5.9,483.6,-4.7
53,Company_53,2019,808.6,4.7,527.2,2.8
53,Company_53,2020,809.3,5.5,590.9,0.1
53,Company_53,2021,794.7,8.0,712.5,-1.8
53,Company_53,2022,728.6,8.8,846.4,-8.3
53,Company_53,2023,681.8,6.5,656.8,-6.4
53,Company_53,2024,677.9,7.9,697.6,-0.6
53,Company_53,2025,656.7,9.4,730.7,-3.1
54,Company_54,2015,4068.0,18.8,18841.7,
54,Company_54,2016,4290.6,18.0,12695.7,5.5
54,Company_54,2017,5226.3,19.4,13132.8,21.8
54,Company_54,2018,5888.0,20.9,25557.4,12.7
54,Company_54,2019,6018.5,21.8,19068.4,2.2
54,Company_54,2020,6555.2,25.4,40924.2,8.9
54,Company_54,2021,7213.1,29.1,26990.4,10.0
54,Company_54,2022,8946.8,23.9,38048.8,24.0
54,Company_54,2023,10734.2,22.0,39066.1,20.0
54,Company_54,2024,11283.7,22.0,37001.2,5.1
54,Company_54,2025,13316.3,22.9,52639.8,18.0
55,Company_55,2015,713.6,12.1,1217.9,
55,Company_55,2016,662.8,11.6,706.1,-7.1
55,Company_55,2017,699.7,8.8,825.0,5.6
55,Company_55,2018,648.4,10.5,1043.6,-7.3
55,Company_55,2019,687.5,9.7,978.1,6.0
55,Company_55,2020,616.1,10.1,1199.1,-10.4
55,Company_55,2021,674.1,11.0,958.2,9.4
55,Company_55,2022,709.4,10.2,757.6,5.2
55,Company_55,2023,655.8,12.4,827.2,-7.5
55,Company_55,2024,600.6,12.2,995.7,-8.4
55,Company_55,2025,625.3,10.8,882.9,4.1
56,Company_56,2015,702.2,10.2,1034.9,
56,Company_56,2016,729.0,9.4,898.1,3.8
56,Company_56,2017,669.1,11.2,825.5,-8.2
56,Company_56,2018,720.9,10.0,776.0,7.7
56,Company_56,2019,756.3,9.8,838.1,4.9
56,Company_56,2020,720.2,9.6,834.0,-4.8
56,Company_56,2021,682.1,9.8,537.5,-5.3
56,Company_56,2022,673.7,9.2,921.1,-1.2
56,Company_56,2023,694.0,11.2,1093.3,3.0
56,Company_56,2024,710.2,11.1,1012.6,2.3
56,Company_56,2025,774.0,10.7,1141.1,9.0
57,Company_57,2015,828.6,4.5,521.1,
57,Company_57,2016,818.8,4.3,461.1,-1.2
57,Company_57,2017,754.0,3.5,216.2,-7.9
57,Company_57,2018,874.0,3.2,331.2,15.9
57,Company_57,2019,950.4,0.9,120.7,8.7
57,Company_57,2020,913.9,-1.6,1604.4,-3.8
57,Company_57,2021,946.6,-5.9,1575.6,3.6
57,Company_57,2022,975.2,-4.6,514.7,3.0
57,Company_57,2023,1123.9,-5.3,4269.9,15.2
57,Company_57,2024,1084.2,-1.6,1650.9,-3.5
57,Company_57,2025,1102.7,-1.5,3585.0,1.7
58,Company_58,2015,362.5,4.7,240.7,
58,Company_58,2016,406.5,7.9,596.7,12.2
58,Company_58,2017,442.9,5.5,271.6,8.9
58,Company_58,2018,471.1,3.1,211.4,6.4
58,Company_58,2019,526.5,1.7,85.1,11.8
58,Company_58,2020,537.3,2.3,211.6,2.1
58,Company_58,2021,626.4,5.3,429.1,16.6
58,Company_58,2022,652.9,4.7,609.2,4.2
58,Company_58,2023,711.0,0.4,55.0,8.9
58,Company_58,2024,739.7,-1.5,1102.5,4.0
58,Company_58,2025,742.1,0.8,93.4,0.3
59,Company_59,2015,643.4,12.2,665.1,
59,Company_59,2016,583.9,13.8,814.1,-9.2
59,Company_59,2017,660.0,13.2,1116.4,13.0
59,Company_59,2018,738.0,12.9,981.2,11.8
59,Company_59,2019,849.8,14.4,1423.3,15.2
59,Company_59,2020,740.3,12.7,1054.9,-12.9
59,Company_59,2021,743.9,12.2,1237.6,0.5
59,Company_59,2022,761.4,15.0,1277.7,2.4
59,Company_59,2023,706.8,15.3,1195.0,-7.2
59,Company_59,2024,650.2,14.6,826.2,-8.0
59,Company_59,2025,657.1,13.4,1238.7,1.1
60,Company_60,2015,915.8,8.7,1574.0,
60,Company_60,2016,1089.8,12.0,1284.6,19.0
60,Company_60,2017,1139.1,13.4,2200.0,4.5
60,Company_60,2018,1302.3,13.2,2927.8,14.3
60,Company_60,2019,1159.5,16.7,3338.1,-11.0
60,Company_60,2020,1175.1,15.7,3175.4,1.3
60,Company_60,2021,1045.1,16.3,3321.0,-11.1
60,Company_60,2022,1153.7,12.4,1524.1,10.4
60,Company_60,2023,1169.2,10.2,2207.8,1.3
60,Company_60,2024,1211.5,8.9,953.1,3.6
60,Company_60,2025,1335.2,6.0,1320.5,10.2
61,Company_61,2015,1921.2,11.3,4407.9,
61,Company_61,2016,1967.2,12.4,4267.3,2.4
61,Company_61,2017,2076.0,11.7,2559.7,5.5
61,Company_61,2018,2031.9,11.7,2430.0,-2.1
61,Company_61,2019,2047.0,13.4,6420.3,0.7
61,Company_61,2020,2328.3,10.1,5428.6,13.7
61,Company_61,2021,2499.7,7.1,3574.8,7.4
61,Company_61,2022,2636.7,6.0,2945.2,5.5
61,Company_61,2023,2760.8,4.1,1921.5,4.7
61,Company_61,2024,2937.6,2.9,1006.9,6.4
61,Company_61,2025,3061.3,0.4,222.0,4.2
62,Company_62,2015,2955.8,17.6,17077.6,
62,Company_62,2016,3073.2,20.3,12745.9,4.0
62,Company_62,2017,3615.4,22.9,17389.5,17.6
62,Company_62,2018,4131.5,27.2,22211.7,14.3
62,Company_62,2019,4531.9,26.8,36043.5,9.7
62,Company_62,2020,5322.5,25.8,31526.8,17.4
62,Company_62,2021,6220.5,26.5,29217.3,16.9
62,Company_62,2022,7338.6,24.4,44249.0,18.0
62,Company_62,2023,8306.3,28.6,41673.3,13.2
62,Company_62,2024,9208.2,27.6,57946.1,10.9
62,Company_62,2025,10231.1,27.8,79270.5,11.1
63,Company_63,2015,854.0,15.8,1637.2,
63,Company_63,2016,845.2,16.6,1900.9,-1.0
63,Company_63,2017,882.9,17.4,2564.5,4.5
63,Company_63,2018,867.4,20.0,4325.6,-1.8
63,Company_63,2019,945.1,19.5,3839.0,9.0
63,Company_63,2020,1011.3,16.8,2325.2,7.0
63,Company_63,2021,1135.4,18.2,2468.3,12.3
63,Company_63,2022,1157.7,22.4,5624.9,2.0
63,Company_63,2023,1239.1,21.1,4651.3,7.0
63,Company_63,2024,1262.4,21.5,6659.4,1.9
63,Company_63,2025,1282.8,22.9,5652.2,1.6
64,Company_64,2015,1334.6,10.0,2949.3,
64,Company_64,2016,1432.6,8.3,2782.2,7.3
64,Company_64,2017,1366.9,10.7,2209.5,-4.6
64,Company_64,2018,1456.8,7.7,2762.4,6.6
64,Company_64,2019,1514.3,6.4,2388.3,3.9
64,Company_64,2020,1694.8,4.3,741.6,11.9
64,Company_64,2021,1757.3,4.8,1898.1,3.7
64,Company_64,2022,1736.7,6.2,1592.7,-1.2
64,Company_64,2023,1883.8,4.7,1728.6,8.5
64,Company_64,2024,2018.6,2.9,1390.8,7.2
64,Company_64,2025,2299.3,4.9,1570.0,13.9
65,Company_65,2015,817.4,4.4,695.8,
65,Company_65,2016,787.0,5.0,351.7,-3.7
65,Company_65,2017,737.9,1.6,172.0,-6.2
65,Company_65,2018,733.2,0.5,55.4,-0.6
65,Company_65,2019,777.3,1.1,154.9,6.0
65,Company_65,2020,805.1,0.2,29.1,3.6
65,Company_65,2021,868.3,-2.3,3862.1,7.9
65,Company_65,2022,824.0,-5.3,1095.9,-5.1
65,Company_65,2023,831.9,-4.9,2901.7,1.0
65,Company_65,2024,803.7,-7.6,3361.5,-3.4
65,Company_65,2025,814.4,-4.4,1099.8,1.3
66,Company_66,2015,1300.1,16.3,3140.1,
66,Company_66,2016,1318.3,17.0,4211.8,1.4
66,Company_66,2017,1412.6,18.9,5234.5,7.2
66,Company_66,2018,1500.0,21.3,5453.6,6.2
66,Company_66,2019,1478.9,22.4,5821.7,-1.4
66,Company_66,2020,1550.4,26.6,9831.8,4.8
66,Company_66,2021,1727.3,25.8,6331.7,11.4
66,Company_66,2022,1843.0,27.8,7673.1,6.7
66,Company_66,2023,1942.5,25.0,4973.3,5.4
66,Company_66,2024,1994.4,24.5,5636.5,2.7
66,Company_66,2025,1995.3,24.5,7197.9,0.0
67,Company_67,2015,639.3,12.0,1614.5,
67,Company_67,2016,604.3,9.5,770.6,-5.5
67,Company_67,2017,602.9,7.3,657.0,-0.2
67,Company_67,2018,529.5,6.5,430.3,-12.2
67,Company_67,2019,496.6,9.0,684.4,-6.2
67,Company_67,2020,501.3,12.0,863.6,0.9
67,Company_67,2021,513.1,12.8,1025.8,2.4
67,Company_67,2022,460.6,10.0,436.1,-10.2
67,Company_67,2023,471.2,7.9,799.9,2.3
67,Company_67,2024,480.9,7.7,659.5,2.1
67,Company_67,2025,462.2,4.7,324.8,-3.9
68,Company_68,2015,3341.8,9.4,5715.5,
68,Company_68,2016,3628.2,13.9,7620.8,8.6
68,Company_68,2017,3734.4,9.4,4024.8,2.9
68,Company_68,2018,3882.8,12.5,4369.0,4.0
68,Company_68,2019,4058.2,12.7,10734.5,4.5
68,Company_68,2020,4511.8,12.5,9834.6,11.2
68,Company_68,2021,4263.0,18.2,10081.1,-5.5
68,Company_68,2022,4684.4,20.7,12332.7,9.9
68,Company_68,2023,5804.1,26.1,23967.1,23.9
68,Company_68,2024,5807.9,26.5,21197.6,0.1
68,Company_68,2025,6162.4,29.3,31706.9,6.1
69,Company_69,2015,5387.6,31.0,13845.7,
69,Company_69,2016,5709.2,29.1,24954.9,6.0
69,Company_69,2017,6774.6,26.5,24959.3,18.7
69,Company_69,2018,6470.7,27.4,28381.1,-4.5
69,Company_69,2019,7215.2,30.9,36898.4,11.5
69,Company_69,2020,7640.0,22.3,26006.7,5.9
69,Company_69,2021,7911.5,23.1,30386.3,3.6
69,Company_69,2022,8509.7,21.1,19982.8,7.6
69,Company_69,2023,9383.6,28.1,41719.8,10.3
69,Company_69,2024,10374.9,32.1,41053.2,10.6
69,Company_69,2025,10995.3,29.4,44934.3,6.0
70,Company_70,2015,905.6,3.2,488.2,
70,Company_70,2016,938.2,1.3,286.2,3.6
70,Company_70,2017,1113.5,0.1,18.2,18.7
70,Company_70,2018,1283.9,0.0,9.8,15.3
70,Company_70,2019,1441.4,1.5,285.1,12.3
70,Company_70,2020,1596.1,3.1,545.1,10.7
70,Company_70,2021,1825.8,3.5,1574.3,14.4
70,Company_70,2022,2138.4,2.2,1007.7,17.1
70,Company_70,2023,2218.5,3.2,1325.4,3.7
70,Company_70,2024,2277.8,4.0,2041.4,2.7
70,Company_70,2025,2379.3,1.1,328.7,4.5
71,Company_71,2015,1913.8,9.2,3097.4,
71,Company_71,2016,2343.3,10.8,2641.0,22.4
71,Company_71,2017,2780.0,6.8,4553.2,18.6
71,Company_71,2018,2841.1,5.5,1769.3,2.2
71,Company_71,2019,3023.0,9.5,5752.2,6.4
71,Company_71,2020,2898.6,13.8,8695.2,-4.1
71,Company_71,2021,3290.5,12.2,6673.4,13.5
71,Company_71,2022,3212.1,9.4,4839.2,-2.4
71,Company_71,2023,3734.5,11.0,4668.4,16.3
71,Company_71,2024,4047.6,10.7,5604.6,8.4
71,Company_71,2025,4797.4,7.5,6447.0,18.5
72,Company_72,2015,695.7,8.1,477.5,
72,Company_72,2016,705.3,7.5,619.4,1.4
72,Company_72,2017,750.2,8.4,683.9,6.4
72,Company_72,2018,866.7,8.1,741.7,15.5
72,Company_72,2019,857.8,7.2,597.1,-1.0
72,Company_72,2020,672.4,7.0,451.0,-21.6
72,Company_72,2021,595.2,8.4,714.3,-11.5
72,Company_72,2022,604.5,7.9,670.6,1.5
72,Company_72,2023,603.7,8.6,672.3,-0.1
72,Company_72,2024,646.1,9.6,772.7,7.0
72,Company_72,2025,705.0,8.7,714.5,9.1
73,Company_73,2015,957.1,11.0,2098.3,
73,Company_73,2016,1079.8,10.3,1277.6,12.8
73,Company_73,2017,1122.7,4.8,761.8,4.0
73,Company_73,2018,1219.9,8.0,1139.1,8.7
73,Company_73,2019,1129.6,7.3,1618.8,-7.4
73,Company_73,2020,1201.1,6.7,1099.3,6.3
73,Company_73,2021,1229.8,10.7,1582.1,2.4
73,Company_73,2022,1435.5,9.8,2703.0,16.7
73,Company_73,2023,1796.1,4.2,1482.2,25.1
73,Company_73,2024,1761.1,5.9,943.0,-1.9
73,Company_73,2025,2043.7,2.1,430.2,16.1
74,Company_74,2015,1299.1,-9.8,4682.1,
74,Company_74,2016,1337.9,-4.1,2513.6,3.0
74,Company_74,2017,1421.7,-10.3,2533.6,6.3
74,Company_74,2018,1743.6,-11.0,1105.6,22.6
74,Company_74,2019,1885.8,-20.0,8028.0,8.2
74,Company_74,2020,2086.8,-13.0,5565.9,10.7
74,Company_74,2021,2381.8,-16.3,4128.6,14.1
74,Company_74,2022,2411.5,-8.7,9399.6,1.2
74,Company_74,2023,2678.4,1.3,453.7,11.1
74,Company_74,2024,3009.2,5.9,2490.4,12.4
74,Company_74,2025,3541.1,1.9,995.1,17.7
75,Company_75,2015,2564.9,23.8,20223.7,
75,Company_75,2016,2666.7,24.1,17911.9,4.0
75,Company_75,2017,2738.8,21.4,12908.2,2.7
75,Company_75,2018,2896.8,18.0,12729.5,5.8
75,Company_75,2019,3115.3,19.0,12995.2,7.5
75,Company_75,2020,3457.9,23.5,25560.9,11.0
75,Company_75,2021,3282.4,20.2,19123.8,-5.1
75,Company_75,2022,3627.0,24.1,13481.3,10.5
75,Company_75,2023,4008.9,23.0,26787.1,10.5
75,Company_75,2024,4596.4,21.5,27413.8,14.7
75,Company_75,2025,5019.2,17.6,22242.3,9.2
76,Company_76,2015,9269.0,26.3,51290.0,
76,Company_76,2016,11137.3,23.5,52036.4,20.2
76,Company_76,2017,11684.5,23.6,55595.7,4.9
76,Company_76,2018,14357.6,23.6,102004.7,22.9
76,Company_76,2019,14167.5,20.7,93006.1,-1.3
76,Company_76,2020,14102.4,25.9,93417.8,-0.5
76,Company_76,2021,14135.0,27.1,117885.6,0.2
76,Company_76,2022,14632.2,30.9,120517.5,3.5
76,Company_76,2023,15485.0,28.9,82680.8,5.8
76,Company_76,2024,19125.8,30.6,143103.0,23.5
76,Company_76,2025,22155.4,34.2,248688.0,15.8
77,Company_77,2015,401.5,11.0,509.5,
77,Company_77,2016,425.4,10.6,617.5,6.0
77,Company_77,2017,428.7,10.7,514.9,0.8
77,Company_77,2018,435.5,7.8,383.2,1.6
77,Company_77,2019,428.2,9.0,523.8,-1.7
77,Company_77,2020,433.9,6.7,285.1,1.3
77,Company_77,2021,460.0,2.4,146.0,6.0
77,Company_77,2022,463.6,2.7,108.4,0.8
77,Company_77,2023,402.9,2.9,139.6,-13.1
77,Company_77,2024,430.2,2.4,108.6,6.8
77,Company_77,2025,422.1,2.5,134.8,-1.9
78,Company_78,2015,7845.4,18.7,31400.6,
78,Company_78,2016,7769.6,18.6,40134.2,-1.0
78,Company_78,2017,8045.8,19.1,41659.5,3.6
78,Company_78,2018,8095.0,16.6,25758.2,0.6
78,Company_78,2019,7895.9,17.8,23321.4,-2.5
78,Company_78,2020,7708.1,14.8,25339.5,-2.4
78,Company_78,2021,7244.3,17.2,19433.6,-6.0
78,Company_78,2022,6543.6,13.7,14592.3,-9.7
78,Company_78,2023,7855.9,12.7,18804.1,20.1
78,Company_78,2024,7885.3,9.4,14345.5,0.4
78,Company_78,2025,6942.5,11.1,17699.7,-12.0
79,Company_79,2015,6798.8,20.2,29760.3,
79,Company_79,2016,7030.6,20.5,25573.2,3.4
79,Company_79,2017,6747.7,21.0,23124.7,-4.0
79,Company_79,2018,6872.2,23.0,32063.3,1.8
79,Company_79,2019,7628.0,25.9,38146.6,11.0
79,Company_79,2020,8285.4,24.9,26329.9,8.6
79,Company_79,2021,9488.3,26.4,29897.9,14.5
79,Company_79,2022,9571.5,33.1,55997.4,0.9
79,Company_79,2023,9149.2,30.8,50032.6,-4.4
79,Company_79,2024,10460.7,30.3,61018.1,14.3
79,Company_79,2025,10727.6,31.3,61574.7,2.6
80,Company_80,2015,1629.6,9.5,1488.8,
80,Company_80,2016,1359.1,11.6,1558.5,-16.6
80,Company_80,2017,1308.0,11.4,1576.0,-3.8
80,Company_80,2018,1178.7,9.1,1489.2,-9.9
80,Company_80,2019,1130.3,5.4,697.0,-4.1
80,Company_80,2020,1056.8,4.8,560.6,-6.5
80,Company_80,2021,1176.3,4.9,793.5,11.3
80,Company_80,2022,1232.7,2.1,368.4,4.8
80,Company_80,2023,1390.1,2.4,482.9,12.8
80,Company_80,2024,1445.1,2.6,525.8,4.0
80,Company_80,2025,1519.0,3.7,477.5,5.1
81,Company_81,2015,5337.6,7.1,7114.3,
81,Company_81,2016,5184.6,7.4,9571.8,-2.9
81,Company_81,2017,5348.2,9.6,12388.9,3.2
81,Company_81,2018,5138.5,6.2,5638.4,-3.9
81,Company_81,2019,5404.0,9.3,5872.7,5.2
81,Company_81,2020,5265.6,6.4,7115.5,-2.6
81,Company_81,2021,5335.4,7.6,8131.7,1.3
81,Company_81,2022,5916.6,8.0,5263.3,10.9
81,Company_81,2023,6105.8,8.8,6299.8,3.2
81,Company_81,2024,5619.8,8.1,9082.2,-8.0
81,Company_81,2025,5215.9,6.5,4968.9,-7.2
82,Company_82,2015,2889.4,19.7,18346.2,
82,Company_82,2016,3155.3,22.4,11390.7,9.2
82,Company_82,2017,3269.8,17.6,11670.1,3.6
82,Company_82,2018,3560.2,19.8,11579.4,8.9
82,Company_82,2019,4060.4,22.2,25590.1,14.0
82,Company_82,2020,4286.7,22.2,21085.3,5.6
82,Company_82,2021,4866.4,23.2,24645.7,13.5
82,Company_82,2022,5615.6,29.8,50158.5,15.4
82,Company_82,2023,5740.8,29.7,51747.1,2.2
82,Company_82,2024,6029.2,31.1,63287.9,5.0
82,Company_82,2025,6096.2,34.4,43066.8,1.1
83,Company_83,2015,2584.0,8.5,3676.8,
83,Company_83,2016,2514.4,8.7,2198.8,-2.7
83,Company_83,2017,2454.3,9.2,2808.5,-2.4
83,Company_83,2018,2992.0,7.0,2644.8,21.9
83,Company_83,2019,3249.0,5.1,2729.2,8.6
83,Company_83,2020,3550.8,4.3,3542.7,9.3
83,Company_83,2021,3548.4,6.6,4566.4,-0.1
83,Company_83,2022,3815.3,5.3,3533.8,7.5
83,Company_83,2023,3686.4,5.3,3502.8,-3.4
83,Company_83,2024,3880.7,7.1,4141.9,5.3
83,Company_83,2025,3696.9,10.3,3804.9,-4.7
84,Company_84,2015,1992.8,11.8,3256.2,
84,Company_84,2016,1793.0,9.1,3780.2,-10.0
84,Company_84,2017,2198.9,10.9,3760.6,22.6
84,Company_84,2018,2350.7,13.5,6095.2,6.9
84,Company_84,2019,2771.7,11.3,6868.7,17.9
84,Company_84,2020,2581.2,10.3,3449.3,-6.9
84,Company_84,2021,3333.6,14.1,9279.3,29.1
84,Company_84,2022,3018.3,13.0,6265.3,-9.5
84,Company_84,2023,3258.5,10.7,7645.1,8.0
84,Company_84,2024,3753.4,7.3,6335.6,15.2
84,Company_84,2025,4337.2,6.0,2769.7,15.6
85,Company_85,2015,1474.6,4.8,573.7,
85,Company_85,2016,1617.4,8.4,1719.8,9.7
85,Company_85,2017,1749.9,7.4,1693.4,8.2
85,Company_85,2018,1805.3,4.6,837.0,3.2
85,Company_85,2019,1954.1,3.1,1262.1,8.2
85,Company_85,2020,2031.4,3.8,660.8,4.0
85,Company_85,2021,1992.5,2.8,661.3,-1.9
85,Company_85,2022,1960.6,3.9,1562.6,-1.6
85,Company_85,2023,2104.6,6.2,1399.3,7.3
85,Company_85,2024,2181.7,2.5,1038.9,3.7
85,Company_85,2025,2382.0,-0.5,4128.1,9.2
86,Company_86,2015,2457.6,9.2,4290.3,
86,Company_86,2016,2711.0,10.7,3956.2,10.3
86,Company_86,2017,2964.3,11.5,4396.8,9.3
86,Company_86,2018,2901.7,12.7,5272.5,-2.1
86,Company_86,2019,3115.3,13.1,3740.4,7.4
86,Company_86,2020,3206.3,13.0,8221.1,2.9
86,Company_86,2021,3123.9,14.9,5954.6,-2.6
86,Company_86,2022,3848.7,12.8,7705.0,23.2
86,Company_86,2023,3339.7,9.4,4066.8,-13.2
86,Company_86,2024,3270.2,10.7,5383.4,-2.1
86,Company_86,2025,3293.6,10.0,3056.2,0.7
87,Company_87,2015,40779.1,13.1,184035.7,
87,Company_87,2016,41951.7,17.0,150448.9,2.9
87,Company_87,2017,45234.9,17.3,162630.5,7.8
87,Company_87,2018,42978.9,19.6,126351.1,-5.0
87,Company_87,2019,47726.3,19.4,264896.4,11.0
87,Company_87,2020,49235.5,20.7,211761.8,3.2
87,Company_87,2021,55091.2,21.9,258991.3,11.9
87,Company_87,2022,58606.6,19.8,263367.8,6.4
87,Company_87,2023,50938.2,16.1,131534.7,-13.1
87,Company_87,2024,54017.5,14.8,248985.2,6.0
87,Company_87,2025,58549.7,16.8,155521.9,8.4
88,Company_88,2015,852.2,9.8,939.5,
88,Company_88,2016,920.0,10.3,2066.3,8.0
88,Company_88,2017,973.4,8.7,1832.5,5.8
88,Company_88,2018,1035.9,6.7,723.8,6.4
88,Company_88,2019,1046.9,10.5,885.1,1.1
88,Company_88,2020,1065.2,6.5,1428.5,1.8
88,Company_88,2021,1233.2,5.3,846.0,15.8
88,Company_88,2022,1242.6,6.8,922.8,0.8
88,Company_88,2023,1289.0,3.1,594.8,3.7
88,Company_88,2024,1535.7,3.1,468.5,19.1
88,Company_88,2025,1624.2,0.5,89.4,5.8
89,Company_89,2015,1212.2,14.3,1500.4,
89,Company_89,2016,1378.9,14.0,1654.7,13.8
89,Company_89,2017,1310.7,15.1,2507.8,-5.0
89,Company_89,2018,1209.5,15.3,2000.8,-7.7
89,Company_89,2019,1355.0,12.9,2104.8,12.0
89,Company_89,2020,1292.0,15.3,2737.4,-4.7
89,Company_89,2021,1570.4,11.9,2792.0,21.5
89,Company_89,2022,1795.1,10.8,2195.0,14.3
89,Company_89,2023,1553.7,14.3,2238.3,-13.4
89,Company_89,2024,1471.5,15.6,1945.1,-5.3
89,Company_89,2025,1668.6,17.1,2873.0,13.4
90,Company_90,2015,6916.8,-3.4,28583.5,
90,Company_90,2016,6855.9,0.1,89.9,-0.9
90,Company_90,2017,6716.7,-0.7,27034.4,-2.0
90,Company_90,2018,5243.3,-1.2,7148.0,-21.9
90,Company_90,2019,5451.1,-9.5,17141.6,4.0
90,Company_90,2020,5827.1,-11.0,19596.3,6.9
90,Company_90,2021,6146.6,-8.8,8709.7,5.5
90,Company_90,2022,6385.3,-0.8,21545.5,3.9
90,Company_90,2023,7185.8,6.7,4773.1,12.5
90,Company_90,2024,7212.4,2.0,1743.4,0.4
90,Company_90,2025,6572.5,-3.4,3945.0,-8.9
91,Company_91,2015,4079.5,13.4,10403.9,
91,Company_91,2016,3953.1,17.1,11633.2,-3.1
91,Company_91,2017,4026.8,21.8,11827.8,1.9
91,Company_91,2018,3799.5,25.6,9842.8,-5.6
91,Company_91,2019,4066.6,26.9,10704.0,7.0
91,Company_91,2020,3912.2,28.0,10531.7,-3.8
91,Company_91,2021,3378.5,30.2,12262.6,-13.6
91,Company_91,2022,3356.1,32.7,13292.0,-0.7
91,Company_91,2023,3120.0,31.2,20745.8,-7.0
91,Company_91,2024,2929.0,34.1,12112.7,-6.1
91,Company_91,2025,2792.0,33.3,7690.1,-4.7
92,Company_92,2015,3287.7,17.2,10762.0,
92,Company_92,2016,3113.9,17.1,8279.1,-5.3
92,Company_92,2017,3308.0,17.7,12522.8,6.2
92,Company_92,2018,3535.7,17.8,12302.3,6.9
92,Company_92,2019,3469.5,14.9,7023.6,-1.9
92,Company_92,2020,3826.7,15.1,10143.2,10.3
92,Company_92,2021,3424.6,20.4,12158.3,-10.5
92,Company_92,2022,3108.8,24.4,14990.6,-9.2
92,Company_92,2023,2553.3,23.8,14782.7,-17.9
92,Company_92,2024,2659.1,23.9,6961.7,4.1
92,Company_92,2025,2801.1,23.9,12657.6,5.3
93,Company_93,2015,835.3,7.8,1321.5,
93,Company_93,2016,763.6,9.7,1457.2,-8.6
93,Company_93,2017,752.3,10.9,1087.2,-1.5
93,Company_93,2018,748.0,11.9,978.4,-0.6
93,Company_93,2019,722.1,12.0,1954.3,-3.5
93,Company_93,2020,629.2,10.3,1435.1,-12.9
93,Company_93,2021,593.9,7.6,755.5,-5.6
93,Company_93,2022,545.7,6.2,709.7,-8.1
93,Company_93,2023,516.7,8.6,1065.2,-5.3
93,Company_93,2024,468.8,7.9,491.2,-9.3
93,Company_93,2025,502.4,7.1,418.4,7.1
94,Company_94,2015,352.1,12.7,621.3,
94,Company_94,2016,325.3,9.4,248.4,-7.6
94,Company_94,2017,319.9,9.4,373.8,-1.6
94,Company_94,2018,332.7,8.8,332.4,4.0
94,Company_94,2019,343.6,9.0,411.7,3.3
94,Company_94,2020,327.4,9.1,379.3,-4.7
94,Company_94,2021,331.0,8.4,369.7,1.1
94,Company_94,2022,359.3,6.4,232.9,8.6
94,Company_94,2023,314.5,6.8,181.2,-12.5
94,Company_94,2024,302.0,5.3,217.3,-4.0
94,Company_94,2025,275.3,5.0,159.5,-8.8
95,Company_95,2015,877.3,10.9,1130.9,
95,Company_95,2016,879.1,9.0,1482.8,0.2
95,Company_95,2017,977.1,8.1,1613.3,11.1
95,Company_95,2018,1003.1,9.3,2297.2,2.7
95,Company_95,2019,1022.1,8.0,1529.2,1.9
95,Company_95,2020,1121.3,10.4,2287.0,9.7
95,Company_95,2021,1205.3,10.9,1740.3,7.5
95,Company_95,2022,1265.3,14.0,3168.0,5.0
95,Company_95,2023,1296.1,14.5,3545.1,2.4
95,Company_95,2024,1310.8,15.2,3816.5,1.1
95,Company_95,2025,1350.4,16.5,3276.8,3.0
96,Company_96,2015,1077.2,-0.1,4533.2,
96,Company_96,2016,1302.2,1.6,332.7,20.9
96,Company_96,2017,1467.0,1.2,286.4,12.7
96,Company_96,2018,1461.3,4.2,1136.5,-0.4
96,Company_96,2019,1586.6,1.9,623.2,8.6
96,Company_96,2020,1640.7,0.2,46.8,3.4
96,Company_96,2021,1784.3,4.6,1169.4,8.8
96,Company_96,2022,2011.1,0.4,107.4,12.7
96,Company_96,2023,2151.1,-2.8,9512.0,7.0
96,Company_96,2024,2005.8,-1.9,6096.3,-6.8
96,Company_96,2025,2353.3,-2.3,8796.6,17.3
97,Company_97,2015,858.8,9.8,1346.1,
97,Company_97,2016,953.2,10.0,1621.0,11.0
97,Company_97,2017,1040.8,11.0,1867.0,9.2
97,Company_97,2018,1170.1,12.6,1919.0,12.4
97,Company_97,2019,1360.4,11.0,2235.6,16.3
97,Company_97,2020,1673.5,11.0,3764.5,23.0
97,Company_97,2021,1718.0,10.5,4322.7,2.7
97,Company_97,2022,1982.3,9.1,2581.8,15.4
97,Company_97,2023,2233.1,7.2,3883.8,12.7
97,Company_97,2024,2299.9,12.1,6873.0,3.0
97,Company_97,2025,2594.3,12.7,5216.3,12.8
98,Company_98,2015,8542.9,18.1,22073.8,
98,Company_98,2016,8068.5,12.7,13202.0,-5.6
98,Company_98,2017,10781.9,12.6,13665.7,33.6
98,Company_98,2018,12412.2,11.7,22670.4,15.1
98,Company_98,2019,13760.5,7.0,10839.3,10.9
98,Company_98,2020,14264.4,3.5,8843.2,3.7
98,Company_98,2021,13814.3,5.2,11818.8,-3.2
98,Company_98,2022,15491.2,7.2,10192.5,12.1
98,Company_98,2023,17635.2,4.3,14530.8,13.8
98,Company_98,2024,20599.5,7.6,23344.7,16.8
98,Company_98,2025,22508.4,8.5,27431.6,9.3
99,Company_99,2015,4125.2,13.9,9017.5,
99,Company_99,2016,4909.8,13.7,15954.4,19.0
99,Company_99,2017,5255.0,11.3,6288.3,7.0
99,Company_99,2018,5580.7,8.4,5865.1,6.2
99,Company_99,2019,6399.4,0.8,1003.3,14.7
99,Company_99,2020,7089.7,-1.0,12770.8,10.8
99,Company_99,2021,7342.0,2.8,4284.7,3.6
99,Company_99,2022,8201.5,2.4,4810.6,11.7
99,Company_99,2023,9415.2,4.2,7575.4,14.8
99,Company_99,2024,9478.2,8.7,15159.4,0.7
99,Company_99,2025,10538.8,4.3,10314.9,11.2
100,Company_100,2015,927.2,0.5,54.8,
100,Company_100,2016,895.2,-3.3,4098.7,-3.5
100,Company_100,2017,886.5,-2.5,3216.8,-1.0
100,Company_100,2018,926.8,0.1,7.9,4.6
100,Company_100,2019,1026.2,-3.7,3103.0,10.7
100,Company_100,2020,1157.4,-6.3,3251.7,12.8
100,Company_100,2021,1267.4,-6.0,4679.1,9.5
100,Company_100,2022,1390.5,-9.5,3468.3,9.7
100,Company_100,2023,1429.8,-8.0,1079.8,2.8
100,Company_100,2024,1520.2,-7.5,5307.9,6.3
100,Company_100,2025,1664.3,-6.8,2976.8,9.5
101,Company_101,2015,6685.4,-7.7,12395.7,
101,Company_101,2016,6172.2,1.2,1365.3,-7.7
101,Company_101,2017,5670.1,0.5,529.1,-8.1
101,Company_101,2018,4879.8,-1.8,17836.5,-13.9
101,Company_101,2019,4649.0,-6.5,7132.6,-4.7
101,Company_101,2020,4074.2,-12.4,10260.5,-12.4
101,Company_101,2021,3677.6,-13.9,6079.6,-9.7
101,Company_101,2022,3562.6,-14.3,14818.2,-3.1
101,Company_101,2023,2993.9,-20.0,10791.6,-16.0
101,Company_101,2024,2564.4,-20.0,8369.8,-14.3
101,Company_101,2025,2230.7,-20.0,2914.0,-13.0
102,Company_102,2015,881.8,5.3,976.3,
102,Company_102,2016,860.2,6.0,874.4,-2.5
102,Company_102,2017,853.4,6.9,1178.9,-0.8
102,Company_102,2018,971.7,6.3,992.5,13.9
102,Company_102,2019,1059.8,4.3,785.0,9.1
102,Company_102,2020,1174.7,4.3,591.1,10.8
102,Company_102,2021,1252.9,6.1,842.0,6.7
102,Company_102,2022,1189.7,4.3,995.4,-5.0
102,Company_102,2023,1370.3,4.1,850.5,15.2
102,Company_102,2024,1493.7,1.5,279.9,9.0
102,Company_102,2025,1463.2,1.6,282.1,-2.0
103,Company_103,2015,1030.9,7.7,1725.4,
103,Company_103,2016,1010.8,7.5,1069.2,-1.9
103,Company_103,2017,1114.7,4.4,1082.8,10.3
103,Company_103,2018,1207.6,5.2,881.9,8.3
103,Company_103,2019,1177.2,6.0,1416.4,-2.5
103,Company_103,2020,1097.0,6.5,1265.3,-6.8
103,Company_103,2021,1156.6,6.9,1238.7,5.4
103,Company_103,2022,1155.4,8.7,1177.5,-0.1
103,Company_103,2023,1017.8,10.7,2033.3,-11.9
103,Company_103,2024,1178.2,9.1,1891.2,15.8
103,Company_103,2025,1304.8,7.7,1112.2,10.7
104,Company_104,2015,2890.8,17.2,14031.2,
104,Company_104,2016,3349.7,17.2,10274.0,15.9
104,Company_104,2017,3438.6,16.6,14029.3,2.7
104,Company_104,2018,3854.2,20.4,15893.0,12.1
104,Company_104,2019,4776.8,24.2,20375.8,23.9
104,Company_104,2020,5533.6,23.6,38544.1,15.8
104,Company_104,2021,6596.3,22.2,34474.5,19.2
104,Company_104,2022,7693.9,25.6,54760.8,16.6
104,Company_104,2023,8661.0,29.1,87550.6,12.6
104,Company_104,2024,9183.3,31.3,85307.8,6.0
104,Company_104,2025,9998.8,27.0,84911.5,8.9
105,Company_105,2015,17580.7,8.8,19702.2,
105,Company_105,2016,19168.5,6.7,24627.5,9.0
105,Company_105,2017,21285.4,5.1,15928.8,11.0
105,Company_105,2018,23136.8,4.0,16115.6,8.7
105,Company_105,2019,23254.1,8.7,24902.5,0.5
105,Company_105,2020,27188.6,8.6,40910.6,16.9
105,Company_105,2021,30849.1,10.9,43543.1,13.5
105,Company_105,2022,34040.5,9.7,42349.8,10.3
105,Company_105,2023,37057.4,14.9,86806.6,8.9
105,Company_105,2024,39921.7,11.1,43503.2,7.7
105,Company_105,2025,38918.8,10.4,76714.3,-2.5
106,Company_106,2015,1654.5,7.9,1803.6,
106,Company_106,2016,1825.1,9.5,3745.6,10.3
106,Company_106,2017,1992.8,7.6,2079.5,9.2
106,Company_106,2018,2245.5,12.2,3618.9,12.7
106,Company_106,2019,2256.9,11.9,5540.9,0.5
106,Company_106,2020,2374.2,10.8,4356.8,5.2
106,Company_106,2021,2664.2,9.1,3850.2,12.2
106,Company_106,2022,2894.2,12.2,3244.4,8.6
106,Company_106,2023,2876.3,18.6,11208.4,-0.6
106,Company_106,2024,2970.7,22.0,8157.7,3.3
106,Company_106,2025,3263.0,25.4,13584.6,9.8
107,Company_107,2015,9026.6,16.0,27717.6,
107,Company_107,2016,10940.7,15.5,20179.9,21.2
107,Company_107,2017,12219.0,16.4,26552.0,11.7
107,Company_107,2018,12446.8,17.6,41471.5,1.9
107,Company_107,2019,13194.2,19.1,38291.3,6.0
107,Company_107,2020,13004.4,22.8,43608.5,-1.4
107,Company_107,2021,14472.5,23.1,27176.4,11.3
107,Company_107,2022,14836.8,21.4,44555.3,2.5
107,Company_107,2023,14837.3,22.3,47190.0,0.0
107,Company_107,2024,14828.8,22.2,40839.0,-0.1
107,Company_107,2025,17816.2,19.9,42929.0,20.1
108,Company_108,2015,8020.8,16.4,15557.6,
108,Company_108,2016,9941.7,17.4,17841.7,23.9
108,Company_108,2017,10782.3,21.0,23248.5,8.5
108,Company_108,2018,11461.7,18.3,36373.6,6.3
108,Company_108,2019,11960.3,16.1,34526.0,4.4
108,Company_108,2020,12993.2,10.7,25302.1,8.6
108,Company_108,2021,16523.8,6.8,16057.8,27.2
108,Company_108,2022,17122.6,7.6,31674.9,3.6
108,Company_108,2023,19322.2,7.1,13957.7,12.8
108,Company_108,2024,21365.5,4.5,16591.9,10.6
108,Company_108,2025,23168.0,5.0,16796.7,8.4
109,Company_109,2015,10238.8,11.4,16081.5,
109,Company_109,2016,10025.6,6.8,9103.9,-2.1
109,Company_109,2017,7821.6,2.6,3786.0,-22.0
109,Company_109,2018,6879.6,-8.1,20113.4,-12.0
109,Company_109,2019,6251.3,-10.2,5841.7,-9.1
109,Company_109,2020,6217.5,-10.6,23914.6,-0.5
109,Company_109,2021,5443.8,-8.4,23571.6,-12.4
109,Company_109,2022,5877.0,-9.2,16300.0,8.0
109,Company_109,2023,5173.7,-9.2,19009.1,-12.0
109,Company_109,2024,4922.5,-7.5,12938.3,-4.9
109,Company_109,2025,4129.6,-13.8,9178.3,-16.1
110,Company_110,2015,1921.7,19.9,5391.2,
110,Company_110,2016,2229.1,22.8,10173.1,16.0
110,Company_110,2017,2195.9,17.4,6283.8,-1.5
110,Company_110,2018,2538.3,18.4,7194.3,15.6
110,Company_110,2019,2648.2,18.0,5461.5,4.3
110,Company_110,2020,2754.4,18.0,7308.9,4.0
110,Company_110,2021,2888.8,17.5,12612.1,4.9
110,Company_110,2022,3017.2,18.2,12964.2,4.4
110,Company_110,2023,3885.5,20.0,9999.4,28.8
110,Company_110,2024,3907.6,18.2,11512.0,0.6
110,Company_110,2025,4373.5,16.1,14376.3,11.9
111,Company_111,2015,587.5,11.0,1180.9,
111,Company_111,2016,621.7,13.5,746.1,5.8
111,Company_111,2017,631.4,12.6,1209.8,1.6
111,Company_111,2018,681.6,14.4,1335.6,8.0
111,Company_111,2019,662.4,15.5,1798.4,-2.8
111,Company_111,2020,697.9,15.0,2066.8,5.4
111,Company_111,2021,870.1,19.4,2373.2,24.7
111,Company_111,2022,885.1,18.4,1689.9,1.7
111,Company_111,2023,979.5,19.7,2092.7,10.7
111,Company_111,2024,1099.6,21.5,2122.4,12.3
111,Company_111,2025,1068.0,18.2,3371.7,-2.9
112,Company_112,2015,356.7,2.3,192.8,
112,Company_112,2016,379.7,0.5,27.0,6.4
112,Company_112,2017,406.6,-1.3,1046.7,7.1
112,Company_112,2018,411.7,-0.6,591.8,1.2
112,Company_112,2019,449.0,-3.7,2161.2,9.1
112,Company_112,2020,438.3,-3.4,423.7,-2.4
112,Company_112,2021,440.6,-3.2,271.0,0.5
112,Company_112,2022,517.4,-0.7,1335.7,17.4
112,Company_112,2023,536.6,-0.6,2119.3,3.7
112,Company_112,2024,593.6,0.5,37.2,10.6
112,Company_112,2025,593.1,-1.2,1785.3,-0.1
113,Company_113,2015,2459.7,-1.7,9688.9,
113,Company_113,2016,2583.9,0.4,217.7,5.1
113,Company_113,2017,2482.1,4.0,1606.4,-3.9
113,Company_113,2018,2613.7,3.4,767.6,5.3
113,Company_113,2019,2762.9,7.8,4274.0,5.7
113,Company_113,2020,2986.0,7.4,3023.5,8.1
113,Company_113,2021,3866.9,6.1,4808.2,29.5
113,Company_113,2022,4330.3,9.3,5507.3,12.0
113,Company_113,2023,5335.3,7.3,5695.4,23.2
113,Company_113,2024,6008.9,7.9,6511.1,12.6
113,Company_113,2025,6715.5,8.2,10210.2,11.8
114,Company_114,2015,3326.8,7.9,3247.5,
114,Company_114,2016,2657.7,7.6,3448.4,-20.1
114,Company_114,2017,2521.7,8.4,2919.1,-5.1
114,Company_114,2018,2291.7,-1.4,10783.7,-9.1
114,Company_114,2019,2343.0,-9.9,6132.3,2.2
114,Company_114,2020,1926.0,-13.1,2536.1,-17.8
114,Company_114,2021,1635.8,-17.4,4321.3,-15.1
114,Company_114,2022,1257.2,-13.4,1015.3,-23.1
114,Company_114,2023,1115.0,-10.8,4207.1,-11.3
114,Company_114,2024,975.3,-2.0,2849.2,-12.5
114,Company_114,2025,754.7,0.3,43.2,-22.6
115,Company_115,2015,398.9,12.1,860.1,
115,Company_115,2016,386.6,12.3,1012.8,-3.1
115,Company_115,2017,353.0,14.1,737.3,-8.7
115,Company_115,2018,353.9,10.4,394.2,0.2
115,Company_115,2019,362.8,10.4,816.5,2.5
115,Company_115,2020,352.5,11.3,660.8,-2.8
115,Company_115,2021,348.8,14.1,956.6,-1.1
115,Company_115,2022,350.6,16.3,944.9,0.5
115,Company_115,2023,366.0,14.0,526.4,4.4
115,Company_115,2024,385.2,9.0,839.8,5.3
115,Company_115,2025,337.0,7.6,393.2,-12.5
116,Company_116,2015,489.0,6.2,632.3,
116,Company_116,2016,521.6,8.1,758.0,6.7
116,Company_116,2017,517.7,6.9,721.7,-0.8
116,Company_116,2018,457.7,6.1,595.1,-11.6
116,Company_116,2019,400.9,2.6,120.3,-12.4
116,Company_116,2020,402.1,3.4,311.7,0.3
116,Company_116,2021,414.5,4.7,269.1,3.1
116,Company_116,2022,330.6,2.7,170.4,-20.2
116,Company_116,2023,338.5,1.4,65.2,2.4
116,Company_116,2024,358.9,-1.4,978.2,6.0
116,Company_116,2025,386.8,-1.2,1054.6,7.8
117,Company_117,2015,1151.7,9.0,1493.5,
117,Company_117,2016,1158.0,10.0,1605.4,0.6
117,Company_117,2017,1232.5,9.8,1648.0,6.4
117,Company_117,2018,1249.4,11.4,3353.7,1.4
117,Company_117,2019,1209.6,12.1,2331.5,-3.2
117,Company_117,2020,1249.7,13.1,2064.8,3.3
117,Company_117,2021,1159.3,12.6,3001.3,-7.2
117,Company_117,2022,1072.8,13.4,2302.3,-7.5
117,Company_117,2023,1046.3,14.6,1685.4,-2.5
117,Company_117,2024,1175.8,15.1,3778.3,12.4
117,Company_117,2025,1302.8,15.2,3484.7,10.8
118,Company_118,2015,870.9,4.1,820.5,
118,Company_118,2016,879.6,3.9,443.9,1.0
118,Company_118,2017,938.7,1.8,311.5,6.7
118,Company_118,2018,928.0,4.2,486.1,-1.1
118,Company_118,2019,1010.6,4.4,527.9,8.9
118,Company_118,2020,992.9,3.1,424.7,-1.8
118,Company_118,2021,1017.2,2.5,335.4,2.4
118,Company_118,2022,930.4,2.9,667.8,-8.5
118,Company_118,2023,946.2,2.5,498.6,1.7
118,Company_118,2024,968.6,0.6,125.6,2.4
118,Company_118,2025,1054.9,1.9,419.7,8.9
119,Company_119,2015,1239.6,12.5,3325.0,
119,Company_119,2016,1450.2,12.8,3090.6,17.0
119,Company_119,2017,1326.9,12.2,2697.6,-8.5
119,Company_119,2018,1258.0,9.8,2484.2,-5.2
119,Company_119,2019,1266.1,11.1,1453.5,0.6
119,Company_119,2020,1403.2,10.4,3322.8,10.8
119,Company_119,2021,1231.7,9.4,2781.2,-12.2
119,Company_119,2022,1148.9,11.0,1874.9,-6.7
119,Company_119,2023,989.2,9.2,2070.1,-13.9
119,Company_119,2024,1050.8,9.6,1839.4,6.2
119,Company_119,2025,1091.5,10.5,2519.7,3.9
120,Company_120,2015,1444.8,7.4,1524.4,
120,Company_120,2016,1438.1,8.2,2782.8,-0.5
120,Company_120,2017,1589.4,7.6,1460.5,10.5
120,Company_120,2018,1582.7,6.0,1584.0,-0.4
120,Company_120,2019,1781.5,6.3,1814.8,12.6
120,Company_120,2020,1941.3,4.5,1702.0,9.0
120,Company_120,2021,2306.5,4.7,1827.9,18.8
120,Company_120,2022,2575.9,2.1,1164.2,11.7
120,Company_120,2023,3045.9,1.3,735.2,18.2
120,Company_120,2024,3533.4,3.0,1482.9,16.0
120,Company_120,2025,3631.9,7.1,5362.0,2.8
121,Company_121,2015,724.8,3.7,384.4,
121,Company_121,2016,780.5,0.9,146.8,7.7
121,Company_121,2017,845.6,-1.1,2509.9,8.3
121,Company_121,2018,673.3,0.1,10.0,-20.4
121,Company_121,2019,688.8,2.2,202.8,2.3
121,Company_121,2020,673.4,3.0,368.0,-2.2
121,Company_121,2021,750.4,1.2,143.1,11.4
121,Company_121,2022,760.8,0.8,132.7,1.4
121,Company_121,2023,804.3,1.6,270.4,5.7
121,Company_121,2024,750.6,0.6,87.6,-6.7
121,Company_121,2025,763.9,0.1,17.5,1.8
122,Company_122,2015,2866.6,-3.4,11179.1,
122,Company_122,2016,3390.3,-0.9,3942.1,18.3
122,Company_122,2017,4033.0,-2.3,12728.7,19.0
122,Company_122,2018,4505.2,-3.4,3727.8,11.7
122,Company_122,2019,5134.9,-4.4,11248.9,14.0
122,Company_122,2020,6002.9,-4.2,25458.1,16.9
122,Company_122,2021,6051.9,-4.8,20111.6,0.8
122,Company_122,2022,7275.0,-0.9,32772.5,20.2
122,Company_122,2023,7273.7,0.3,327.7,-0.0
122,Company_122,2024,8511.4,2.4,1730.5,17.0
122,Company_122,2025,9315.1,-2.0,17532.6,9.4
123,Company_123,2015,15817.3,22.0,66987.0,
123,Company_123,2016,20789.3,21.2,96217.2,31.4
123,Company_123,2017,26072.0,21.1,114793.1,25.4
123,Company_123,2018,35114.9,20.8,148859.6,34.7
123,Company_123,2019,43645.9,15.7,217794.6,24.3
123,Company_123,2020,50915.7,14.8,225078.7,16.7
123,Company_123,2021,62834.2,13.0,261647.0,23.4
123,Company_123,2022,78027.0,15.6,404011.2,24.2
123,Company_123,2023,98554.3,16.9,290926.9,26.3
123,Company_123,2024,108393.6,18.6,524589.4,10.0
123,Company_123,2025,137883.0,22.7,821387.0,27.2
124,Company_124,2015,980.5,4.9,390.6,
124,Company_124,2016,1025.4,5.0,593.5,4.6
124,Company_124,2017,1178.3,3.7,822.0,14.9
124,Company_124,2018,1207.8,5.4,796.9,2.5
124,Company_124,2019,1271.8,7.0,1195.8,5.3
124,Company_124,2020,1270.4,9.9,1306.0,-0.1
124,Company_124,2021,1368.5,9.5,2715.0,7.7
124,Company_124,2022,1407.1,9.2,1124.6,2.8
124,Company_124,2023,1263.2,10.7,1691.3,-10.2
124,Company_124,2024,1288.9,16.6,2904.2,2.0
124,Company_124,2025,1321.9,13.8,1496.6,2.6
125,Company_125,2015,3747.8,18.5,13486.7,
125,Company_125,2016,4136.3,15.5,9230.3,10.4
125,Company_125,2017,3719.1,14.1,8781.4,-10.1
125,Company_125,2018,3984.1,10.8,7397.1,7.1
125,Company_125,2019,3443.0,8.8,3678.2,-13.6
125,Company_125,2020,3908.3,5.4,3888.1,13.5
125,Company_125,2021,3888.1,4.0,2535.3,-0.5
125,Company_125,2022,4863.8,3.5,2515.2,25.1
125,Company_125,2023,5145.4,4.1,2219.0,5.8
125,Company_125,2024,6030.3,3.2,3021.8,17.2
125,Company_125,2025,5626.2,-0.4,27749.7,-6.7
126,Company_126,2015,1608.3,3.0,953.0,
126,Company_126,2016,1672.1,1.1,387.2,4.0
126,Company_126,2017,2019.0,1.4,502.3,20.7
126,Company_126,2018,2406.7,3.5,1698.8,19.2
126,Company_126,2019,2899.5,4.7,1105.6,20.5
126,Company_126,2020,2890.7,4.0,1214.1,-0.3
126,Company_126,2021,3309.7,2.6,738.7,14.5
126,Company_126,2022,3279.2,-1.1,12804.5,-0.9
126,Company_126,2023,3463.9,3.8,2487.0,5.6
126,Company_126,2024,3821.9,7.2,5207.2,10.3
126,Company_126,2025,4331.6,5.1,4147.4,13.3
127,Company_127,2015,2028.2,12.4,5855.0,
127,Company_127,2016,2161.3,12.1,5084.1,6.6
127,Company_127,2017,2065.5,11.5,4617.9,-4.4
127,Company_127,2018,2111.3,10.5,2213.2,2.2
127,Company_127,2019,2089.0,6.4,2669.3,-1.1
127,Company_127,2020,2163.3,6.0,3039.2,3.6
127,Company_127,2021,2566.7,8.0,4483.0,18.6
127,Company_127,2022,2492.0,8.9,5303.8,-2.9
127,Company_127,2023,2760.7,10.4,2882.1,10.8
127,Company_127,2024,3085.4,8.2,4696.9,11.8
127,Company_127,2025,3575.1,8.2,3317.3,15.9
128,Company_128,2015,424.4,7.3,368.0,
128,Company_128,2016,437.0,6.9,401.1,3.0
128,Company_128,2017,512.2,4.8,223.4,17.2
128,Company_128,2018,569.7,3.8,171.5,11.2
128,Company_128,2019,662.4,1.1,75.1,16.3
128,Company_128,2020,680.0,2.8,163.0,2.7
128,Company_128,2021,752.9,2.9,238.5,10.7
128,Company_128,2022,762.2,2.3,214.1,1.2
128,Company_128,2023,748.9,2.1,211.2,-1.8
128,Company_128,2024,654.3,3.9,303.3,-12.6
128,Company_128,2025,713.5,3.3,277.9,9.0
129,Company_129,2015,1436.0,13.9,4955.6,
129,Company_129,2016,1716.3,16.4,6752.0,19.5
129,Company_129,2017,1540.6,13.6,5123.2,-10.2
129,Company_129,2018,1644.7,10.3,1751.5,6.8
129,Company_129,2019,1747.7,12.5,4024.7,6.3
129,Company_129,2020,1712.2,10.4,2147.7,-2.0
129,Company_129,2021,1739.9,11.3,3922.9,1.6
129,Company_129,2022,1940.4,10.2,4218.0,11.5
129,Company_129,2023,2037.5,7.8,3530.8,5.0
129,Company_129,2024,2248.7,9.6,3301.0,10.4
129,Company_129,2025,2423.2,15.3,5235.5,7.8
130,Company_130,2015,2174.8,14.1,2890.7,
130,Company_130,2016,2002.1,17.9,7066.6,-7.9
130,Company_130,2017,2107.8,21.0,5871.0,5.3
130,Company_130,2018,2026.7,23.7,5084.0,-3.8
130,Company_130,2019,2295.0,23.9,8633.0,13.2
130,Company_130,2020,2728.5,26.6,6411.8,18.9
130,Company_130,2021,2765.6,27.9,8064.2,1.4
130,Company_130,2022,2465.0,30.7,11266.8,-10.9
130,Company_130,2023,2292.0,29.5,9817.5,-7.0
130,Company_130,2024,1876.4,25.3,9445.1,-18.1
130,Company_130,2025,1816.2,22.9,3717.2,-3.2
131,Company_131,2015,23779.2,19.5,80256.6,
131,Company_131,2016,26384.3,19.3,77916.0,11.0
131,Company_131,2017,29584.0,17.9,80799.7,12.1
131,Company_131,2018,30349.2,17.2,59874.4,2.6
131,Company_131,2019,30223.5,16.7,41046.2,-0.4
131,Company_131,2020,31598.1,17.7,77522.1,4.5
131,Company_131,2021,33591.5,17.4,87917.7,6.3
131,Company_131,2022,35455.9,18.5,66175.7,5.6
131,Company_131,2023,33810.0,21.2,84446.1,-4.6
131,Company_131,2024,33969.1,22.1,72817.6,0.5
131,Company_131,2025,36281.3,23.4,79537.4,6.8
132,Company_132,2015,973.0,6.1,1457.0,
132,Company_132,2016,1027.8,5.8,990.1,5.6
132,Company_132,2017,919.8,6.5,976.0,-10.5
132,Company_132,2018,902.0,8.1,1407.9,-1.9
132,Company_132,2019,986.9,8.8,1569.5,9.4
132,Company_132,2020,1029.0,5.2,1122.6,4.3
132,Company_132,2021,1050.2,2.5,331.5,2.1
132,Company_132,2022,879.1,3.4,475.4,-16.3
132,Company_132,2023,905.2,7.1,1538.4,3.0
132,Company_132,2024,757.8,11.1,1544.9,-16.3
132,Company_132,2025,749.5,10.9,834.2,-1.1
133,Company_133,2015,565.0,6.4,432.1,
133,Company_133,2016,653.9,5.0,688.3,15.7
133,Company_133,2017,781.0,2.2,263.3,19.4
133,Company_133,2018,816.8,3.0,497.7,4.6
133,Company_133,2019,830.9,2.8,393.7,1.7
133,Company_133,2020,880.5,1.9,317.4,6.0
133,Company_133,2021,829.6,3.6,526.4,-5.8
133,Company_133,2022,892.5,5.4,1079.0,7.6
133,Company_133,2023,879.7,3.2,568.7,-1.4
133,Company_133,2024,843.0,2.7,365.8,-4.2
133,Company_133,2025,840.5,-0.1,4160.2,-0.3
134,Company_134,2015,3692.0,13.9,9656.7,
134,Company_134,2016,4038.5,11.9,11635.3,9.4
134,Company_134,2017,4220.3,14.7,14173.2,4.5
134,Company_134,2018,4937.8,11.5,10909.1,17.0
134,Company_134,2019,5553.1,15.0,11450.2,12.5
134,Company_134,2020,6629.2,13.7,18914.7,19.4
134,Company_134,2021,7335.0,14.3,15887.2,10.6
134,Company_134,2022,7671.1,13.7,23131.0,4.6
134,Company_134,2023,8772.5,11.6,21869.8,14.4
134,Company_134,2024,9866.4,13.8,21461.4,12.5
134,Company_134,2025,9486.5,9.5,15426.6,-3.9
135,Company_135,2015,1468.6,6.1,1657.9,
135,Company_135,2016,1359.2,4.4,1136.2,-7.4
135,Company_135,2017,1311.0,4.4,503.5,-3.6
135,Company_135,2018,1222.6,3.5,720.9,-6.7
135,Company_135,2019,1129.5,-0.9,1406.6,-7.6
135,Company_135,2020,1197.4,-2.3,3050.7,6.0
135,Company_135,2021,1332.3,-1.9,2262.4,11.3
135,Company_135,2022,1539.9,0.6,168.4,15.6
135,Company_135,2023,1472.1,0.9,162.3,-4.4
135,Company_135,2024,1570.4,3.0,793.5,6.7
135,Company_135,2025,1673.3,3.1,808.1,6.6
136,Company_136,2015,451.6,11.0,822.0,
136,Company_136,2016,484.7,10.2,851.7,7.3
136,Company_136,2017,568.3,10.4,543.1,17.2
136,Company_136,2018,642.9,11.5,1180.1,13.1
136,Company_136,2019,632.9,10.1,934.1,-1.5
136,Company_136,2020,700.8,10.7,1304.0,10.7
136,Company_136,2021,757.1,9.0,896.7,8.0
136,Company_136,2022,883.0,8.2,794.8,16.6
136,Company_136,2023,1092.7,11.6,1987.8,23.8
136,Company_136,2024,1117.7,8.2,1649.5,2.3
136,Company_136,2025,1033.5,5.1,1097.2,-7.5
137,Company_137,2015,1443.1,6.9,1771.9,
137,Company_137,2016,1145.4,9.0,1059.3,-20.6
137,Company_137,2017,1139.6,6.6,1389.8,-0.5
137,Company_137,2018,911.4,6.5,641.4,-20.0
137,Company_137,2019,861.3,4.1,712.1,-5.5
137,Company_137,2020,876.4,1.3,175.6,1.8
137,Company_137,2021,873.1,2.7,358.0,-0.4
137,Company_137,2022,877.2,2.5,339.0,0.5
137,Company_137,2023,820.6,3.4,359.8,-6.4
137,Company_137,2024,797.6,5.8,969.1,-2.8
137,Company_137,2025,879.9,6.1,746.6,10.3
138,Company_138,2015,14820.4,-4.8,27157.2,
138,Company_138,2016,13792.0,4.4,7942.1,-6.9
138,Company_138,2017,11854.7,-1.0,51841.8,-14.0
138,Company_138,2018,11487.4,5.8,10719.8,-3.1
138,Company_138,2019,9367.5,2.0,3342.2,-18.5
138,Company_138,2020,8915.4,4.0,5548.1,-4.8
138,Company_138,2021,7401.7,3.4,2366.3,-17.0
138,Company_138,2022,7092.5,5.0,5166.5,-4.2
138,Company_138,2023,5842.1,5.2,5751.3,-17.6
138,Company_138,2024,5018.1,8.4,3948.4,-14.1
138,Company_138,2025,4835.0,6.5,2944.6,-3.6
139,Company_139,2015,1285.2,3.2,760.5,
139,Company_139,2016,1339.9,1.6,233.9,4.3
139,Company_139,2017,1341.5,1.3,408.1,0.1
139,Company_139,2018,1382.0,3.5,1100.0,3.0
139,Company_139,2019,1450.5,2.8,544.3,5.0
139,Company_139,2020,1385.1,3.8,1202.3,-4.5
139,Company_139,2021,1331.8,4.4,1303.1,-3.8
139,Company_139,2022,1228.3,5.4,1097.6,-7.8
139,Company_139,2023,1184.0,5.2,885.2,-3.6
139,Company_139,2024,1142.8,7.1,1704.5,-3.5
139,Company_139,2025,1162.0,5.3,1463.9,1.7
140,Company_140,2015,709.2,10.1,1502.6,
140,Company_140,2016,739.4,10.5,910.1,4.3
140,Company_140,2017,820.3,7.7,731.8,10.9
140,Company_140,2018,809.9,5.8,878.7,-1.3
140,Company_140,2019,855.7,6.7,557.8,5.7
140,Company_140,2020,749.0,8.0,792.5,-12.5
140,Company_140,2021,765.7,7.0,497.3,2.2
140,Company_140,2022,809.9,10.3,1758.2,5.8
140,Company_140,2023,836.9,12.5,1368.8,3.3
140,Company_140,2024,852.4,11.6,1585.1,1.8
140,Company_140,2025,959.4,10.3,1113.9,12.6
141,Company_141,2015,3521.1,-2.4,7657.8,
141,Company_141,2016,4071.7,-9.5,16772.2,15.6
141,Company_141,2017,4385.9,0.2,118.5,7.7
141,Company_141,2018,4654.0,-7.4,15453.6,6.1
141,Company_141,2019,4814.3,-2.2,22541.0,3.4
141,Company_141,2020,4637.7,-9.1,22906.7,-3.7
141,Company_141,2021,4556.1,-6.7,9585.0,-1.8
141,Company_141,2022,5181.3,-16.5,7992.9,13.7
141,Company_141,2023,6017.2,-14.5,5139.9,16.1
141,Company_141,2024,7276.9,-9.3,11462.4,20.9
141,Company_141,2025,7528.4,-7.7,8699.6,3.5
142,Company_142,2015,1539.0,9.2,2370.1,
142,Company_142,2016,1562.2,8.1,1454.2,1.5
142,Company_142,2017,1654.8,5.4,1787.3,5.9
142,Company_142,2018,1702.5,5.8,953.1,2.9
142,Company_142,2019,1948.5,5.2,1799.4,14.5
142,Company_142,2020,2028.5,6.2,1094.9,4.1
142,Company_142,2021,2273.6,5.4,1442.5,12.1
142,Company_142,2022,2433.8,3.8,1538.1,7.0
142,Company_142,2023,2736.9,5.5,1409.4,12.5
142,Company_142,2024,2830.0,8.8,4031.0,3.4
142,Company_142,2025,2921.6,10.0,3477.7,3.2
143,Company_143,2015,1662.0,14.5,2547.6,
143,Company_143,2016,1541.7,15.9,5374.4,-7.2
143,Company_143,2017,1487.5,16.5,5177.3,-3.5
143,Company_143,2018,1521.6,19.4,6750.5,2.3
143,Company_143,2019,1477.8,19.1,5056.6,-2.9
143,Company_143,2020,1255.1,18.9,5468.2,-15.1
143,Company_143,2021,1331.9,16.4,4004.7,6.1
143,Company_143,2022,1475.1,17.0,3902.3,10.8
143,Company_143,2023,1328.4,16.2,3968.5,-9.9
143,Company_143,2024,1307.3,17.7,5621.4,-1.6
143,Company_143,2025,1370.7,18.0,4369.4,4.8
144,Company_144,2015,2004.6,7.2,1438.4,
144,Company_144,2016,1670.5,8.7,1565.9,-16.7
144,Company_144,2017,1779.5,10.7,2618.0,6.5
144,Company_144,2018,1583.8,9.8,2004.4,-11.0
144,Company_144,2019,1697.1,7.4,1024.4,7.1
144,Company_144,2020,1556.8,7.0,907.7,-8.3
144,Company_144,2021,1403.7,4.7,762.9,-9.8
144,Company_144,2022,1459.3,3.3,458.1,4.0
144,Company_144,2023,1558.3,3.3,570.7,6.8
144,Company_144,2024,1530.6,1.8,310.8,-1.8
144,Company_144,2025,1779.3,2.7,699.6,16.3
145,Company_145,2015,2826.8,10.4,2800.7,
145,Company_145,2016,3247.7,13.3,8074.2,14.9
145,Company_145,2017,3583.1,18.6,12474.7,10.3
145,Company_145,2018,4020.1,16.5,9937.1,12.2
145,Company_145,2019,4518.3,24.2,16753.3,12.4
145,Company_145,2020,5505.1,32.8,16618.5,21.8
145,Company_145,2021,6028.7,32.5,25182.9,9.5
145,Company_145,2022,5966.7,38.6,20023.4,-1.0
145,Company_145,2023,6338.8,39.6,27525.1,6.2
145,Company_145,2024,7728.5,35.4,54321.7,21.9
145,Company_145,2025,9456.7,36.8,55981.8,22.4
146,Company_146,2015,918.1,10.2,2249.6,
146,Company_146,2016,829.4,14.3,2907.2,-9.7
146,Company_146,2017,960.4,17.8,3565.5,15.8
146,Company_146,2018,993.1,18.0,3230.2,3.4
146,Company_146,2019,1052.5,19.6,5150.9,6.0
146,Company_146,2020,972.5,23.4,2457.3,-7.6
146,Company_146,2021,910.6,20.4,1859.2,-6.4
146,Company_146,2022,982.8,18.4,3158.3,7.9
146,Company_146,2023,1083.0,17.2,2068.3,10.2
146,Company_146,2024,1117.0,18.3,5037.5,3.1
146,Company_146,2025,1017.1,16.0,2187.2,-9.0
147,Company_147,2015,11194.1,-16.5,16637.0,
147,Company_147,2016,11336.5,-13.3,33701.7,1.3
147,Company_147,2017,11689.1,-7.8,12720.6,3.1
147,Company_147,2018,11814.0,-4.0,22823.9,1.1
147,Company_147,2019,10032.2,-0.5,27062.8,-15.1
147,Company_147,2020,9056.3,1.9,1867.8,-9.7
147,Company_147,2021,7932.9,-1.6,14569.5,-12.4
147,Company_147,2022,7656.4,1.3,1967.5,-3.5
147,Company_147,2023,6580.6,1.7,1986.3,-14.1
147,Company_147,2024,5920.4,4.9,3844.1,-10.0
147,Company_147,2025,5877.7,10.6,7300.3,-0.7
148,Company_148,2015,7073.8,8.6,14701.2,
148,Company_148,2016,7585.7,9.2,16547.6,7.2
148,Company_148,2017,9077.4,5.4,6049.2,19.7
148,Company_148,2018,11422.1,6.8,18478.4,25.8
148,Company_148,2019,12085.8,1.6,1990.8,5.8
148,Company_148,2020,13024.6,-2.3,18297.6,7.8
148,Company_148,2021,13103.6,-6.3,14774.0,0.6
148,Company_148,2022,14850.6,-6.7,10003.9,13.3
148,Company_148,2023,16701.4,-9.5,62782.1,12.5
148,Company_148,2024,17016.9,-11.3,20766.4,1.9
148,Company_148,2025,19327.6,-8.7,48884.3,13.6
149,Company_149,2015,5554.8,13.4,11890.0,
149,Company_149,2016,6205.8,13.1,24231.9,11.7
149,Company_149,2017,7279.8,10.6,16340.6,17.3
149,Company_149,2018,8621.8,14.0,36030.0,18.4
149,Company_149,2019,9979.0,16.0,26688.2,15.7
149,Company_149,2020,12104.4,16.3,43705.7,21.3
149,Company_149,2021,14184.1,13.3,54146.3,17.2
149,Company_149,2022,16770.3,10.4,47523.0,18.2
149,Company_149,2023,21151.0,11.7,70650.1,26.1
149,Company_149,2024,23516.2,11.2,68407.1,11.2
149,Company_149,2025,26430.6,13.4,72081.9,12.4
150,Company_150,2015,1784.9,3.8,1440.0,
150,Company_150,2016,1887.6,-0.0,7470.6,5.8
150,Company_150,2017,1948.0,-1.7,2636.9,3.2
150,Company_150,2018,2209.4,-4.3,6957.8,13.4
150,Company_150,2019,2263.9,-3.7,8981.3,2.5
150,Company_150,2020,2578.1,-4.1,11501.9,13.9
150,Company_150,2021,2757.1,-7.4,5688.6,6.9
150,Company_150,2022,2763.9,-9.3,8384.0,0.2
150,Company_150,2023,2583.2,-11.5,1522.7,-6.5
150,Company_150,2024,2411.5,-16.1,11720.1,-6.6
150,Company_150,2025,2485.5,-14.4,9065.1,3.1
151,Company_151,2015,3094.0,6.2,2622.2,
151,Company_151,2016,3689.4,4.4,3247.4,19.2
151,Company_151,2017,4686.1,3.7,2531.2,27.0
151,Company_151,2018,5934.2,7.0,7506.3,26.6
151,Company_151,2019,7326.9,10.0,10526.3,23.5
151,Company_151,2020,8400.2,7.1,12657.7,14.6
151,Company_151,2021,9585.9,5.8,6109.1,14.1
151,Company_151,2022,10424.2,4.6,10375.2,8.7
151,Company_151,2023,11028.4,5.0,7631.1,5.8
151,Company_151,2024,13106.9,0.2,459.0,18.8
151,Company_151,2025,14651.3,-1.6,60950.1,11.8
152,Company_152,2015,26753.8,23.4,195544.2,
152,Company_152,2016,28121.2,30.5,130208.7,5.1
152,Company_152,2017,26760.0,30.3,204129.8,-4.8
152,Company_152,2018,28593.4,29.3,141961.5,6.9
152,Company_152,2019,27304.3,32.4,216340.2,-4.5
152,Company_152,2020,26259.6,27.5,169549.2,-3.8
152,Company_152,2021,24202.1,27.4,205427.6,-7.8
152,Company_152,2022,25661.6,30.0,218048.3,6.0
152,Company_152,2023,26078.3,31.7,258855.5,1.6
152,Company_152,2024,23609.0,32.9,217726.5,-9.5
152,Company_152,2025,22132.7,31.3,135427.5,-6.3
153,Company_153,2015,759.3,11.5,940.1,
153,Company_153,2016,805.9,10.1,1209.0,6.1
153,Company_153,2017,779.8,9.5,1140.7,-3.2
153,Company_153,2018,753.3,9.2,1706.9,-3.4
153,Company_153,2019,830.6,11.4,2164.6,10.3
153,Company_153,2020,920.1,11.7,2567.0,10.8
153,Company_153,2021,895.4,13.8,1304.4,-2.7
153,Company_153,2022,918.9,14.5,2966.1,2.6
153,Company_153,2023,977.6,19.2,3352.5,6.4
153,Company_153,2024,1037.2,19.4,4440.9,6.1
153,Company_153,2025,1132.2,21.9,3314.3,9.2
154,Company_154,2015,4680.5,18.0,7899.2,
154,Company_154,2016,4737.7,17.3,10577.7,1.2
154,Company_154,2017,4623.2,17.1,17048.1,-2.4
154,Company_154,2018,4523.4,16.7,13848.9,-2.2
154,Company_154,2019,4119.0,17.1,7760.4,-8.9
154,Company_154,2020,3830.8,15.4,5380.1,-7.0
154,Company_154,2021,3763.7,14.2,10497.7,-1.8
154,Company_154,2022,3850.7,15.6,6644.0,2.3
154,Company_154,2023,3660.7,10.6,5560.2,-4.9
154,Company_154,2024,3648.4,9.0,2778.8,-0.3
154,Company_154,2025,3573.5,10.5,6980.1,-2.1
155,Company_155,2015,2946.8,9.8,3960.9,
155,Company_155,2016,3553.6,9.7,3385.1,20.6
155,Company_155,2017,4111.4,11.6,4877.9,15.7
155,Company_155,2018,4629.7,7.3,5123.8,12.6
155,Company_155,2019,4977.8,8.5,4667.8,7.5
155,Company_155,2020,6179.7,9.3,4898.5,24.1
155,Company_155,2021,6752.1,7.0,9369.3,9.3
155,Company_155,2022,6863.1,6.3,8345.8,1.6
155,Company_155,2023,6986.7,6.3,4286.1,1.8
155,Company_155,2024,7670.1,5.2,5162.7,9.8
155,Company_155,2025,8538.9,5.6,6630.4,11.3
156,Company_156,2015,7293.1,6.4,8747.8,
156,Company_156,2016,7313.7,3.6,5740.4,0.3
156,Company_156,2017,7123.7,5.7,8638.1,-2.6
156,Company_156,2018,7028.7,7.7,10759.8,-1.3
156,Company_156,2019,8016.7,4.9,8313.1,14.1
156,Company_156,2020,8143.8,3.9,7767.1,1.6
156,Company_156,2021,8114.6,2.7,7337.2,-0.4
156,Company_156,2022,8080.4,3.6,8017.6,-0.4
156,Company_156,2023,8350.5,2.3,5607.1,3.3
156,Company_156,2024,8366.4,3.4,4532.1,0.2
156,Company_156,2025,8293.8,4.6,7778.0,-0.9
157,Company_157,2015,4393.2,16.4,11204.4,
157,Company_157,2016,4482.0,19.0,21085.5,2.0
157,Company_157,2017,4872.4,17.4,9839.1,8.7
157,Company_157,2018,4781.7,17.9,12526.8,-1.9
157,Company_157,2019,4784.6,19.0,12493.0,0.1
157,Company_157,2020,4939.2,13.8,15771.8,3.2
157,Company_157,2021,5095.5,13.8,9931.6,3.2
157,Company_157,2022,4760.4,16.4,19313.6,-6.6
157,Company_157,2023,5476.3,16.9,22308.5,15.0
157,Company_157,2024,6114.3,18.5,27254.5,11.7
157,Company_157,2025,6055.5,23.8,21083.4,-1.0
158,Company_158,2015,4773.2,-3.5,7226.6,
158,Company_158,2016,5218.1,1.6,866.5,9.3
158,Company_158,2017,5993.7,4.4,4674.3,14.9
158,Company_158,2018,6634.5,6.3,5629.7,10.7
158,Company_158,2019,8169.4,2.8,3290.5,23.1
158,Company_158,2020,9165.1,8.8,8879.3,12.2
158,Company_158,2021,9950.4,12.3,12927.5,8.6
158,Company_158,2022,11825.0,16.2,26914.3,18.8
158,Company_158,2023,14060.2,15.0,22285.7,18.9
158,Company_158,2024,14790.2,10.7,27225.2,5.2
158,Company_158,2025,15874.9,9.1,27013.9,7.3
159,Company_159,2015,1166.4,8.0,1743.7,
159,Company_159,2016,1148.8,7.5,1075.6,-1.5
159,Company_159,2017,982.5,8.1,1688.2,-14.5
159,Company_159,2018,1054.8,7.4,1206.2,7.4
159,Company_159,2019,1130.1,7.5,1504.8,7.1
159,Company_159,2020,1113.1,7.3,1338.9,-1.5
159,Company_159,2021,1228.2,8.5,1609.3,10.3
159,Company_159,2022,1270.6,7.9,1532.7,3.5
159,Company_159,2023,1304.0,5.7,1610.5,2.6
159,Company_159,2024,1427.7,6.3,2039.7,9.5
159,Company_159,2025,1508.5,9.0,2233.0,5.7
160,Company_160,2015,999.7,10.1,955.3,
160,Company_160,2016,1123.6,7.9,955.3,12.4
160,Company_160,2017,1063.7,9.1,1114.5,-5.3
160,Company_160,2018,1031.2,9.4,910.6,-3.1
160,Company_160,2019,1218.0,9.5,1085.0,18.1
160,Company_160,2020,1278.8,9.0,1446.4,5.0
160,Company_160,2021,1369.6,9.2,1046.5,7.1
160,Company_160,2022,1546.5,10.9,1831.4,12.9
160,Company_160,2023,1650.5,9.3,2006.4,6.7
160,Company_160,2024,1608.5,11.0,2372.3,-2.5
160,Company_160,2025,1715.1,9.7,1604.3,6.6
161,Company_161,2015,3950.3,8.6,7664.0,
161,Company_161,2016,4176.3,13.9,15722.4,5.7
161,Company_161,2017,4333.8,19.3,14812.9,3.8
161,Company_161,2018,4449.6,17.8,20271.6,2.7
161,Company_161,2019,4149.9,22.8,15518.5,-6.7
161,Company_161,2020,4302.5,25.5,18828.3,3.7
161,Company_161,2021,4260.0,24.9,25275.2,-1.0
161,Company_161,2022,4501.0,26.6,35703.7,5.7
161,Company_161,2023,4689.2,27.4,35970.0,4.2
161,Company_161,2024,4857.2,26.6,22494.5,3.6
161,Company_161,2025,4883.4,26.1,34342.4,0.5
162,Company_162,2015,27289.2,12.6,74405.7,
162,Company_162,2016,29591.9,13.2,114179.1,8.4
162,Company_162,2017,31379.6,13.3,72376.1,6.0
162,Company_162,2018,34994.6,11.3,99795.0,11.5
162,Company_162,2019,36784.5,9.3,68160.4,5.1
162,Company_162,2020,42620.5,2.6,20950.7,15.9
162,Company_162,2021,49308.8,4.4,38452.6,15.7
162,Company_162,2022,52703.4,7.2,64552.8,6.9
162,Company_162,2023,57339.1,4.9,88013.8,8.8
162,Company_162,2024,63586.0,-0.6,197082.3,10.9
162,Company_162,2025,70943.6,-0.2,186676.7,11.6
163,Company_163,2015,2099.7,-4.1,8210.4,
163,Company_163,2016,2022.4,-4.5,1016.2,-3.7
163,Company_163,2017,2177.9,-17.3,7465.0,7.7
163,Company_163,2018,2102.2,-13.2,6125.6,-3.5
163,Company_163,2019,2139.6,-10.6,7726.8,1.8
163,Company_163,2020,2053.7,-9.4,6807.4,-4.0
163,Company_163,2021,1811.0,-8.6,8494.7,-11.8
163,Company_163,2022,1830.6,-1.2,7363.1,1.1
163,Company_163,2023,1886.4,-4.7,8899.4,3.1
163,Company_163,2024,2017.0,-4.2,1309.3,6.9
163,Company_163,2025,1893.8,-11.7,975.7,-6.1
164,Company_164,2015,354.1,6.0,414.1,
164,Company_164,2016,399.3,6.7,543.7,12.8
164,Company_164,2017,446.4,7.4,688.2,11.8
164,Company_164,2018,491.5,7.7,507.5,10.1
164,Company_164,2019,499.2,8.9,988.0,1.6
164,Company_164,2020,507.8,11.9,1167.1,1.7
164,Company_164,2021,563.4,10.5,846.8,10.9
164,Company_164,2022,653.9,10.0,1333.3,16.1
164,Company_164,2023,669.2,6.3,642.9,2.3
164,Company_164,2024,661.4,6.4,814.6,-1.2
164,Company_164,2025,698.8,6.9,1002.2,5.7
165,Company_165,2015,1599.5,9.2,3147.1,
165,Company_165,2016,1890.9,5.3,2072.7,18.2
165,Company_165,2017,1926.0,1.9,753.0,1.9
165,Company_165,2018,2039.5,7.1,1332.8,5.9
165,Company_165,2019,2007.8,9.1,2853.0,-1.6
165,Company_165,2020,2261.9,12.6,4106.1,12.7
165,Company_165,2021,2790.2,11.9,2992.7,23.4
165,Company_165,2022,3321.8,8.7,3232.5,19.1
165,Company_165,2023,3167.3,4.1,2509.2,-4.7
165,Company_165,2024,3213.0,5.8,2530.6,1.4
165,Company_165,2025,3270.8,6.2,4256.0,1.8
166,Company_166,2015,1276.0,24.7,6099.3,
166,Company_166,2016,1298.1,24.5,3251.2,1.7
166,Company_166,2017,1245.9,23.6,5712.4,-4.0
166,Company_166,2018,1143.1,20.4,3255.8,-8.3
166,Company_166,2019,1258.9,14.0,3239.3,10.1
166,Company_166,2020,1214.9,14.1,1507.7,-3.5
166,Company_166,2021,1143.5,10.6,1796.0,-5.9
166,Company_166,2022,1124.4,19.8,2127.6,-1.7
166,Company_166,2023,1166.2,29.2,6799.1,3.7
166,Company_166,2024,929.5,34.7,3635.2,-20.3
166,Company_166,2025,896.5,40.8,6077.3,-3.5
167,Company_167,2015,3888.7,9.7,3881.1,
167,Company_167,2016,4343.0,2.0,728.9,11.7
167,Company_167,2017,4880.5,-0.6,13024.0,12.4
167,Company_167,2018,5545.6,8.1,8317.3,13.6
167,Company_167,2019,7490.3,7.3,7040.4,35.1
167,Company_167,2020,8115.2,2.5,3785.3,8.3
167,Company_167,2021,9709.5,-3.1,17498.4,19.6
167,Company_167,2022,10812.2,1.2,2067.2,11.4
167,Company_167,2023,12884.8,-0.2,35503.5,19.2
167,Company_167,2024,15011.2,3.4,9733.0,16.5
167,Company_167,2025,20645.2,3.8,7903.5,37.5
168,Company_168,2015,2170.1,20.1,9993.2,
168,Company_168,2016,2116.9,24.7,10567.6,-2.5
168,Company_168,2017,2096.7,27.7,7739.4,-1.0
168,Company_168,2018,2256.0,30.2,13897.4,7.6
168,Company_168,2019,2447.1,32.8,18803.5,8.5
168,Company_168,2020,2715.6,33.0,9598.2,11.0
168,Company_168,2021,2607.6,32.3,11351.3,-4.0
168,Company_168,2022,2630.9,35.7,14953.3,0.9
168,Company_168,2023,2546.6,38.6,13597.2,-3.2
168,Company_168,2024,2539.8,36.0,17569.8,-0.3
168,Company_168,2025,2673.6,32.9,16945.5,5.3
169,Company_169,2015,629.2,6.6,829.9,
169,Company_169,2016,641.0,7.7,621.4,1.9
169,Company_169,2017,634.0,8.3,798.9,-1.1
169,Company_169,2018,787.1,6.6,786.9,24.2
169,Company_169,2019,831.8,5.4,547.4,5.7
169,Company_169,2020,880.1,6.7,979.9,5.8
169,Company_169,2021,1011.0,7.4,1110.8,14.9
169,Company_169,2022,1177.7,4.5,1226.2,16.5
169,Company_169,2023,1172.3,4.3,816.3,-0.5
169,Company_169,2024,1320.7,0.4,102.2,12.7
169,Company_169,2025,1570.1,0.6,143.2,18.9
170,Company_170,2015,1033.7,16.7,1888.9,
170,Company_170,2016,863.5,7.7,760.0,-16.5
170,Company_170,2017,903.9,-2.3,3316.6,4.7
170,Company_170,2018,847.3,-6.8,943.3,-6.3
170,Company_170,2019,757.1,-10.1,3601.0,-10.6
170,Company_170,2020,710.2,-11.6,2810.4,-6.2
170,Company_170,2021,605.6,-8.9,1895.0,-14.7
170,Company_170,2022,574.6,-14.0,457.8,-5.1
170,Company_170,2023,497.5,-17.5,2390.2,-13.4
170,Company_170,2024,451.4,-16.6,1283.3,-9.3
170,Company_170,2025,443.9,-20.0,1357.2,-1.7
171,Company_171,2015,531.0,9.6,427.4,
171,Company_171,2016,541.0,8.1,599.1,1.9
171,Company_171,2017,592.8,7.9,445.5,9.6
171,Company_171,2018,624.8,10.4,690.4,5.4
171,Company_171,2019,631.8,9.8,773.5,1.1
171,Company_171,2020,658.7,12.2,997.2,4.3
171,Company_171,2021,741.9,12.2,801.9,12.6
171,Company_171,2022,772.2,11.7,767.3,4.1
171,Company_171,2023,800.0,10.8,739.8,3.6
171,Company_171,2024,864.0,11.6,1200.5,8.0
171,Company_171,2025,899.6,14.1,1359.2,4.1
172,Company_172,2015,5946.3,19.6,9956.8,
172,Company_172,2016,6253.6,14.6,16369.7,5.2
172,Company_172,2017,6390.2,2.8,2524.4,2.2
172,Company_172,2018,6903.8,3.6,4632.8,8.0
172,Company_172,2019,7258.8,4.3,2950.4,5.1
172,Company_172,2020,7313.2,7.8,6979.1,0.7
172,Company_172,2021,7803.5,-0.6,19340.2,6.7
172,Company_172,2022,7504.2,10.8,12381.1,-3.8
172,Company_172,2023,7537.8,17.1,25578.3,0.4
172,Company_172,2024,7369.3,9.9,10801.8,-2.2
172,Company_172,2025,7392.3,14.3,11993.9,0.3
173,Company_173,2015,662.7,2.1,262.7,
173,Company_173,2016,711.0,1.9,124.7,7.3
173,Company_173,2017,682.3,2.9,391.3,-4.0
173,Company_173,2018,653.1,0.1,9.5,-4.3
173,Company_173,2019,775.0,4.3,468.0,18.7
173,Company_173,2020,832.1,0.8,88.6,7.4
173,Company_173,2021,887.2,-1.6,830.4,6.6
173,Company_173,2022,859.5,-0.6,3455.2,-3.1
173,Company_173,2023,989.6,3.0,560.6,15.1
173,Company_173,2024,1013.1,1.6,230.1,2.4
173,Company_173,2025,1023.4,1.2,122.4,1.0
174,Company_174,2015,393.1,2.0,139.9,
174,Company_174,2016,396.6,1.1,54.6,0.9
174,Company_174,2017,374.0,-2.4,910.1,-5.7
174,Company_174,2018,360.3,-1.8,560.5,-3.6
174,Company_174,2019,356.0,-4.7,1373.7,-1.2
174,Company_174,2020,341.4,-3.2,759.9,-4.1
174,Company_174,2021,331.3,-8.5,702.4,-3.0
174,Company_174,2022,330.0,-13.0,1417.7,-0.4
174,Company_174,2023,300.3,-10.5,172.9,-9.0
174,Company_174,2024,238.9,-10.2,932.4,-20.4
174,Company_174,2025,223.6,-13.3,644.4,-6.4
175,Company_175,2015,3129.5,15.4,5847.7,
175,Company_175,2016,3538.3,12.4,8160.9,13.1
175,Company_175,2017,3901.3,9.6,7028.4,10.3
175,Company_175,2018,4508.5,5.5,4900.5,15.6
175,Company_175,2019,5398.2,3.2,1897.9,19.7
175,Company_175,2020,6048.6,4.5,3609.0,12.0
175,Company_175,2021,7059.1,5.7,4487.4,16.7
175,Company_175,2022,8321.9,3.8,4071.9,17.9
175,Company_175,2023,8836.1,4.4,7479.0,6.2
175,Company_175,2024,10281.9,3.9,3345.6,16.4
175,Company_175,2025,11141.7,4.2,8356.0,8.4
176,Company_176,2015,1888.5,12.1,2563.0,
176,Company_176,2016,2103.1,12.4,3823.8,11.4
176,Company_176,2017,2425.2,12.3,4635.1,15.3
176,Company_176,2018,2520.7,12.2,7230.9,3.9
176,Company_176,2019,2748.5,17.5,6353.4,9.0
176,Company_176,2020,2743.7,19.3,9905.0,-0.2
176,Company_176,2021,2817.5,20.5,10285.8,2.7
176,Company_176,2022,3095.3,18.5,12696.8,9.9
176,Company_176,2023,3235.3,15.1,6678.5,4.5
176,Company_176,2024,3522.2,18.1,9491.6,8.9
176,Company_176,2025,3654.2,18.7,7585.8,3.7
177,Company_177,2015,1564.1,12.5,3220.7,
177,Company_177,2016,1645.9,11.2,1586.5,5.2
177,Company_177,2017,1850.5,14.0,3645.9,12.4
177,Company_177,2018,1836.8,17.0,4271.8,-0.7
177,Company_177,2019,2296.2,19.8,9993.6,25.0
177,Company_177,2020,2101.6,15.2,3362.7,-8.5
177,Company_177,2021,2289.5,16.6,7390.7,8.9
177,Company_177,2022,2367.5,21.0,7919.6,3.4
177,Company_177,2023,2513.1,27.2,6381.8,6.2
177,Company_177,2024,2620.3,23.8,12394.4,4.3
177,Company_177,2025,2639.9,22.9,7598.4,0.7
178,Company_178,2015,1715.0,10.2,1460.8,
178,Company_178,2016,1932.6,11.7,3847.9,12.7
178,Company_178,2017,2223.0,11.8,4352.1,15.0
178,Company_178,2018,2506.6,9.8,3890.2,12.8
178,Company_178,2019,2654.4,6.8,1873.7,5.9
178,Company_178,2020,2822.6,11.1,3278.9,6.3
178,Company_178,2021,3471.8,6.6,3190.8,23.0
178,Company_178,2022,4242.0,7.9,4487.3,22.2
178,Company_178,2023,5076.5,9.0,5629.1,19.7
178,Company_178,2024,6326.9,9.1,7210.4,24.6
178,Company_178,2025,6860.0,4.2,3107.4,8.4
179,Company_179,2015,1748.0,14.1,1980.6,
179,Company_179,2016,2002.1,15.7,4163.7,14.5
179,Company_179,2017,2212.0,14.4,5132.6,10.5
179,Company_179,2018,2189.2,14.0,5981.6,-1.0
179,Company_179,2019,2171.7,15.1,4049.4,-0.8
179,Company_179,2020,2111.4,15.2,5192.0,-2.8
179,Company_179,2021,2227.2,13.5,3425.6,5.5
179,Company_179,2022,2069.9,12.1,3974.6,-7.1
179,Company_179,2023,2102.5,14.1,2998.8,1.6
179,Company_179,2024,2201.5,14.4,4989.0,4.7
179,Company_179,2025,2534.0,14.5,4746.9,15.1
180,Company_180,2015,1091.6,16.6,1485.7,
180,Company_180,2016,1237.6,18.2,3074.4,13.4
180,Company_180,2017,1246.5,18.3,3402.6,0.7
180,Company_180,2018,1105.9,17.4,1906.5,-11.3
180,Company_180,2019,1175.1,16.0,2380.6,6.3
180,Company_180,2020,1410.6,16.6,2022.7,20.0
180,Company_180,2021,1270.2,17.5,2695.9,-10.0
180,Company_180,2022,1308.8,18.1,2321.4,3.0
180,Company_180,2023,1344.3,18.9,3215.4,2.7
180,Company_180,2024,1301.3,18.2,2639.4,-3.2
180,Company_180,2025,1366.7,18.9,2425.5,5.0
181,Company_181,2015,1601.0,17.4,4314.6,
181,Company_181,2016,1663.6,16.4,3656.1,3.9
181,Company_181,2017,1907.7,17.6,5997.4,14.7
181,Company_181,2018,2291.8,18.7,7959.5,20.1
181,Company_181,2019,2492.5,23.4,5226.9,8.8
181,Company_181,2020,2563.9,27.8,7606.6,2.9
181,Company_181,2021,2642.2,28.6,6594.7,3.1
181,Company_181,2022,2852.0,28.7,14639.3,7.9
181,Company_181,2023,3108.3,27.7,9105.8,9.0
181,Company_181,2024,3269.0,26.7,9182.9,5.2
181,Company_181,2025,3865.3,26.5,10809.1,18.2
182,Company_182,2015,3212.6,7.4,4775.4,
182,Company_182,2016,3391.7,6.3,4105.4,5.6
182,Company_182,2017,3577.6,8.6,4558.9,5.5
182,Company_182,2018,3204.0,8.9,5168.7,-10.4
182,Company_182,2019,3227.5,6.1,3164.1,0.7
182,Company_182,2020,3206.3,4.0,2694.2,-0.7
182,Company_182,2021,2955.8,4.6,2146.4,-7.8
182,Company_182,2022,3377.1,7.1,3011.1,14.3
182,Company_182,2023,3139.0,8.0,3620.8,-7.1
182,Company_182,2024,3163.7,10.2,6106.3,0.8
182,Company_182,2025,3164.3,10.9,7381.5,0.0
183,Company_183,2015,999.1,11.7,2270.7,
183,Company_183,2016,991.1,12.2,1610.5,-0.8
183,Company_183,2017,933.3,10.3,1782.0,-5.8
183,Company_183,2018,918.8,10.0,1318.3,-1.6
183,Company_183,2019,913.5,8.8,1174.1,-0.6
183,Company_183,2020,837.6,7.5,844.8,-8.3
183,Company_183,2021,828.2,7.4,1498.5,-1.1
183,Company_183,2022,775.3,9.2,1302.1,-6.4
183,Company_183,2023,711.7,6.8,964.9,-8.2
183,Company_183,2024,807.3,4.7,761.7,13.4
183,Company_183,2025,791.8,3.4,406.4,-1.9
184,Company_184,2015,859.4,9.3,797.6,
184,Company_184,2016,826.2,10.5,693.2,-3.9
184,Company_184,2017,791.0,9.4,1032.0,-4.3
184,Company_184,2018,849.6,9.7,890.0,7.4
184,Company_184,2019,880.2,10.2,1072.7,3.6
184,Company_184,2020,871.0,9.5,896.1,-1.1
184,Company_184,2021,1000.5,9.1,1014.8,14.9
184,Company_184,2022,1137.5,9.2,979.1,13.7
184,Company_184,2023,972.5,9.2,1120.1,-14.5
184,Company_184,2024,951.0,9.4,933.1,-2.2
184,Company_184,2025,1046.7,9.1,884.2,10.1
185,Company_185,2015,423.6,0.6,34.6,
185,Company_185,2016,340.4,-1.6,1281.9,-19.6
185,Company_185,2017,348.6,2.2,147.6,2.4
185,Company_185,2018,414.9,7.9,491.1,19.0
185,Company_185,2019,447.9,9.1,789.5,7.9
185,Company_185,2020,465.6,3.6,172.9,4.0
185,Company_185,2021,452.8,1.8,90.3,-2.7
185,Company_185,2022,505.4,-0.8,1609.0,11.6
185,Company_185,2023,665.3,-3.5,1951.5,31.6
185,Company_185,2024,764.6,-3.7,3199.1,14.9
185,Company_185,2025,793.8,-5.4,3335.6,3.8
186,Company_186,2015,3198.6,12.1,4295.3,
186,Company_186,2016,3311.5,14.0,8063.0,3.5
186,Company_186,2017,3286.3,11.5,4317.9,-0.8
186,Company_186,2018,3517.5,13.5,7972.4,7.0
186,Company_186,2019,3384.6,13.7,4245.0,-3.8
186,Company_186,2020,3982.9,13.9,9782.7,17.7
186,Company_186,2021,3991.3,11.0,5491.7,0.2
186,Company_186,2022,3568.8,10.3,5641.8,-10.6
186,Company_186,2023,3513.7,8.7,3066.0,-1.5
186,Company_186,2024,3280.7,5.4,1454.3,-6.6
186,Company_186,2025,2602.3,4.0,1343.3,-20.7
187,Company_187,2015,1608.1,12.7,2638.5,
187,Company_187,2016,1689.6,12.4,1790.8,5.1
187,Company_187,2017,1730.0,12.8,1995.8,2.4
187,Company_187,2018,2047.8,13.6,4073.9,18.4
187,Company_187,2019,2216.2,16.7,4026.4,8.2
187,Company_187,2020,2575.5,17.3,6402.0,16.2
187,Company_187,2021,2975.4,18.7,8077.0,15.5
187,Company_187,2022,3113.2,20.9,9726.1,4.6
187,Company_187,2023,3552.3,21.1,8160.6,14.1
187,Company_187,2024,3720.1,21.4,7768.2,4.7
187,Company_187,2025,3806.3,23.3,10536.5,2.3
188,Company_188,2015,1871.4,11.1,4887.7,
188,Company_188,2016,2223.8,11.0,5859.8,18.8
188,Company_188,2017,2831.9,10.9,6955.0,27.3
188,Company_188,2018,3158.1,10.3,6707.2,11.5
188,Company_188,2019,3602.2,8.6,5187.4,14.1
188,Company_188,2020,4268.5,8.5,3719.2,18.5
188,Company_188,2021,4362.9,7.1,5901.3,2.2
188,Company_188,2022,4436.9,7.5,6836.2,1.7
188,Company_188,2023,5552.7,5.8,4812.6,25.1
188,Company_188,2024,5946.8,6.5,4720.5,7.1
188,Company_188,2025,6856.4,4.6,3816.6,15.3
189,Company_189,2015,1831.4,17.2,7828.7,
189,Company_189,2016,1771.8,17.8,6128.1,-3.3
189,Company_189,2017,1924.3,18.4,8690.3,8.6
189,Company_189,2018,2091.7,20.2,6025.8,8.7
189,Company_189,2019,2086.6,17.8,8161.0,-0.2
189,Company_189,2020,2059.9,18.4,5956.1,-1.3
189,Company_189,2021,2146.8,13.9,4543.3,4.2
189,Company_189,2022,2268.1,10.3,5515.2,5.6
189,Company_189,2023,2413.9,10.7,4953.5,6.4
189,Company_189,2024,2425.3,7.3,3541.5,0.5
189,Company_189,2025,2345.5,5.5,1323.6,-3.3
190,Company_190,2015,2760.2,18.1,11201.0,
190,Company_190,2016,2893.4,19.0,11653.6,4.8
190,Company_190,2017,3356.3,16.8,19439.1,16.0
190,Company_190,2018,3714.4,17.2,16856.3,10.7
190,Company_190,2019,3946.7,17.9,14053.3,6.3
190,Company_190,2020,3840.4,16.2,18295.1,-2.7
190,Company_190,2021,4140.3,14.0,19771.7,7.8
190,Company_190,2022,4379.1,16.5,14672.0,5.8
190,Company_190,2023,5003.8,22.1,35398.4,14.3
190,Company_190,2024,5872.5,19.3,26807.8,17.4
190,Company_190,2025,6410.6,22.8,28719.0,9.2
191,Company_191,2015,465.1,9.4,478.3,
191,Company_191,2016,486.5,6.4,466.1,4.6
191,Company_191,2017,531.6,7.3,619.5,9.3
191,Company_191,2018,622.0,4.9,245.6,17.0
191,Company_191,2019,667.2,3.5,441.1,7.3
191,Company_191,2020,752.0,4.1,355.3,12.7
191,Company_191,2021,827.0,4.4,491.6,10.0
191,Company_191,2022,949.2,6.0,523.4,14.8
191,Company_191,2023,971.5,6.9,760.4,2.3
191,Company_191,2024,1010.4,7.9,934.5,4.0
191,Company_191,2025,1004.8,8.4,1246.5,-0.6
192,Company_192,2015,238.0,12.5,505.4,
192,Company_192,2016,269.8,15.7,466.0,13.4
192,Company_192,2017,320.9,15.6,771.7,19.0
192,Company_192,2018,353.9,17.9,1040.1,10.3
192,Company_192,2019,433.1,18.2,1006.3,22.4
192,Company_192,2020,455.7,18.0,1708.9,5.2
192,Company_192,2021,477.9,18.9,947.6,4.9
192,Company_192,2022,537.2,18.2,2042.1,12.4
192,Company_192,2023,638.0,19.1,1959.0,18.8
192,Company_192,2024,701.8,20.4,2163.3,10.0
192,Company_192,2025,744.9,18.8,3237.5,6.1
193,Company_193,2015,1453.2,4.4,750.7,
193,Company_193,2016,1581.6,6.5,1607.1,8.8
193,Company_193,2017,1877.6,7.6,1418.2,18.7
193,Company_193,2018,2224.3,8.5,3887.6,18.5
193,Company_193,2019,2331.1,8.3,3948.9,4.8
193,Company_193,2020,2394.1,10.1,4752.5,2.7
193,Company_193,2021,2558.9,9.7,4355.4,6.9
193,Company_193,2022,2906.8,9.2,3609.8,13.6
193,Company_193,2023,2996.3,9.8,3783.6,3.1
193,Company_193,2024,3155.3,13.4,4058.9,5.3
193,Company_193,2025,3522.6,10.4,3351.8,11.6
194,Company_194,2015,1247.1,9.1,2214.5,
194,Company_194,2016,1321.0,7.4,1967.9,5.9
194,Company_194,2017,1353.3,10.1,1681.3,2.4
194,Company_194,2018,1253.2,13.1,2764.4,-7.4
194,Company_194,2019,1296.8,11.9,2162.2,3.5
194,Company_194,2020,1363.2,14.1,3714.7,5.1
194,Company_194,2021,1334.1,10.6,1718.9,-2.1
194,Company_194,2022,1246.8,7.1,1516.2,-6.5
194,Company_194,2023,1155.9,5.4,1301.3,-7.3
194,Company_194,2024,1084.5,3.5,607.6,-6.2
194,Company_194,2025,1137.5,5.9,1124.3,4.9
195,Company_195,2015,1053.9,13.7,2510.2,
195,Company_195,2016,1135.6,13.5,2581.7,7.8
195,Company_195,2017,1131.8,12.1,2057.6,-0.3
195,Company_195,2018,1138.3,9.9,1102.3,0.6
195,Company_195,2019,1198.0,9.9,1084.7,5.2
195,Company_195,2020,1168.9,9.2,1085.8,-2.4
195,Company_195,2021,1365.2,8.9,1113.4,16.8
195,Company_195,2022,1567.5,4.7,667.0,14.8
195,Company_195,2023,1741.6,7.6,1872.4,11.1
195,Company_195,2024,1663.4,10.7,2894.1,-4.5
195,Company_195,2025,1703.0,10.4,2952.7,2.4
196,Company_196,2015,4947.2,7.8,4113.4,
196,Company_196,2016,4836.6,6.0,3298.0,-2.2
196,Company_196,2017,5218.2,4.9,3785.8,7.9
196,Company_196,2018,5373.3,8.4,8883.3,3.0
196,Company_196,2019,6194.8,6.3,5076.1,15.3
196,Company_196,2020,6553.9,6.0,5801.1,5.8
196,Company_196,2021,7180.1,5.4,8302.7,9.6
196,Company_196,2022,7986.7,4.9,4647.8,11.2
196,Company_196,2023,8304.8,4.5,6319.8,4.0
196,Company_196,2024,8749.0,-0.7,30780.2,5.3
196,Company_196,2025,9441.1,0.0,72.5,7.9
197,Company_197,2015,5503.7,21.9,19196.9,
197,Company_197,2016,5060.4,13.7,8480.8,-8.1
197,Company_197,2017,4722.8,14.8,6036.2,-6.7
197,Company_197,2018,5437.4,14.4,14034.5,15.1
197,Company_197,2019,5886.4,18.7,11695.2,8.3
197,Company_197,2020,4684.1,22.5,8570.5,-20.4
197,Company_197,2021,5002.8,21.3,13948.0,6.8
197,Company_197,2022,4246.2,14.6,8279.9,-15.1
197,Company_197,2023,3755.4,15.5,10717.6,-11.6
197,Company_197,2024,4212.5,10.0,7460.4,12.2
197,Company_197,2025,4374.2,7.6,4955.0,3.8
198,Company_198,2015,409.3,12.4,813.7,
198,Company_198,2016,484.8,12.7,937.2,18.5
198,Company_198,2017,461.0,17.0,1470.8,-4.9
198,Company_198,2018,459.6,15.0,1076.0,-0.3
198,Company_198,2019,434.6,11.5,639.9,-5.4
198,Company_198,2020,459.7,11.4,647.7,5.8
198,Company_198,2021,414.7,10.6,488.7,-9.8
198,Company_198,2022,422.4,15.2,659.2,1.8
198,Company_198,2023,450.9,15.2,1141.4,6.8
198,Company_198,2024,370.7,11.7,867.0,-17.8
198,Company_198,2025,370.0,16.0,1245.0,-0.2
199,Company_199,2015,504.8,4.0,465.9,
199,Company_199,2016,495.9,5.7,332.8,-1.7
199,Company_199,2017,536.7,4.5,479.4,8.2
199,Company_199,2018,534.7,6.3,705.8,-0.4
199,Company_199,2019,520.1,6.4,656.9,-2.7
199,Company_199,2020,554.3,6.5,860.5,6.6
199,Company_199,2021,631.4,5.8,696.7,13.9
199,Company_199,2022,631.0,8.2,854.6,-0.1
199,Company_199,2023,631.9,8.6,720.1,0.1
199,Company_199,2024,701.8,9.3,1268.8,11.1
199,Company_199,2025,743.0,9.7,1588.1,5.9
200,Company_200,2015,2942.8,12.5,8364.8,
200,Company_200,2016,2731.8,14.5,7373.8,-7.2
200,Company_200,2017,2611.0,16.4,5055.1,-4.4
200,Company_200,2018,2846.9,17.7,7886.0,9.0
200,Company_200,2019,2809.3,18.5,7869.6,-1.3
200,Company_200,2020,3386.2,17.4,13427.3,20.5
200,Company_200,2021,3807.9,17.1,15839.1,12.5
200,Company_200,2022,4375.3,15.6,11368.4,14.9
200,Company_200,2023,4716.6,14.7,14722.6,7.8
200,Company_200,2024,5610.5,13.9,11658.2,19.0
200,Company_200,2025,5837.6,14.1,12058.7,4.0
201,Company_201,2015,1432.7,8.0,959.4,
201,Company_201,2016,1602.6,9.9,2209.6,11.9
201,Company_201,2017,1702.6,12.3,2124.6,6.2
201,Company_201,2018,1825.7,12.1,2062.5,7.2
201,Company_201,2019,1922.5,13.3,2302.6,5.3
201,Company_201,2020,2097.4,15.9,4740.5,9.1
201,Company_201,2021,1895.1,13.3,2469.4,-9.6
201,Company_201,2022,1849.7,13.0,2138.5,-2.4
201,Company_201,2023,2026.6,12.8,3310.7,9.6
201,Company_201,2024,2131.4,10.2,3071.8,5.2
201,Company_201,2025,2181.4,9.5,3021.2,2.3
202,Company_202,2015,1375.4,3.5,646.9,
202,Company_202,2016,1340.4,3.9,741.1,-2.5
202,Company_202,2017,1314.2,2.5,435.6,-2.0
202,Company_202,2018,1673.2,2.3,388.5,27.3
202,Company_202,2019,1731.1,-1.0,4690.7,3.5
202,Company_202,2020,1758.9,-1.4,7375.0,1.6
202,Company_202,2021,1559.3,0.6,113.1,-11.3
202,Company_202,2022,1614.9,0.6,114.1,3.6
202,Company_202,2023,1542.0,-0.1,5051.5,-4.5
202,Company_202,2024,1804.4,-0.1,2679.4,17.0
202,Company_202,2025,1757.2,-0.4,8328.3,-2.6
203,Company_203,2015,7363.5,26.4,27235.7,
203,Company_203,2016,6528.2,19.2,17615.2,-11.3
203,Company_203,2017,5475.8,26.1,26554.0,-16.1
203,Company_203,2018,5085.3,24.6,19926.6,-7.1
203,Company_203,2019,4549.0,19.1,7972.1,-10.5
203,Company_203,2020,4466.5,15.4,8684.3,-1.8
203,Company_203,2021,4104.6,14.5,7927.6,-8.1
203,Company_203,2022,4029.9,11.0,3624.0,-1.8
203,Company_203,2023,3728.1,15.5,11112.2,-7.5
203,Company_203,2024,3044.4,16.0,9306.0,-18.3
203,Company_203,2025,3137.3,12.1,5634.6,3.0
204,Company_204,2015,392.6,7.8,757.1,
204,Company_204,2016,411.3,6.9,669.1,4.8
204,Company_204,2017,462.1,7.7,745.1,12.4
204,Company_204,2018,532.3,8.9,845.2,15.2
204,Company_204,2019,572.0,8.1,510.1,7.5
204,Company_204,2020,596.8,9.7,1404.5,4.3
204,Company_204,2021,655.3,11.9,1863.0,9.8
204,Company_204,2022,765.2,10.9,2085.8,16.8
204,Company_204,2023,877.2,12.9,1664.1,14.6
204,Company_204,2024,991.6,13.6,3056.8,13.0
204,Company_204,2025,1091.4,12.1,2232.8,10.1
205,Company_205,2015,8972.3,37.2,50768.8,
205,Company_205,2016,10125.1,46.7,75962.7,12.8
205,Company_205,2017,11326.6,48.2,48314.8,11.9
205,Company_205,2018,11831.4,46.2,60074.1,4.5
205,Company_205,2019,14065.4,50.0,116732.8,18.9
205,Company_205,2020,13265.8,46.7,84268.0,-5.7
205,Company_205,2021,13037.8,50.0,53700.2,-1.7
205,Company_205,2022,17337.0,50.0,145463.2,33.0
205,Company_205,2023,20672.5,50.0,175849.0,19.2
205,Company_205,2024,22925.7,47.9,95041.1,10.9
205,Company_205,2025,24003.0,50.0,172858.1,4.7
206,Company_206,2015,1070.0,5.5,1299.4,
206,Company_206,2016,1069.9,11.1,2593.6,-0.0
206,Company_206,2017,945.8,8.9,1217.1,-11.6
206,Company_206,2018,924.7,11.9,1639.0,-2.2
206,Company_206,2019,968.5,11.6,1785.2,4.7
206,Company_206,2020,958.0,15.9,2731.2,-1.1
206,Company_206,2021,983.6,15.0,2690.9,2.7
206,Company_206,2022,973.4,17.3,3150.5,-1.0
206,Company_206,2023,848.6,18.6,1619.5,-12.8
206,Company_206,2024,915.5,17.0,2072.4,7.9
206,Company_206,2025,904.7,18.1,1367.4,-1.2
207,Company_207,2015,904.7,11.1,2357.4,
207,Company_207,2016,992.9,8.4,1686.3,9.8
207,Company_207,2017,1112.1,7.8,983.8,12.0
207,Company_207,2018,1105.9,4.8,1280.7,-0.6
207,Company_207,2019,1275.6,6.7,1535.2,15.3
207,Company_207,2020,1454.8,4.9,1331.2,14.0
207,Company_207,2021,1659.7,-0.5,4186.5,14.1
207,Company_207,2022,1812.0,-2.4,9026.8,9.2
207,Company_207,2023,2093.5,0.5,166.0,15.5
207,Company_207,2024,2141.3,2.2,581.8,2.3
207,Company_207,2025,2020.3,2.3,707.4,-5.7
208,Company_208,2015,19654.0,3.6,7008.7,
208,Company_208,2016,20540.5,2.0,8771.3,4.5
208,Company_208,2017,19153.6,0.9,2009.4,-6.8
208,Company_208,2018,19673.3,2.4,4028.1,2.7
208,Company_208,2019,21000.4,2.5,10680.8,6.7
208,Company_208,2020,19721.5,2.7,10554.4,-6.1
208,Company_208,2021,18898.9,-0.6,62343.2,-4.2
208,Company_208,2022,18794.5,2.9,9956.5,-0.6
208,Company_208,2023,19004.8,2.1,3970.5,1.1
208,Company_208,2024,20621.7,6.4,27564.1,8.5
208,Company_208,2025,22083.6,1.2,2659.8,7.1
209,Company_209,2015,1042.7,1.4,291.7,
209,Company_209,2016,1017.3,2.6,288.3,-2.4
209,Company_209,2017,1119.6,5.3,680.5,10.0
209,Company_209,2018,1337.4,1.8,236.9,19.5
209,Company_209,2019,1256.3,0.4,101.6,-6.1
209,Company_209,2020,1308.8,-0.8,4542.0,4.2
209,Company_209,2021,1356.6,-0.8,5091.1,3.7
209,Company_209,2022,1519.3,-3.1,5311.8,12.0
209,Company_209,2023,1561.0,-3.8,2127.8,2.7
209,Company_209,2024,1771.5,-5.5,2891.8,13.5
209,Company_209,2025,1890.3,-4.9,2268.0,6.7
210,Company_210,2015,1132.1,6.4,1280.4,
210,Company_210,2016,1138.1,8.5,1394.4,0.5
210,Company_210,2017,1088.2,8.2,2125.9,-4.4
210,Company_210,2018,1041.9,6.2,907.5,-4.3
210,Company_210,2019,1137.7,3.3,876.1,9.2
210,Company_210,2020,1135.1,0.3,91.4,-0.2
210,Company_210,2021,1114.4,2.5,619.6,-1.8
210,Company_210,2022,1243.7,2.8,477.8,11.6
210,Company_210,2023,1221.1,3.4,594.1,-1.8
210,Company_210,2024,1240.8,3.8,952.7,1.6
210,Company_210,2025,1275.6,3.5,1002.4,2.8
211,Company_211,2015,1182.5,7.5,1664.5,
211,Company_211,2016,1143.6,3.0,590.8,-3.3
211,Company_211,2017,1304.6,5.0,981.5,14.1
211,Company_211,2018,1439.5,6.7,1219.7,10.3
211,Company_211,2019,1364.7,11.8,2219.8,-5.2
211,Company_211,2020,1451.9,10.1,3324.9,6.4
211,Company_211,2021,1459.6,9.8,2087.9,0.5
211,Company_211,2022,1368.3,8.0,2209.0,-6.3
211,Company_211,2023,1445.9,6.5,2111.4,5.7
211,Company_211,2024,1581.4,3.6,1147.5,9.4
211,Company_211,2025,1526.2,4.8,946.2,-3.5
212,Company_212,2015,636.1,11.1,1241.7,
212,Company_212,2016,666.4,10.7,919.7,4.8
212,Company_212,2017,750.5,9.2,1661.2,12.6
212,Company_212,2018,782.5,9.3,1234.5,4.3
212,Company_212,2019,847.0,8.9,1517.2,8.2
212,Company_212,2020,888.3,7.1,1109.7,4.9
212,Company_212,2021,1026.8,7.8,1833.6,15.6
212,Company_212,2022,1028.3,7.9,1146.0,0.1
212,Company_212,2023,1010.6,10.6,1951.1,-1.7
212,Company_212,2024,1074.7,8.8,1320.4,6.3
212,Company_212,2025,1114.5,4.2,517.9,3.7
213,Company_213,2015,54045.5,22.4,387117.3,
213,Company_213,2016,52102.5,24.1,386167.0,-3.6
213,Company_213,2017,49515.7,27.6,228599.4,-5.0
213,Company_213,2018,48922.7,26.9,290998.1,-1.2
213,Company_213,2019,49773.7,25.3,428490.6,1.7
213,Company_213,2020,52686.1,27.3,287049.0,5.9
213,Company_213,2021,49599.2,26.2,218834.1,-5.9
213,Company_213,2022,54033.4,21.8,214857.0,8.9
213,Company_213,2023,56646.8,21.9,335160.4,4.8
213,Company_213,2024,60698.8,30.6,351107.1,7.2
213,Company_213,2025,57751.7,33.0,523317.8,-4.9
214,Company_214,2015,2526.1,12.2,4408.1,
214,Company_214,2016,2811.0,13.1,3435.2,11.3
214,Company_214,2017,3015.4,12.7,4446.2,7.3
214,Company_214,2018,3436.4,13.7,4519.4,14.0
214,Company_214,2019,3586.1,12.4,3645.7,4.4
214,Company_214,2020,3474.6,11.9,4766.9,-3.1
214,Company_214,2021,3613.6,10.4,4990.0,4.0
214,Company_214,2022,3752.5,14.1,4464.5,3.8
214,Company_214,2023,4120.6,14.9,6211.7,9.8
214,Company_214,2024,4443.5,16.5,10474.7,7.8
214,Company_214,2025,4660.7,15.4,10534.7,4.9
215,Company_215,2015,1109.3,7.2,1002.4,
215,Company_215,2016,1021.1,8.1,1215.5,-7.9
215,Company_215,2017,1030.6,7.6,688.6,0.9
215,Company_215,2018,1088.6,8.0,1048.8,5.6
215,Company_215,2019,1080.1,6.5,595.3,-0.8
215,Company_215,2020,1137.1,8.4,1171.8,5.3
215,Company_215,2021,1129.8,5.2,848.2,-0.6
215,Company_215,2022,1146.6,5.9,936.5,1.5
215,Company_215,2023,1126.4,5.5,880.4,-1.8
215,Company_215,2024,1124.0,5.4,785.2,-0.2
215,Company_215,2025,1104.4,6.3,875.5,-1.7
216,Company_216,2015,1757.0,7.4,2220.3,
216,Company_216,2016,1958.5,2.6,491.2,11.5
216,Company_216,2017,2139.9,-1.3,5050.6,9.3
216,Company_216,2018,2344.2,1.0,345.7,9.5
216,Company_216,2019,2599.4,2.2,814.7,10.9
216,Company_216,2020,2700.1,-2.2,6379.1,3.9
216,Company_216,2021,2686.4,-4.6,1373.0,-0.5
216,Company_216,2022,2709.5,-3.2,11400.6,0.9
216,Company_216,2023,2854.3,-4.1,5375.3,5.3
216,Company_216,2024,3255.0,-3.6,7238.2,14.0
216,Company_216,2025,3973.8,-4.9,11475.3,22.1
217,Company_217,2015,2842.3,10.2,4906.6,
217,Company_217,2016,2871.0,12.1,5992.1,1.0
217,Company_217,2017,2946.4,10.2,4934.7,2.6
217,Company_217,2018,2883.5,12.1,6470.6,-2.1
217,Company_217,2019,3082.5,16.2,6540.7,6.9
217,Company_217,2020,3274.0,13.5,3671.8,6.2
217,Company_217,2021,3212.9,19.3,13573.2,-1.9
217,Company_217,2022,3481.4,13.3,4578.1,8.4
217,Company_217,2023,3305.2,15.6,6795.7,-5.1
217,Company_217,2024,3330.2,12.2,6214.1,0.8
217,Company_217,2025,3197.6,7.5,4878.1,-4.0
218,Company_218,2015,996.4,8.7,1037.0,
218,Company_218,2016,902.5,11.1,937.5,-9.4
218,Company_218,2017,954.1,9.8,826.7,5.7
218,Company_218,2018,939.0,6.7,757.8,-1.6
218,Company_218,2019,950.9,6.5,539.4,1.3
218,Company_218,2020,944.9,7.8,888.3,-0.6
218,Company_218,2021,964.2,7.7,986.6,2.0
218,Company_218,2022,918.4,7.9,764.4,-4.7
218,Company_218,2023,1001.2,6.6,895.8,9.0
218,Company_218,2024,839.4,4.9,453.6,-16.2
218,Company_218,2025,819.6,1.6,167.3,-2.4
219,Company_219,2015,446.9,-7.1,1923.7,
219,Company_219,2016,487.5,-3.8,1614.9,9.1
219,Company_219,2017,446.6,-1.7,1112.6,-8.4
219,Company_219,2018,480.2,-0.4,1283.3,7.5
219,Company_219,2019,515.8,-1.1,378.6,7.4
219,Company_219,2020,619.6,-2.5,2666.5,20.1
219,Company_219,2021,620.4,-5.7,2408.7,0.1
219,Company_219,2022,642.6,-6.6,2064.9,3.6
219,Company_219,2023,662.8,-6.6,1781.0,3.1
219,Company_219,2024,748.4,-8.3,976.9,12.9
219,Company_219,2025,716.5,-10.3,3296.0,-4.3
220,Company_220,2015,471.3,3.9,294.2,
220,Company_220,2016,447.7,4.7,243.1,-5.0
220,Company_220,2017,458.8,5.7,284.7,2.5
220,Company_220,2018,387.2,9.0,688.9,-15.6
220,Company_220,2019,320.3,10.3,440.3,-17.3
220,Company_220,2020,294.3,7.6,194.3,-8.1
220,Company_220,2021,271.2,7.5,270.3,-7.9
220,Company_220,2022,253.7,5.5,178.4,-6.4
220,Company_220,2023,218.8,5.4,200.0,-13.8
220,Company_220,2024,205.0,4.2,116.6,-6.3
220,Company_220,2025,178.5,4.0,112.6,-12.9
221,Company_221,2015,2440.3,13.7,6564.0,
221,Company_221,2016,2860.7,14.8,8067.9,17.2
221,Company_221,2017,3201.5,11.8,4081.7,11.9
221,Company_221,2018,3765.4,15.6,11549.7,17.6
221,Company_221,2019,4332.5,15.5,9212.6,15.1
221,Company_221,2020,4269.7,16.0,9997.6,-1.4
221,Company_221,2021,5201.2,15.6,15296.6,21.8
221,Company_221,2022,5577.5,13.0,8627.4,7.2
221,Company_221,2023,5472.6,19.8,15343.2,-1.9
221,Company_221,2024,6436.9,18.6,21727.1,17.6
221,Company_221,2025,7864.2,20.9,40586.5,22.2
222,Company_222,2015,11486.5,19.0,65937.4,
222,Company_222,2016,12010.0,21.5,88029.5,4.6
222,Company_222,2017,12974.2,13.1,40869.1,8.0
222,Company_222,2018,13481.2,13.0,35413.3,3.9
222,Company_222,2019,15113.8,13.3,69708.9,12.1
222,Company_222,2020,15470.3,7.3,36942.8,2.4
222,Company_222,2021,18738.3,7.9,49362.7,21.1
222,Company_222,2022,19168.9,7.4,34499.1,2.3
222,Company_222,2023,22326.5,8.0,30885.8,16.5
222,Company_222,2024,24641.8,8.4,67757.2,10.4
222,Company_222,2025,24496.5,6.7,52956.5,-0.6
223,Company_223,2015,398.5,4.9,368.0,
223,Company_223,2016,349.4,5.9,184.3,-12.3
223,Company_223,2017,323.4,4.6,266.3,-7.4
223,Company_223,2018,334.3,4.9,197.3,3.4
223,Company_223,2019,305.7,7.1,257.2,-8.5
223,Company_223,2020,331.1,4.7,254.7,8.3
223,Company_223,2021,337.1,4.4,180.3,1.8
223,Company_223,2022,293.4,3.7,189.7,-13.0
223,Company_223,2023,265.4,-0.5,282.1,-9.5
223,Company_223,2024,231.0,-2.2,353.9,-13.0
223,Company_223,2025,216.4,-3.8,1045.5,-6.3
224,Company_224,2015,1359.3,8.1,2161.3,
224,Company_224,2016,1458.8,12.4,2011.7,7.3
224,Company_224,2017,1382.0,11.2,1343.8,-5.3
224,Company_224,2018,1634.0,14.1,4145.0,18.2
224,Company_224,2019,1611.4,15.5,4856.2,-1.4
224,Company_224,2020,1601.9,14.0,2705.5,-0.6
224,Company_224,2021,1663.5,14.8,3060.3,3.9
224,Company_224,2022,1831.1,14.8,3453.3,10.1
224,Company_224,2023,2241.7,15.7,4267.8,22.4
224,Company_224,2024,2271.4,17.1,4512.4,1.3
224,Company_224,2025,2588.3,16.9,7758.6,13.9
225,Company_225,2015,685.6,7.8,900.1,
225,Company_225,2016,699.2,6.7,1127.9,2.0
225,Company_225,2017,710.4,6.9,1108.7,1.6
225,Company_225,2018,809.4,5.2,954.5,13.9
225,Company_225,2019,826.2,5.3,932.9,2.1
225,Company_225,2020,915.9,4.4,850.7,10.9
225,Company_225,2021,936.2,8.0,1403.0,2.2
225,Company_225,2022,1045.5,7.1,1263.3,11.7
225,Company_225,2023,1248.1,9.8,2392.6,19.4
225,Company_225,2024,1402.8,9.7,1403.9,12.4
225,Company_225,2025,1543.7,8.7,3180.4,10.0
226,Company_226,2015,3110.3,25.2,15717.2,
226,Company_226,2016,3141.4,23.0,12892.1,1.0
226,Company_226,2017,3123.1,26.4,11708.4,-0.6
226,Company_226,2018,3071.6,22.4,15100.6,-1.7
226,Company_226,2019,2833.2,24.1,16545.6,-7.8
226,Company_226,2020,3099.5,26.6,10408.7,9.4
226,Company_226,2021,2728.3,30.6,13275.6,-12.0
226,Company_226,2022,2712.6,31.8,17434.9,-0.6
226,Company_226,2023,2780.0,30.3,16272.9,2.5
226,Company_226,2024,2819.5,29.4,15592.1,1.4
226,Company_226,2025,2743.9,29.6,13161.7,-2.7
227,Company_227,2015,1045.8,3.8,629.2,
227,Company_227,2016,1032.5,1.6,164.9,-1.3
227,Company_227,2017,1083.9,2.5,244.6,5.0
227,Company_227,2018,1081.9,-0.8,1560.4,-0.2
227,Company_227,2019,973.4,4.8,514.4,-10.0
227,Company_227,2020,968.0,1.6,171.0,-0.6
227,Company_227,2021,1138.0,-3.8,1809.8,17.6
227,Company_227,2022,1208.5,-1.1,5641.4,6.2
227,Company_227,2023,1102.1,-1.4,4935.2,-8.8
227,Company_227,2024,1327.0,-0.1,5389.2,20.4
227,Company_227,2025,1350.3,5.5,722.0,1.8
228,Company_228,2015,1621.4,11.5,2283.0,
228,Company_228,2016,2050.2,13.8,4679.2,26.4
228,Company_228,2017,2097.9,13.0,4639.1,2.3
228,Company_228,2018,2389.8,14.2,5965.2,13.9
228,Company_228,2019,2669.0,14.2,4602.1,11.7
228,Company_228,2020,2767.7,13.4,3117.0,3.7
228,Company_228,2021,3042.2,13.0,3228.5,9.9
228,Company_228,2022,3019.3,14.3,5183.7,-0.8
228,Company_228,2023,3308.7,15.6,4503.2,9.6
228,Company_228,2024,3733.7,17.2,9788.9,12.8
228,Company_228,2025,3857.0,15.6,6295.6,3.3
229,Company_229,2015,2224.8,12.7,5189.0,
229,Company_229,2016,2433.0,12.2,4075.9,9.4
229,Company_229,2017,2637.3,12.3,2687.1,8.4
229,Company_229,2018,2623.2,12.6,6408.0,-0.5
229,Company_229,2019,2412.0,11.0,3940.9,-8.1
229,Company_229,2020,2727.3,10.3,4742.4,13.1
229,Company_229,2021,2586.3,10.0,2737.0,-5.2
229,Company_229,2022,2681.2,10.6,5383.6,3.7
229,Company_229,2023,2891.9,10.2,5295.1,7.9
229,Company_229,2024,2968.3,10.5,3358.5,2.6
229,Company_229,2025,2847.5,8.9,2418.8,-4.1
230,Company_230,2015,275.4,3.9,201.5,
230,Company_230,2016,277.6,4.4,194.3,0.8
230,Company_230,2017,310.3,6.4,235.2,11.8
230,Company_230,2018,320.8,6.3,224.7,3.4
230,Company_230,2019,321.1,7.1,317.7,0.1
230,Company_230,2020,361.1,5.3,227.4,12.5
230,Company_230,2021,397.0,10.7,447.2,9.9
230,Company_230,2022,421.7,4.2,272.8,6.2
230,Company_230,2023,515.7,4.5,465.6,22.3
230,Company_230,2024,550.8,5.4,553.9,6.8
230,Company_230,2025,549.4,7.5,515.3,-0.3
231,Company_231,2015,3950.4,18.6,12680.5,
231,Company_231,2016,4242.8,15.9,10341.4,7.4
231,Company_231,2017,4053.4,16.7,18333.7,-4.5
231,Company_231,2018,4419.0,17.7,12923.4,9.0
231,Company_231,2019,4335.4,13.7,17184.9,-1.9
231,Company_231,2020,4108.7,11.4,8825.1,-5.2
231,Company_231,2021,3958.1,12.6,15743.8,-3.7
231,Company_231,2022,4374.3,11.8,8460.3,10.5
231,Company_231,2023,4584.0,12.8,11608.4,4.8
231,Company_231,2024,4848.4,15.7,14785.7,5.8
231,Company_231,2025,4959.3,15.7,26805.3,2.3
232,Company_232,2015,1042.8,8.8,1010.0,
232,Company_232,2016,1000.8,7.1,1516.3,-4.0
232,Company_232,2017,1082.1,5.0,583.6,8.1
232,Company_232,2018,1122.6,6.9,1548.7,3.7
232,Company_232,2019,1270.3,6.1,1132.6,13.2
232,Company_232,2020,1469.3,5.3,674.7,15.7
232,Company_232,2021,1327.5,8.1,1685.6,-9.6
232,Company_232,2022,1350.9,11.6,2367.9,1.8
232,Company_232,2023,1438.0,12.9,2895.3,6.4
232,Company_232,2024,1381.0,14.6,1906.7,-4.0
232,Company_232,2025,1257.4,13.9,1513.0,-8.9
233,Company_233,2015,1099.8,7.8,747.2,
233,Company_233,2016,1143.3,8.6,1006.9,4.0
233,Company_233,2017,1299.8,13.2,2237.1,13.7
233,Company_233,2018,1419.8,11.9,3193.4,9.2
233,Company_233,2019,1519.3,16.3,3257.7,7.0
233,Company_233,2020,1532.3,15.0,1873.4,0.9
233,Company_233,2021,1547.3,12.8,3002.5,1.0
233,Company_233,2022,1488.9,9.9,2098.3,-3.8
233,Company_233,2023,1421.7,7.3,2087.9,-4.5
233,Company_233,2024,1449.6,1.2,233.8,2.0
233,Company_233,2025,1426.5,0.6,141.9,-1.6
234,Company_234,2015,339.8,12.7,567.5,
234,Company_234,2016,313.9,12.2,332.2,-7.6
234,Company_234,2017,350.2,13.2,679.5,11.6
234,Company_234,2018,363.5,11.7,468.7,3.8
234,Company_234,2019,366.1,12.1,648.1,0.7
234,Company_234,2020,380.9,12.2,442.6,4.0
234,Company_234,2021,424.6,14.2,617.4,11.5
234,Company_234,2022,484.2,15.3,621.3,14.0
234,Company_234,2023,509.6,15.5,1049.8,5.3
234,Company_234,2024,583.0,15.8,927.5,14.4
234,Company_234,2025,629.2,16.4,823.3,7.9
235,Company_235,2015,615.1,7.7,715.6,
235,Company_235,2016,550.6,9.3,1043.7,-10.5
235,Company_235,2017,509.2,10.0,835.1,-7.5
235,Company_235,2018,535.1,12.1,1261.4,5.1
235,Company_235,2019,538.3,12.7,1120.3,0.6
235,Company_235,2020,677.8,11.4,1074.8,25.9
235,Company_235,2021,691.8,13.0,2092.2,2.1
235,Company_235,2022,747.4,11.8,1117.3,8.0
235,Company_235,2023,661.0,13.1,2096.5,-11.6
235,Company_235,2024,676.2,14.5,1722.7,2.3
235,Company_235,2025,647.8,14.4,1664.4,-4.2
236,Company_236,2015,1033.0,2.2,412.8,
236,Company_236,2016,1182.1,1.2,175.4,14.4
236,Company_236,2017,1232.7,2.4,385.7,4.3
236,Company_236,2018,1144.3,-0.9,1721.9,-7.2
236,Company_236,2019,1247.6,-2.0,5421.5,9.0
236,Company_236,2020,1354.5,-4.0,5847.7,8.6
236,Company_236,2021,1446.6,-0.5,2842.9,6.8
236,Company_236,2022,1482.1,4.1,988.5,2.5
236,Company_236,2023,1594.2,3.5,1049.9,7.6
236,Company_236,2024,1764.7,4.1,805.2,10.7
236,Company_236,2025,2071.9,4.5,1179.4,17.4
237,Company_237,2015,2373.2,15.5,6548.4,
237,Company_237,2016,2344.6,12.6,3442.2,-1.2
237,Company_237,2017,2552.7,13.0,4681.6,8.9
237,Company_237,2018,2497.8,15.7,5294.0,-2.2
237,Company_237,2019,2697.8,19.1,7112.8,8.0
237,Company_237,2020,2616.8,16.2,8145.4,-3.0
237,Company_237,2021,2752.8,13.8,4436.2,5.2
237,Company_237,2022,3102.6,9.6,5014.9,12.7
237,Company_237,2023,2936.5,5.6,3148.1,-5.4
237,Company_237,2024,2932.5,3.9,1813.5,-0.1
237,Company_237,2025,2768.8,5.6,1369.0,-5.6
238,Company_238,2015,640.2,7.3,801.1,
238,Company_238,2016,679.5,3.9,313.2,6.1
238,Company_238,2017,641.3,3.1,443.0,-5.6
238,Company_238,2018,708.7,4.1,331.3,10.5
238,Company_238,2019,780.9,3.4,304.7,10.2
238,Company_238,2020,726.2,3.8,282.9,-7.0
238,Company_238,2021,776.8,2.3,425.0,7.0
238,Company_238,2022,685.4,3.2,546.5,-11.8
238,Company_238,2023,786.2,3.1,549.6,14.7
238,Company_238,2024,853.5,3.8,512.4,8.6
238,Company_238,2025,946.4,4.5,604.1,10.9
239,Company_239,2015,437.7,2.0,175.4,
239,Company_239,2016,536.4,7.0,568.2,22.5
239,Company_239,2017,638.7,5.9,818.4,19.1
239,Company_239,2018,580.2,2.8,133.6,-9.2
239,Company_239,2019,669.5,0.8,51.7,15.4
239,Company_239,2020,676.2,3.1,392.1,1.0
239,Company_239,2021,711.5,8.1,944.5,5.2
239,Company_239,2022,814.9,9.4,1570.7,14.5
239,Company_239,2023,844.1,8.0,1158.9,3.6
239,Company_239,2024,832.5,10.3,694.3,-1.4
239,Company_239,2025,801.6,10.8,1059.7,-3.7
240,Company_240,2015,858.7,5.9,990.5,
240,Company_240,2016,1157.4,7.7,1358.4,34.8
240,Company_240,2017,1344.9,8.3,1214.5,16.2
240,Company_240,2018,1350.2,10.9,2549.6,0.4
240,Company_240,2019,1542.9,12.2,3707.6,14.3
240,Company_240,2020,1864.4,15.3,4208.8,20.8
240,Company_240,2021,2276.6,16.3,4359.1,22.1
240,Company_240,2022,2668.2,13.9,6524.3,17.2
240,Company_240,2023,3114.5,14.4,7408.8,16.7
240,Company_240,2024,3650.2,18.6,12491.0,17.2
240,Company_240,2025,4040.5,17.5,13109.2,10.7
241,Company_241,2015,5439.5,11.1,7134.4,
241,Company_241,2016,5499.2,11.4,9447.2,1.1
241,Company_241,2017,5775.1,11.4,9463.3,5.0
241,Company_241,2018,6758.4,11.9,9406.8,17.0
241,Company_241,2019,7354.3,10.6,10206.7,8.8
241,Company_241,2020,8087.5,7.1,7742.3,10.0
241,Company_241,2021,8822.5,5.7,7702.5,9.1
241,Company_241,2022,8960.5,3.4,5220.1,1.6
241,Company_241,2023,8981.9,0.1,203.2,0.2
241,Company_241,2024,9413.1,3.2,4884.4,4.8
241,Company_241,2025,8630.6,2.3,3890.4,-8.3
242,Company_242,2015,344.9,16.5,977.1,
242,Company_242,2016,354.9,14.9,448.7,2.9
242,Company_242,2017,395.4,14.9,515.7,11.4
242,Company_242,2018,337.5,10.4,584.4,-14.6
242,Company_242,2019,317.0,7.9,269.2,-6.1
242,Company_242,2020,297.3,6.6,291.9,-6.2
242,Company_242,2021,318.3,8.4,372.8,7.1
242,Company_242,2022,341.1,6.0,305.4,7.1
242,Company_242,2023,352.6,7.2,308.8,3.4
242,Company_242,2024,380.0,8.4,552.9,7.8
242,Company_242,2025,419.9,7.6,272.4,10.5
243,Company_243,2015,397.6,10.3,621.9,
243,Company_243,2016,391.5,12.9,761.5,-1.5
243,Company_243,2017,439.4,9.6,736.3,12.2
243,Company_243,2018,437.8,9.0,514.8,-0.4
243,Company_243,2019,460.2,10.6,585.8,5.1
243,Company_243,2020,468.8,13.4,1027.3,1.9
243,Company_243,2021,490.3,14.4,1268.9,4.6
243,Company_243,2022,557.5,11.7,1255.4,13.7
243,Company_243,2023,619.9,7.4,598.2,11.2
243,Company_243,2024,705.8,5.3,389.8,13.9
243,Company_243,2025,766.7,6.7,795.9,8.6
244,Company_244,2015,12385.9,8.5,15641.2,
244,Company_244,2016,12318.0,21.1,21310.0,-0.5
244,Company_244,2017,13684.7,9.4,25651.6,11.1
244,Company_244,2018,13578.4,2.4,3015.9,-0.8
244,Company_244,2019,13345.8,-2.4,18400.3,-1.7
244,Company_244,2020,13150.5,-8.4,34473.1,-1.5
244,Company_244,2021,12323.0,-9.9,16345.1,-6.3
244,Company_244,2022,12836.3,-11.2,21596.3,4.2
244,Company_244,2023,12778.6,-12.7,63230.8,-0.4
244,Company_244,2024,14282.0,-10.9,47892.4,11.8
244,Company_244,2025,13969.7,-20.0,44693.5,-2.2
245,Company_245,2015,1196.4,16.4,2139.1,
245,Company_245,2016,1413.6,17.3,2842.8,18.2
245,Company_245,2017,1667.5,15.5,2855.3,18.0
245,Company_245,2018,1979.1,12.5,2229.2,18.7
245,Company_245,2019,2264.3,11.6,3251.6,14.4
245,Company_245,2020,2323.6,8.7,3037.6,2.6
245,Company_245,2021,2566.3,10.2,3353.8,10.4
245,Company_245,2022,2849.3,11.9,4091.0,11.0
245,Company_245,2023,3174.1,11.3,6403.4,11.4
245,Company_245,2024,3762.9,10.2,4104.1,18.6
245,Company_245,2025,4420.6,9.8,5513.3,17.5
246,Company_246,2015,2090.5,12.3,6045.2,
246,Company_246,2016,2313.4,12.6,3710.8,10.7
246,Company_246,2017,2390.9,13.1,4518.9,3.3
246,Company_246,2018,2588.2,12.1,4305.2,8.3
246,Company_246,2019,2866.6,9.8,5902.1,10.8
246,Company_246,2020,2783.1,11.4,6313.5,-2.9
246,Company_246,2021,2909.9,9.2,2979.1,4.6
246,Company_246,2022,3133.4,10.5,7440.0,7.7
246,Company_246,2023,3733.9,4.5,2673.1,19.2
246,Company_246,2024,3575.4,2.9,1571.3,-4.2
246,Company_246,2025,3709.3,2.3,1501.4,3.7
247,Company_247,2015,1367.5,11.7,2532.7,
247,Company_247,2016,1213.2,8.1,2216.5,-11.3
247,Company_247,2017,1146.2,7.7,929.2,-5.5
247,Company_247,2018,943.8,3.4,638.8,-17.7
247,Company_247,2019,838.9,5.4,993.8,-11.1
247,Company_247,2020,798.6,4.6,852.8,-4.8
247,Company_247,2021,837.4,7.1,918.1,4.9
247,Company_247,2022,798.2,5.9,911.4,-4.7
247,Company_247,2023,790.8,5.2,964.9,-0.9
247,Company_247,2024,832.1,5.2,1000.2,5.2
247,Company_247,2025,806.5,7.9,1064.3,-3.1
248,Company_248,2015,7924.5,9.7,9819.1,
248,Company_248,2016,8797.9,18.4,21891.1,11.0
248,Company_248,2017,9851.6,18.2,24960.4,12.0
248,Company_248,2018,8947.9,14.4,22051.3,-9.2
248,Company_248,2019,9389.2,13.7,11898.1,4.9
248,Company_248,2020,10655.7,14.7,12702.8,13.5
248,Company_248,2021,11213.0,13.2,16238.2,5.2
248,Company_248,2022,10912.4,22.2,24415.5,-2.7
248,Company_248,2023,11106.9,27.3,58177.7,1.8
248,Company_248,2024,11789.6,29.7,49056.4,6.1
248,Company_248,2025,12545.4,32.5,40226.0,6.4
249,Company_249,2015,826.8,13.2,2016.6,
249,Company_249,2016,890.4,13.8,2314.1,7.7
249,Company_249,2017,894.4,14.4,2817.1,0.4
249,Company_249,2018,1058.9,11.0,2373.6,18.4
249,Company_249,2019,1162.1,13.1,2213.3,9.7
249,Company_249,2020,1174.3,10.8,2332.0,1.1
249,Company_249,2021,1105.8,11.7,2343.2,-5.8
249,Company_249,2022,1206.9,12.0,3212.9,9.1
249,Company_249,2023,1206.9,11.7,2507.3,-0.0
249,Company_249,2024,1139.7,14.0,3137.9,-5.6
249,Company_249,2025,1214.3,12.0,3590.9,6.5
250,Company_250,2015,1373.0,0.4,47.9,
250,Company_250,2016,1524.6,3.4,1072.1,11.0
250,Company_250,2017,1585.6,5.6,1758.1,4.0
250,Company_250,2018,1552.0,1.3,296.5,-2.1
250,Company_250,2019,1832.2,1.5,301.3,18.1
250,Company_250,2020,2168.8,-2.0,2518.5,18.4
250,Company_250,2021,2522.1,0.0,4.9,16.3
250,Company_250,2022,2626.9,-0.3,6311.5,4.2
250,Company_250,2023,2898.3,-0.3,7928.6,10.3
250,Company_250,2024,3094.0,-2.3,2445.7,6.7
250,Company_250,2025,3429.0,-0.8,7983.2,10.8
251,Company_251,2015,427.1,11.0,768.0,
251,Company_251,2016,477.4,5.3,462.7,11.8
251,Company_251,2017,575.7,4.6,220.1,20.6
251,Company_251,2018,645.8,3.4,271.3,12.2
251,Company_251,2019,740.2,4.8,678.8,14.6
251,Company_251,2020,754.8,8.1,843.3,2.0
251,Company_251,2021,705.7,10.5,630.2,-6.5
251,Company_251,2022,743.9,17.1,1380.8,5.4
251,Company_251,2023,879.8,16.8,2834.8,18.3
251,Company_251,2024,907.8,14.9,2702.0,3.2
251,Company_251,2025,1020.4,14.6,2792.2,12.4
252,Company_252,2015,1065.3,12.4,2341.4,
252,Company_252,2016,1022.3,12.4,3042.8,-4.0
252,Company_252,2017,1213.7,10.0,2166.3,18.7
252,Company_252,2018,1317.2,11.6,3578.9,8.5
252,Company_252,2019,1315.9,14.1,2042.4,-0.1
252,Company_252,2020,1304.9,10.5,1936.3,-0.8
252,Company_252,2021,1526.2,12.2,3054.0,17.0
252,Company_252,2022,1625.6,11.8,3237.6,6.5
252,Company_252,2023,1664.4,14.4,2651.5,2.4
252,Company_252,2024,1696.3,12.0,3448.8,1.9
252,Company_252,2025,1828.9,12.0,3965.0,7.8
253,Company_253,2015,1615.3,17.6,6974.2,
253,Company_253,2016,1737.6,20.2,8882.6,7.6
253,Company_253,2017,1950.4,22.7,15392.0,12.2
253,Company_253,2018,1893.2,18.5,6818.6,-2.9
253,Company_253,2019,1950.9,22.1,8173.0,3.0
253,Company_253,2020,2335.0,23.9,18317.2,19.7
253,Company_253,2021,2569.4,23.5,12461.1,10.0
253,Company_253,2022,2673.5,21.8,12290.6,4.1
253,Company_253,2023,2797.6,20.0,18293.3,4.6
253,Company_253,2024,2994.3,17.0,16782.2,7.0
253,Company_253,2025,3360.5,18.9,19696.2,12.2
254,Company_254,2015,1050.4,3.5,463.9,
254,Company_254,2016,1041.2,2.1,553.9,-0.9
254,Company_254,2017,1127.0,3.6,604.3,8.2
254,Company_254,2018,1048.2,5.5,1162.6,-7.0
254,Company_254,2019,938.2,8.3,1057.6,-10.5
254,Company_254,2020,944.9,11.3,1318.0,0.7
254,Company_254,2021,887.0,10.0,1978.9,-6.1
254,Company_254,2022,971.8,11.9,1696.6,9.6
254,Company_254,2023,1091.5,12.8,1702.3,12.3
254,Company_254,2024,1175.8,9.2,1894.7,7.7
254,Company_254,2025,1274.3,10.7,3023.6,8.4
255,Company_255,2015,1714.5,12.4,4271.1,
255,Company_255,2016,1864.4,10.1,2736.7,8.7
255,Company_255,2017,2106.2,6.6,1692.4,13.0
255,Company_255,2018,2151.7,4.5,2113.9,2.2
255,Company_255,2019,2157.9,4.2,1256.4,0.3
255,Company_255,2020,2512.2,5.2,1970.8,16.4
255,Company_255,2021,2935.5,8.2,4850.5,16.8
255,Company_255,2022,3046.8,4.8,3273.2,3.8
255,Company_255,2023,3019.9,3.5,1675.3,-0.9
255,Company_255,2024,3217.9,4.4,1660.9,6.6
255,Company_255,2025,3439.4,2.1,1309.4,6.9
256,Company_256,2015,792.1,8.9,1109.5,
256,Company_256,2016,800.0,7.6,528.7,1.0
256,Company_256,2017,781.1,9.8,1657.7,-2.4
256,Company_256,2018,897.2,10.5,1670.7,14.9
256,Company_256,2019,782.1,16.6,1379.3,-12.8
256,Company_256,2020,720.0,18.2,1844.3,-7.9
256,Company_256,2021,737.9,18.4,1496.4,2.5
256,Company_256,2022,817.6,15.2,1475.0,10.8
256,Company_256,2023,846.7,18.4,2676.8,3.6
256,Company_256,2024,920.0,14.8,1745.0,8.7
256,Company_256,2025,919.1,14.4,1763.1,-0.1
257,Company_257,2015,1630.0,14.8,4589.6,
257,Company_257,2016,1648.6,16.5,2796.4,1.1
257,Company_257,2017,1866.2,18.2,6606.7,13.2
257,Company_257,2018,1947.0,17.7,4487.3,4.3
257,Company_257,2019,2070.6,13.9,5734.4,6.3
257,Company_257,2020,2023.1,12.9,3705.4,-2.3
257,Company_257,2021,2027.1,11.5,2302.9,0.2
257,Company_257,2022,2183.8,10.8,2052.5,7.7
257,Company_257,2023,2456.3,11.2,2658.9,12.5
257,Company_257,2024,2706.7,11.2,2757.3,10.2
257,Company_257,2025,2922.7,10.1,5031.8,8.0
258,Company_258,2015,2410.2,19.9,11204.0,
258,Company_258,2016,3031.6,16.8,10331.5,25.8
258,Company_258,2017,3350.0,15.5,8731.8,10.5
258,Company_258,2018,3492.5,13.3,7070.1,4.3
258,Company_258,2019,3937.9,14.6,6144.0,12.8
258,Company_258,2020,4590.3,14.5,15284.5,16.6
258,Company_258,2021,5299.2,12.7,8006.8,15.4
258,Company_258,2022,6125.7,11.9,13025.3,15.6
258,Company_258,2023,6712.9,13.8,11414.5,9.6
258,Company_258,2024,8380.0,17.1,19512.3,24.8
258,Company_258,2025,10126.6,15.1,25354.7,20.8
259,Company_259,2015,312.9,17.2,683.2,
259,Company_259,2016,332.6,18.4,1282.7,6.3
259,Company_259,2017,334.3,15.1,945.7,0.5
259,Company_259,2018,323.0,12.2,909.4,-3.4
259,Company_259,2019,314.7,10.4,403.1,-2.6
259,Company_259,2020,311.0,11.9,525.9,-1.2
259,Company_259,2021,349.3,11.6,579.0,12.3
259,Company_259,2022,325.0,10.0,422.4,-7.0
259,Company_259,2023,361.3,8.7,746.3,11.2
259,Company_259,2024,386.3,12.3,762.3,6.9
259,Company_259,2025,405.0,15.6,1092.2,4.8
260,Company_260,2015,1085.4,7.4,1307.0,
260,Company_260,2016,1228.9,7.6,2152.9,13.2
260,Company_260,2017,1330.6,7.4,1764.2,8.3
260,Company_260,2018,1639.4,3.9,1004.5,23.2
260,Company_260,2019,1855.5,7.9,2418.3,13.2
260,Company_260,2020,2052.7,7.3,2995.5,10.6
260,Company_260,2021,2325.1,6.0,2734.2,13.3
260,Company_260,2022,2298.6,8.8,4410.7,-1.1
260,Company_260,2023,2806.5,7.4,3511.2,22.1
260,Company_260,2024,3142.7,5.5,3256.3,12.0
260,Company_260,2025,3595.0,6.5,3100.6,14.4
261,Company_261,2015,781.4,13.5,1124.0,
261,Company_261,2016,832.0,13.8,1702.9,6.5
261,Company_261,2017,819.5,12.1,1413.8,-1.5
261,Company_261,2018,746.7,11.2,1117.6,-8.9
261,Company_261,2019,773.9,11.3,1048.7,3.6
261,Company_261,2020,709.6,12.2,808.7,-8.3
261,Company_261,2021,657.8,10.4,803.2,-7.3
261,Company_261,2022,793.0,9.1,600.3,20.6
261,Company_261,2023,794.0,8.7,622.6,0.1
261,Company_261,2024,780.8,10.5,744.8,-1.7
261,Company_261,2025,781.4,12.3,1187.9,0.1
262,Company_262,2015,1307.7,13.4,1576.9,
262,Company_262,2016,1367.7,11.5,2890.5,4.6
262,Company_262,2017,1421.6,12.5,1438.3,3.9
262,Company_262,2018,1574.3,13.3,3341.8,10.7
262,Company_262,2019,1415.4,16.1,3607.8,-10.1
262,Company_262,2020,1456.2,17.6,4633.3,2.9
262,Company_262,2021,1393.0,19.3,2273.4,-4.3
262,Company_262,2022,1393.6,24.2,3398.8,0.0
262,Company_262,2023,1319.8,26.8,6203.9,-5.3
262,Company_262,2024,1456.7,25.3,3801.5,10.4
262,Company_262,2025,1780.7,23.8,7836.6,22.2
263,Company_263,2015,1319.3,12.7,1417.0,
263,Company_263,2016,1608.7,10.8,2601.6,21.9
263,Company_263,2017,1743.5,12.1,2847.6,8.4
263,Company_263,2018,1677.9,12.4,1815.7,-3.8
263,Company_263,2019,1623.2,12.2,1874.1,-3.3
263,Company_263,2020,1531.4,11.0,2323.3,-5.7
263,Company_263,2021,1547.2,12.0,2134.9,1.0
263,Company_263,2022,1585.3,13.7,2807.2,2.5
263,Company_263,2023,1450.5,15.6,1867.0,-8.5
263,Company_263,2024,1515.7,15.7,2476.4,4.5
263,Company_263,2025,1563.4,17.2,3807.5,3.1
264,Company_264,2015,1825.7,14.0,4558.4,
264,Company_264,2016,2081.3,14.1,7259.1,14.0
264,Company_264,2017,2234.9,14.0,4871.5,7.4
264,Company_264,2018,2518.1,15.4,7545.2,12.7
264,Company_264,2019,2535.3,17.3,10680.3,0.7
264,Company_264,2020,2737.3,22.2,13692.7,8.0
264,Company_264,2021,2876.9,25.1,13031.2,5.1
264,Company_264,2022,2912.2,25.3,11684.9,1.2
264,Company_264,2023,2976.1,22.3,13980.9,2.2
264,Company_264,2024,3125.0,17.8,7595.7,5.0
264,Company_264,2025,3492.0,16.4,9682.1,11.7
265,Company_265,2015,1419.0,14.2,4338.7,
265,Company_265,2016,1207.2,12.1,2629.9,-14.9
265,Company_265,2017,1065.7,14.1,2984.4,-11.7
265,Company_265,2018,1029.4,13.6,2630.1,-3.4
265,Company_265,2019,922.8,9.8,1781.6,-10.4
265,Company_265,2020,721.2,4.0,344.9,-21.9
265,Company_265,2021,738.4,3.0,273.9,2.4
265,Company_265,2022,706.4,1.3,106.0,-4.3
265,Company_265,2023,728.7,3.2,402.6,3.2
265,Company_265,2024,580.4,-2.6,2108.6,-20.4
265,Company_265,2025,481.0,-0.9,406.2,-17.1
266,Company_266,2015,6151.6,5.1,6410.0,
266,Company_266,2016,6428.6,5.8,7774.7,4.5
266,Company_266,2017,7238.0,6.1,9837.1,12.6
266,Company_266,2018,7471.2,5.2,7360.0,3.2
266,Company_266,2019,8253.6,4.6,10416.1,10.5
266,Company_266,2020,8503.0,3.9,10901.4,3.0
266,Company_266,2021,8455.3,6.0,7759.0,-0.6
266,Company_266,2022,9568.1,-1.1,35561.1,13.2
266,Company_266,2023,10306.4,-5.9,11364.1,7.7
266,Company_266,2024,10317.6,-4.3,7102.5,0.1
266,Company_266,2025,11051.7,-2.7,10569.1,7.1
267,Company_267,2015,1412.0,6.7,1906.8,
267,Company_267,2016,1618.4,7.8,2108.0,14.6
267,Company_267,2017,1664.6,8.9,3224.3,2.9
267,Company_267,2018,1833.5,6.9,2147.8,10.2
267,Company_267,2019,1928.6,7.9,2805.6,5.2
267,Company_267,2020,1860.8,6.7,2750.4,-3.5
267,Company_267,2021,1856.7,10.3,3568.3,-0.2
267,Company_267,2022,1857.1,11.0,2637.1,0.0
267,Company_267,2023,1903.0,11.2,5003.0,2.5
267,Company_267,2024,2064.4,10.8,3234.3,8.5
267,Company_267,2025,1940.9,14.3,6655.4,-6.0
268,Company_268,2015,1872.7,17.9,5211.4,
268,Company_268,2016,2057.0,16.6,8902.3,9.8
268,Company_268,2017,2401.2,16.1,9814.1,16.7
268,Company_268,2018,2850.9,15.1,15023.8,18.7
268,Company_268,2019,3173.6,14.7,9693.8,11.3
268,Company_268,2020,3710.0,13.1,9310.6,16.9
268,Company_268,2021,4380.3,10.0,7000.5,18.1
268,Company_268,2022,5560.7,8.7,10309.0,26.9
268,Company_268,2023,6836.3,11.0,24743.3,22.9
268,Company_268,2024,7484.0,16.1,42029.7,9.5
268,Company_268,2025,8550.5,15.3,24232.7,14.2
269,Company_269,2015,486.7,12.9,1254.1,
269,Company_269,2016,519.9,9.9,925.5,6.8
269,Company_269,2017,463.0,9.7,904.4,-10.9
269,Company_269,2018,430.5,8.8,397.8,-7.0
269,Company_269,2019,420.6,6.2,329.6,-2.3
269,Company_269,2020,445.5,4.9,283.2,5.9
269,Company_269,2021,435.1,5.0,257.2,-2.3
269,Company_269,2022,440.7,4.9,312.7,1.3
269,Company_269,2023,446.7,2.6,117.9,1.4
269,Company_269,2024,452.2,0.4,34.7,1.2
269,Company_269,2025,428.5,1.3,95.4,-5.3
270,Company_270,2015,4306.4,11.8,6154.5,
270,Company_270,2016,4351.5,13.5,5506.5,1.0
270,Company_270,2017,4439.9,13.0,7551.1,2.0
270,Company_270,2018,4305.5,11.9,10904.1,-3.0
270,Company_270,2019,4426.9,8.4,3809.7,2.8
270,Company_270,2020,4457.0,7.3,3908.5,0.7
270,Company_270,2021,4984.3,6.3,3404.1,11.8
270,Company_270,2022,5704.2,5.0,5055.5,14.4
270,Company_270,2023,6400.0,4.7,5250.8,12.2
270,Company_270,2024,7156.5,7.6,4485.4,11.8
270,Company_270,2025,7241.8,6.1,7441.7,1.2
271,Company_271,2015,3189.8,21.6,15087.6,
271,Company_271,2016,3467.1,26.3,12665.0,8.7
271,Company_271,2017,4195.5,28.6,15138.1,21.0
271,Company_271,2018,4284.0,29.8,14222.1,2.1
271,Company_271,2019,4330.0,28.8,24594.6,1.1
271,Company_271,2020,5290.2,29.3,24295.8,22.2
271,Company_271,2021,6008.9,30.7,29025.6,13.6
271,Company_271,2022,6217.1,32.1,31617.9,3.5
271,Company_271,2023,7582.1,33.7,27304.5,22.0
271,Company_271,2024,7649.9,29.4,41515.0,0.9
271,Company_271,2025,7882.9,29.9,43793.0,3.0
272,Company_272,2015,4496.7,15.0,8713.2,
272,Company_272,2016,4285.4,19.9,13771.9,-4.7
272,Company_272,2017,4819.3,28.0,24667.9,12.5
272,Company_272,2018,5017.7,29.1,18120.8,4.1
272,Company_272,2019,3472.7,30.0,12926.1,-30.8
272,Company_272,2020,3661.1,28.2,19744.3,5.4
272,Company_272,2021,3776.1,29.4,15061.9,3.1
272,Company_272,2022,4240.4,21.5,11285.6,12.3
272,Company_272,2023,4342.5,23.6,15234.7,2.4
272,Company_272,2024,4149.9,29.4,11410.9,-4.4
272,Company_272,2025,4521.2,28.5,17193.4,8.9
273,Company_273,2015,317.9,9.3,522.0,
273,Company_273,2016,328.2,5.0,288.0,3.3
273,Company_273,2017,311.1,1.7,98.5,-5.2
273,Company_273,2018,340.5,2.2,120.7,9.4
273,Company_273,2019,429.4,2.3,153.9,26.1
273,Company_273,2020,431.7,0.6,48.3,0.5
273,Company_273,2021,408.5,-0.2,1856.4,-5.4
273,Company_273,2022,374.6,3.1,103.5,-8.3
273,Company_273,2023,369.2,-2.1,654.8,-1.5
273,Company_273,2024,405.5,-5.0,796.8,9.8
273,Company_273,2025,409.5,-6.9,1390.1,1.0
274,Company_274,2015,704.8,5.8,352.2,
274,Company_274,2016,758.0,7.0,800.9,7.5
274,Company_274,2017,781.5,6.2,667.2,3.1
274,Company_274,2018,848.7,5.1,695.0,8.6
274,Company_274,2019,858.0,6.1,728.4,1.1
274,Company_274,2020,939.9,0.8,82.8,9.5
274,Company_274,2021,979.6,5.7,674.8,4.2
274,Company_274,2022,1060.4,6.9,1059.9,8.2
274,Company_274,2023,980.9,8.6,1132.7,-7.5
274,Company_274,2024,978.4,10.9,1492.7,-0.3
274,Company_274,2025,1122.8,9.8,1879.8,14.8
275,Company_275,2015,2259.1,14.9,4126.5,
275,Company_275,2016,2405.2,16.2,3999.5,6.5
275,Company_275,2017,2689.0,20.7,5942.0,11.8
275,Company_275,2018,2838.1,21.6,13422.0,5.5
275,Company_275,2019,3039.8,19.2,6149.6,7.1
275,Company_275,2020,3734.3,23.0,14484.8,22.8
275,Company_275,2021,4359.6,24.3,23561.9,16.7
275,Company_275,2022,4878.3,25.1,16806.4,11.9
275,Company_275,2023,5167.2,25.3,22280.0,5.9
275,Company_275,2024,5570.6,24.6,28547.1,7.8
275,Company_275,2025,6855.6,20.6,29250.1,23.1
276,Company_276,2015,745.7,3.1,417.8,
276,Company_276,2016,948.0,2.4,366.4,27.1
276,Company_276,2017,971.4,4.2,488.7,2.5
276,Company_276,2018,1095.3,2.2,237.7,12.8
276,Company_276,2019,954.4,3.8,389.9,-12.9
276,Company_276,2020,944.4,-0.6,3345.9,-1.0
276,Company_276,2021,1066.0,-3.1,4583.4,12.9
276,Company_276,2022,1076.1,-5.2,4249.7,0.9
276,Company_276,2023,945.8,-1.3,2146.8,-12.1
276,Company_276,2024,1008.8,-1.8,4368.9,6.7
276,Company_276,2025,975.9,-0.4,1504.3,-3.3
277,Company_277,2015,450.7,8.0,622.3,
277,Company_277,2016,473.4,8.7,694.8,5.0
277,Company_277,2017,454.9,5.4,446.5,-3.9
277,Company_277,2018,535.7,6.8,361.4,17.8
277,Company_277,2019,606.4,12.7,1536.2,13.2
277,Company_277,2020,651.6,13.3,794.1,7.4
277,Company_277,2021,698.0,13.4,994.3,7.1
277,Company_277,2022,775.5,9.3,1111.5,11.1
277,Company_277,2023,730.3,4.3,617.5,-5.8
277,Company_277,2024,800.7,8.4,1004.2,9.6
277,Company_277,2025,769.7,6.2,577.8,-3.9
278,Company_278,2015,1429.3,4.6,553.2,
278,Company_278,2016,1424.7,6.7,1019.3,-0.3
278,Company_278,2017,1567.2,8.5,1147.5,10.0
278,Company_278,2018,1729.0,9.7,2230.9,10.3
278,Company_278,2019,1704.4,11.4,1752.9,-1.4
278,Company_278,2020,1749.2,9.1,2279.1,2.6
278,Company_278,2021,2027.6,8.6,1845.6,15.9
278,Company_278,2022,2081.6,10.2,1827.6,2.7
278,Company_278,2023,1861.6,9.0,1637.5,-10.6
278,Company_278,2024,1988.8,12.3,2898.2,6.8
278,Company_278,2025,1968.6,10.4,2004.2,-1.0
279,Company_279,2015,1803.3,4.6,1953.0,
279,Company_279,2016,1898.9,4.2,1159.4,5.3
279,Company_279,2017,1948.0,5.4,2121.2,2.6
279,Company_279,2018,1920.9,7.2,2404.0,-1.4
279,Company_279,2019,2087.3,4.1,1769.9,8.7
279,Company_279,2020,1970.6,2.7,1062.0,-5.6
279,Company_279,2021,1837.5,2.1,429.5,-6.8
279,Company_279,2022,1655.6,1.0,196.5,-9.9
279,Company_279,2023,1910.3,2.5,512.2,15.4
279,Company_279,2024,2017.8,1.5,405.3,5.6
279,Company_279,2025,2146.8,1.5,524.5,6.4
280,Company_280,2015,572.1,18.5,1302.2,
280,Company_280,2016,639.6,17.4,1835.5,11.8
280,Company_280,2017,714.0,21.1,1309.1,11.6
280,Company_280,2018,635.3,22.2,2545.7,-11.0
280,Company_280,2019,648.8,20.5,2422.3,2.1
280,Company_280,2020,648.0,21.0,1483.2,-0.1
280,Company_280,2021,612.6,26.5,2904.0,-5.5
280,Company_280,2022,605.9,30.1,2168.8,-1.1
280,Company_280,2023,511.0,32.6,2119.5,-15.7
280,Company_280,2024,493.1,31.9,2948.5,-3.5
280,Company_280,2025,506.5,30.8,2387.4,2.7
281,Company_281,2015,1339.2,14.5,3895.2,
281,Company_281,2016,1257.8,15.4,2133.2,-6.1
281,Company_281,2017,1345.3,12.8,2751.7,7.0
281,Company_281,2018,1513.0,6.4,1378.8,12.5
281,Company_281,2019,1449.0,7.5,2400.6,-4.2
281,Company_281,2020,1674.4,12.6,3940.4,15.6
281,Company_281,2021,1468.1,9.5,3205.3,-12.3
281,Company_281,2022,1470.0,5.3,1570.0,0.1
281,Company_281,2023,1359.2,4.1,785.0,-7.5
281,Company_281,2024,1285.5,2.3,531.0,-5.4
281,Company_281,2025,1384.6,0.6,197.2,7.7
282,Company_282,2015,984.5,7.3,1288.9,
282,Company_282,2016,1075.3,11.5,2401.3,9.2
282,Company_282,2017,1214.5,7.8,1417.6,12.9
282,Company_282,2018,1316.8,5.7,723.5,8.4
282,Company_282,2019,1312.5,6.6,1209.5,-0.3
282,Company_282,2020,1321.1,10.1,1209.0,0.7
282,Company_282,2021,1568.5,9.2,1272.8,18.7
282,Company_282,2022,1719.5,4.3,1111.5,9.6
282,Company_282,2023,1905.5,7.0,1134.0,10.8
282,Company_282,2024,2034.1,8.2,2884.2,6.8
282,Company_282,2025,2359.5,6.3,1603.7,16.0
283,Company_283,2015,810.1,0.4,66.2,
283,Company_283,2016,898.6,1.2,127.7,10.9
283,Company_283,2017,1038.6,2.1,343.5,15.6
283,Company_283,2018,969.4,5.3,595.0,-6.7
283,Company_283,2019,997.8,5.2,623.0,2.9
283,Company_283,2020,934.8,3.3,427.8,-6.3
283,Company_283,2021,858.0,1.9,338.3,-8.2
283,Company_283,2022,805.5,1.6,164.0,-6.1
283,Company_283,2023,813.2,2.9,555.3,1.0
283,Company_283,2024,902.9,1.5,274.9,11.0
283,Company_283,2025,953.5,4.1,773.5,5.6
284,Company_284,2015,790.3,1.8,173.5,
284,Company_284,2016,797.7,2.8,385.2,0.9
284,Company_284,2017,734.8,3.8,607.6,-7.9
284,Company_284,2018,665.3,4.2,507.7,-9.4
284,Company_284,2019,610.7,5.5,720.5,-8.2
284,Company_284,2020,599.5,6.5,636.6,-1.8
284,Company_284,2021,642.3,4.3,506.3,7.1
284,Company_284,2022,552.0,5.4,547.7,-14.1
284,Company_284,2023,618.4,6.6,797.7,12.0
284,Company_284,2024,571.2,8.2,782.5,-7.6
284,Company_284,2025,538.9,6.8,371.8,-5.7
285,Company_285,2015,10503.2,2.7,3435.6,
285,Company_285,2016,12222.0,-2.6,25676.1,16.4
285,Company_285,2017,13499.9,-5.2,10364.6,10.5
285,Company_285,2018,14211.5,-1.8,53068.3,5.3
285,Company_285,2019,15692.7,0.4,888.9,10.4
285,Company_285,2020,17242.9,-0.6,40714.8,9.9
285,Company_285,2021,22581.3,6.1,22107.0,31.0
285,Company_285,2022,24211.7,6.9,16207.0,7.2
285,Company_285,2023,26745.6,7.7,32573.0,10.5
285,Company_285,2024,32670.7,6.0,26047.4,22.2
285,Company_285,2025,37684.0,2.3,9609.3,15.3
286,Company_286,2015,1436.4,5.7,1377.0,
286,Company_286,2016,1383.3,3.8,968.8,-3.7
286,Company_286,2017,1283.1,3.5,724.7,-7.2
286,Company_286,2018,1336.9,2.0,334.3,4.2
286,Company_286,2019,1233.8,4.4,795.2,-7.7
286,Company_286,2020,1163.3,5.5,1249.9,-5.7
286,Company_286,2021,1264.6,5.5,1212.7,8.7
286,Company_286,2022,1356.2,4.2,562.3,7.2
286,Company_286,2023,1363.9,5.6,1069.0,0.6
286,Company_286,2024,1419.5,4.8,774.6,4.1
286,Company_286,2025,1486.7,3.9,796.0,4.7
287,Company_287,2015,753.9,-4.3,1011.7,
287,Company_287,2016,681.3,-5.7,2946.4,-9.6
287,Company_287,2017,577.1,-5.3,1815.3,-15.3
287,Company_287,2018,494.1,-6.0,1495.7,-14.4
287,Company_287,2019,433.5,-3.7,2095.3,-12.3
287,Company_287,2020,365.9,-0.3,1533.4,-15.6
287,Company_287,2021,320.0,-1.3,870.8,-12.5
287,Company_287,2022,328.7,0.1,4.9,2.7
287,Company_287,2023,333.9,2.2,71.3,1.6
287,Company_287,2024,283.8,1.5,36.4,-15.0
287,Company_287,2025,271.6,1.9,65.3,-4.3
288,Company_288,2015,14817.3,29.4,86256.4,
288,Company_288,2016,17282.7,26.2,151499.4,16.6
288,Company_288,2017,18938.4,21.0,123371.3,9.6
288,Company_288,2018,19271.9,22.3,115280.2,1.8
288,Company_288,2019,23365.3,21.0,138418.0,21.2
288,Company_288,2020,24873.2,22.7,190207.1,6.5
288,Company_288,2021,28434.1,24.6,218923.5,14.3
288,Company_288,2022,33481.1,23.6,217222.1,17.7
288,Company_288,2023,42164.5,24.8,342674.8,25.9
288,Company_288,2024,46184.9,20.7,323642.4,9.5
288,Company_288,2025,54400.6,21.5,348864.1,17.8
289,Company_289,2015,3758.3,13.8,11926.9,
289,Company_289,2016,3558.3,15.5,11323.5,-5.3
289,Company_289,2017,3736.2,18.1,7451.1,5.0
289,Company_289,2018,3587.1,15.7,9363.7,-4.0
289,Company_289,2019,3004.7,18.7,11972.0,-16.2
289,Company_289,2020,2955.4,19.1,10752.3,-1.6
289,Company_289,2021,2792.9,16.4,7390.6,-5.5
289,Company_289,2022,2872.1,11.1,4650.3,2.8
289,Company_289,2023,2745.6,14.5,6639.5,-4.4
289,Company_289,2024,2516.7,11.2,5474.5,-8.3
289,Company_289,2025,2441.1,10.3,4427.0,-3.0
290,Company_290,2015,1578.9,9.4,1682.4,
290,Company_290,2016,1503.2,10.7,2523.9,-4.8
290,Company_290,2017,1787.1,8.6,1589.6,18.9
290,Company_290,2018,1844.1,6.1,1088.6,3.2
290,Company_290,2019,1919.8,9.4,1666.0,4.1
290,Company_290,2020,2115.2,7.5,2386.4,10.2
290,Company_290,2021,2393.8,10.6,2493.4,13.2
290,Company_290,2022,2358.7,10.9,3138.5,-1.5
290,Company_290,2023,2685.5,13.0,3304.9,13.9
290,Company_290,2024,3078.0,14.7,3825.3,14.6
290,Company_290,2025,2844.3,13.8,3776.6,-7.6
291,Company_291,2015,4015.3,20.4,16807.1,
291,Company_291,2016,4616.6,18.8,25257.6,15.0
291,Company_291,2017,5723.4,19.3,19006.3,24.0
291,Company_291,2018,6734.6,20.0,37951.6,17.7
291,Company_291,2019,9120.5,20.0,32412.9,35.4
291,Company_291,2020,10410.0,17.6,61884.5,14.1
291,Company_291,2021,12214.1,14.9,55699.3,17.3
291,Company_291,2022,15387.2,12.5,57679.5,26.0
291,Company_291,2023,18662.0,9.5,54429.0,21.3
291,Company_291,2024,21972.8,7.4,54301.4,17.7
291,Company_291,2025,25251.7,7.4,63706.5,14.9
292,Company_292,2015,1160.2,10.0,1129.1,
292,Company_292,2016,1074.6,9.2,933.7,-7.4
292,Company_292,2017,919.5,8.9,1207.9,-14.4
292,Company_292,2018,990.6,11.3,929.2,7.7
292,Company_292,2019,930.1,9.6,1097.9,-6.1
292,Company_292,2020,858.1,6.8,856.3,-7.7
292,Company_292,2021,955.0,8.2,947.2,11.3
292,Company_292,2022,1052.1,8.5,957.7,10.2
292,Company_292,2023,1097.6,5.4,851.6,4.3
292,Company_292,2024,1162.6,4.2,429.7,5.9
292,Company_292,2025,1296.9,4.8,784.1,11.5
293,Company_293,2015,3702.3,15.9,10978.9,
293,Company_293,2016,3948.9,19.1,8525.4,6.7
293,Company_293,2017,4351.1,21.5,14750.7,10.2
293,Company_293,2018,5098.7,20.8,14521.6,17.2
293,Company_293,2019,5435.7,22.9,10594.3,6.6
293,Company_293,2020,6360.4,23.2,17119.2,17.0
293,Company_293,2021,6557.0,22.2,24487.3,3.1
293,Company_293,2022,7295.3,20.7,27348.8,11.3
293,Company_293,2023,8301.4,22.1,30061.2,13.8
293,Company_293,2024,10007.1,21.6,39360.9,20.5
293,Company_293,2025,9677.8,22.1,37924.7,-3.3
294,Company_294,2015,675.7,11.8,961.5,
294,Company_294,2016,767.1,8.7,1603.7,13.5
294,Company_294,2017,763.1,14.1,2237.0,-0.5
294,Company_294,2018,791.7,10.2,1494.7,3.7
294,Company_294,2019,737.5,12.0,1904.7,-6.8
294,Company_294,2020,728.9,11.9,1079.2,-1.2
294,Company_294,2021,733.5,14.4,2204.5,0.6
294,Company_294,2022,753.7,10.8,1402.3,2.7
294,Company_294,2023,799.6,11.1,890.4,6.1
294,Company_294,2024,807.8,9.9,1724.9,1.0
294,Company_294,2025,874.4,6.0,526.1,8.2
295,Company_295,2015,1845.3,15.1,2976.8,
295,Company_295,2016,2064.1,12.3,4258.6,11.9
295,Company_295,2017,2122.1,13.4,2585.2,2.8
295,Company_295,2018,2312.6,10.0,3846.6,9.0
295,Company_295,2019,2596.3,8.8,2823.7,12.3
295,Company_295,2020,2714.6,8.1,3242.5,4.6
295,Company_295,2021,2797.7,9.1,4258.5,3.1
295,Company_295,2022,2712.5,6.2,2856.1,-3.0
295,Company_295,2023,2628.3,6.1,2706.7,-3.1
295,Company_295,2024,3064.8,5.1,1358.2,16.6
295,Company_295,2025,3361.5,3.3,1066.1,9.7
296,Company_296,2015,545.3,8.0,409.1,
296,Company_296,2016,546.1,6.4,340.4,0.1
296,Company_296,2017,565.7,8.3,480.1,3.6
296,Company_296,2018,596.3,8.9,732.4,5.4
296,Company_296,2019,541.3,8.8,617.4,-9.2
296,Company_296,2020,604.1,8.3,603.4,11.6
296,Company_296,2021,548.7,10.8,593.6,-9.2
296,Company_296,2022,569.5,11.8,692.3,3.8
296,Company_296,2023,618.0,12.1,1028.8,8.5
296,Company_296,2024,676.5,12.0,1116.9,9.5
296,Company_296,2025,593.9,10.5,593.1,-12.2
297,Company_297,2015,465.4,5.5,454.3,
297,Company_297,2016,541.5,6.5,381.7,16.4
297,Company_297,2017,561.8,6.9,870.6,3.7
297,Company_297,2018,609.5,8.2,567.0,8.5
297,Company_297,2019,569.6,6.5,466.3,-6.6
297,Company_297,2020,605.7,6.9,682.9,6.3
297,Company_297,2021,613.8,8.6,1019.6,1.3
297,Company_297,2022,697.9,9.4,1412.5,13.7
297,Company_297,2023,641.2,11.3,864.4,-8.1
297,Company_297,2024,692.3,10.1,718.2,8.0
297,Company_297,2025,797.5,13.1,2255.1,15.2
298,Company_298,2015,1406.0,11.5,1996.3,
298,Company_298,2016,1294.8,12.5,2353.0,-7.9
298,Company_298,2017,1282.8,12.2,1564.9,-0.9
298,Company_298,2018,1403.2,11.9,1677.8,9.4
298,Company_298,2019,1548.4,9.8,2154.6,10.3
298,Company_298,2020,1533.1,9.3,1697.8,-1.0
298,Company_298,2021,1715.6,10.0,2253.0,11.9
298,Company_298,2022,1813.2,10.9,2763.4,5.7
298,Company_298,2023,1795.2,8.8,1689.6,-1.0
298,Company_298,2024,1819.6,10.6,1947.6,1.4
298,Company_298,2025,1753.1,9.7,2085.9,-3.7
299,Company_299,2015,2307.9,9.9,4065.1,
299,Company_299,2016,2185.1,9.6,3950.9,-5.3
299,Company_299,2017,2394.0,11.0,6271.8,9.6
299,Company_299,2018,2470.6,12.6,4584.1,3.2
299,Company_299,2019,2493.6,10.8,4893.2,0.9
299,Company_299,2020,2866.0,10.4,4389.9,14.9
299,Company_299,2021,2933.4,11.7,4874.9,2.3
299,Company_299,2022,3365.8,13.7,6995.8,14.7
299,Company_299,2023,3618.1,12.7,9238.4,7.5
299,Company_299,2024,3694.7,14.0,8722.0,2.1
299,Company_299,2025,3325.9,13.5,7717.9,-10.0
300,Company_300,2015,2030.0,2.5,1054.2,
300,Company_300,2016,2008.7,2.2,857.7,-1.1
300,Company_300,2017,1852.9,0.7,248.3,-7.8
300,Company_300,2018,1567.0,0.6,162.6,-15.4
300,Company_300,2019,1406.1,-0.8,5826.7,-10.3
300,Company_300,2020,1164.3,0.1,31.8,-17.2
300,Company_300,2021,1207.1,4.9,902.0,3.7
300,Company_300,2022,1184.4,4.2,463.6,-1.9
300,Company_300,2023,1166.3,6.6,635.9,-1.5
300,Company_300,2024,1093.0,6.6,1220.1,-6.3
300,Company_300,2025,1179.3,4.6,542.8,7.9
301,Company_301,2015,1414.6,9.5,1090.3,
301,Company_301,2016,1521.4,8.3,1210.7,7.5
301,Company_301,2017,1363.6,10.3,1944.9,-10.4
301,Company_301,2018,1411.0,8.0,2001.1,3.5
301,Company_301,2019,1485.2,9.0,2421.7,5.3
301,Company_301,2020,1640.0,9.9,1760.7,10.4
301,Company_301,2021,1535.7,11.0,2390.4,-6.4
301,Company_301,2022,1617.2,11.0,1606.9,5.3
301,Company_301,2023,1826.6,13.2,3056.4,13.0
301,Company_301,2024,1797.7,14.8,4747.8,-1.6
301,Company_301,2025,1764.3,14.9,2771.0,-1.9
302,Company_302,2015,2106.1,11.4,3078.8,
302,Company_302,2016,2151.1,16.2,3091.1,2.1
302,Company_302,2017,2374.1,10.4,3546.6,10.4
302,Company_302,2018,2570.2,8.9,2555.2,8.3
302,Company_302,2019,2423.2,8.0,2316.5,-5.7
302,Company_302,2020,2082.0,13.1,4958.0,-14.1
302,Company_302,2021,2009.4,16.1,5080.6,-3.5
302,Company_302,2022,2133.4,12.5,2830.5,6.2
302,Company_302,2023,2116.9,14.0,5296.2,-0.8
302,Company_302,2024,2061.3,16.0,3593.0,-2.6
302,Company_302,2025,2102.7,11.5,3913.4,2.0
303,Company_303,2015,2426.8,6.2,2455.7,
303,Company_303,2016,2139.2,7.6,1435.8,-11.9
303,Company_303,2017,1897.9,8.8,2360.9,-11.3
303,Company_303,2018,1642.2,8.5,2146.8,-13.5
303,Company_303,2019,1653.9,10.7,1451.7,0.7
303,Company_303,2020,1519.9,21.2,3368.7,-8.1
303,Company_303,2021,1281.7,29.5,7364.2,-15.7
303,Company_303,2022,1069.9,29.4,4225.1,-16.5
303,Company_303,2023,861.9,22.6,3843.0,-19.4
303,Company_303,2024,716.4,12.4,1739.1,-16.9
303,Company_303,2025,668.7,6.6,483.8,-6.7
304,Company_304,2015,5962.2,20.1,21451.9,
304,Company_304,2016,6535.9,15.8,21618.3,9.6
304,Company_304,2017,7472.2,12.3,22340.2,14.3
304,Company_304,2018,8857.3,7.9,15972.8,18.5
304,Company_304,2019,8894.5,8.4,25510.8,0.4
304,Company_304,2020,11165.0,4.7,16398.3,25.5
304,Company_304,2021,12637.1,7.5,31650.2,13.2
304,Company_304,2022,13166.1,6.5,22983.5,4.2
304,Company_304,2023,14388.3,4.4,14530.0,9.3
304,Company_304,2024,16578.5,4.2,21976.8,15.2
304,Company_304,2025,19897.3,3.6,13120.7,20.0
305,Company_305,2015,3324.0,4.2,1908.8,
305,Company_305,2016,3789.9,3.1,1293.3,14.0
305,Company_305,2017,4391.9,2.8,1635.0,15.9
305,Company_305,2018,4415.3,3.2,2438.9,0.5
305,Company_305,2019,4858.4,2.6,1993.1,10.0
305,Company_305,2020,5827.2,2.7,2466.3,19.9
305,Company_305,2021,5578.1,2.0,1283.7,-4.3
305,Company_305,2022,6683.6,3.5,4622.0,19.8
305,Company_305,2023,7605.0,0.7,730.0,13.8
305,Company_305,2024,8572.9,2.1,2814.2,12.7
305,Company_305,2025,9443.5,-0.2,35908.9,10.2
306,Company_306,2015,1334.0,17.7,3827.4,
306,Company_306,2016,1412.3,16.0,5453.0,5.9
306,Company_306,2017,1552.3,17.7,3609.7,9.9
306,Company_306,2018,1420.5,14.7,3798.3,-8.5
306,Company_306,2019,1332.3,18.2,3641.6,-6.2
306,Company_306,2020,1301.4,18.6,4675.1,-2.3
306,Company_306,2021,1369.2,17.3,4616.9,5.2
306,Company_306,2022,1304.3,17.7,3289.2,-4.7
306,Company_306,2023,1161.7,15.9,2868.4,-10.9
306,Company_306,2024,1384.8,13.2,3150.6,19.2
306,Company_306,2025,1332.8,14.4,4012.4,-3.8
307,Company_307,2015,2904.2,19.2,5135.1,
307,Company_307,2016,3213.3,18.4,8688.8,10.6
307,Company_307,2017,3790.0,18.0,12584.7,17.9
307,Company_307,2018,4614.7,17.7,13670.2,21.8
307,Company_307,2019,5564.4,19.8,9867.0,20.6
307,Company_307,2020,7064.0,21.3,26518.8,27.0
307,Company_307,2021,7363.7,20.5,12281.8,4.2
307,Company_307,2022,8130.0,20.6,20437.6,10.4
307,Company_307,2023,9007.9,19.6,22692.8,10.8
307,Company_307,2024,9256.3,20.0,26212.4,2.8
307,Company_307,2025,10552.8,18.6,19437.4,14.0
308,Company_308,2015,2715.8,19.0,4526.4,
308,Company_308,2016,2433.7,18.8,4877.8,-10.4
308,Company_308,2017,2554.7,16.8,4432.8,5.0
308,Company_308,2018,2517.0,14.5,6754.4,-1.5
308,Company_308,2019,2744.4,11.4,3108.5,9.0
308,Company_308,2020,2478.1,12.2,2716.6,-9.7
308,Company_308,2021,2427.3,13.8,3895.9,-2.1
308,Company_308,2022,2524.6,14.9,4277.0,4.0
308,Company_308,2023,2452.6,14.0,5066.3,-2.9
308,Company_308,2024,2700.9,13.3,5971.0,10.1
308,Company_308,2025,2711.8,11.9,4899.0,0.4
309,Company_309,2015,1254.0,-2.9,4634.8,
309,Company_309,2016,1433.6,-0.5,4577.8,14.3
309,Company_309,2017,1874.8,-1.9,5357.1,30.8
309,Company_309,2018,2070.3,-0.8,9307.8,10.4
309,Company_309,2019,2521.0,3.6,1323.9,21.8
309,Company_309,2020,2948.1,1.1,270.2,16.9
309,Company_309,2021,2891.4,1.9,988.9,-1.9
309,Company_309,2022,3159.9,1.7,650.3,9.3
309,Company_309,2023,3477.7,1.1,609.8,10.1
309,Company_309,2024,4259.9,1.7,1225.2,22.5
309,Company_309,2025,4719.9,6.3,2410.7,10.8
310,Company_310,2015,1150.9,10.7,1147.7,
310,Company_310,2016,1378.4,6.8,851.1,19.8
310,Company_310,2017,1543.4,8.0,1513.6,12.0
310,Company_310,2018,1824.4,16.5,5664.6,18.2
310,Company_310,2019,2060.1,19.2,7904.5,12.9
310,Company_310,2020,1985.8,21.1,6691.5,-3.6
310,Company_310,2021,1975.8,18.3,5188.2,-0.5
310,Company_310,2022,2356.2,28.8,6972.6,19.3
310,Company_310,2023,2461.4,27.0,11370.6,4.5
310,Company_310,2024,2831.9,30.2,13912.3,15.1
310,Company_310,2025,2858.9,33.7,13109.4,1.0
311,Company_311,2015,5644.7,13.7,19058.5,
311,Company_311,2016,5933.8,16.9,19235.8,5.1
311,Company_311,2017,5494.2,19.4,18140.1,-7.4
311,Company_311,2018,5858.3,15.5,17380.5,6.6
311,Company_311,2019,6623.1,13.8,10630.1,13.1
311,Company_311,2020,6665.6,14.9,23032.9,0.6
311,Company_311,2021,5845.2,14.2,12225.7,-12.3
311,Company_311,2022,6186.9,15.1,19491.8,5.8
311,Company_311,2023,6022.5,14.4,19587.6,-2.7
311,Company_311,2024,6765.1,13.4,15997.0,12.3
311,Company_311,2025,6459.0,11.4,12785.6,-4.5
312,Company_312,2015,518.4,11.0,627.7,
312,Company_312,2016,462.7,8.3,782.6,-10.8
312,Company_312,2017,457.4,6.7,481.9,-1.1
312,Company_312,2018,444.3,5.9,322.0,-2.9
312,Company_312,2019,472.7,6.1,619.7,6.4
312,Company_312,2020,418.6,3.0,165.6,-11.4
312,Company_312,2021,419.2,3.3,235.2,0.1
312,Company_312,2022,407.2,4.6,328.1,-2.8
312,Company_312,2023,398.5,6.1,377.7,-2.1
312,Company_312,2024,395.0,5.6,249.7,-0.9
312,Company_312,2025,390.5,2.0,165.4,-1.1
313,Company_313,2015,585.3,7.5,444.5,
313,Company_313,2016,550.7,6.8,350.8,-5.9
313,Company_313,2017,583.2,9.0,451.1,5.9
313,Company_313,2018,591.5,7.0,591.6,1.4
313,Company_313,2019,579.7,8.4,556.5,-2.0
313,Company_313,2020,590.7,6.8,540.1,1.9
313,Company_313,2021,651.0,9.2,589.3,10.2
313,Company_313,2022,682.5,11.2,912.2,4.8
313,Company_313,2023,699.3,11.0,839.1,2.5
313,Company_313,2024,653.3,7.6,592.0,-6.6
313,Company_313,2025,649.9,8.4,631.9,-0.5
314,Company_314,2015,472.8,12.2,596.2,
314,Company_314,2016,471.9,9.1,611.1,-0.2
314,Company_314,2017,473.9,10.0,708.3,0.4
314,Company_314,2018,565.2,12.1,1456.6,19.3
314,Company_314,2019,621.7,14.6,1292.9,10.0
314,Company_314,2020,637.5,14.3,1926.9,2.5
314,Company_314,2021,701.5,11.2,1058.9,10.1
314,Company_314,2022,786.7,13.0,2111.5,12.1
314,Company_314,2023,802.6,14.5,1578.5,2.0
314,Company_314,2024,739.4,11.7,960.1,-7.9
314,Company_314,2025,765.6,14.5,1586.2,3.5
315,Company_315,2015,1432.8,12.4,1752.5,
315,Company_315,2016,1326.0,14.0,1702.8,-7.5
315,Company_315,2017,1180.6,14.9,1423.9,-11.0
315,Company_315,2018,1002.8,17.1,1943.2,-15.1
315,Company_315,2019,944.6,18.5,1943.1,-5.8
315,Company_315,2020,872.7,16.9,1716.9,-7.6
315,Company_315,2021,867.5,14.4,1604.3,-0.6
315,Company_315,2022,772.4,16.2,1578.1,-11.0
315,Company_315,2023,695.6,16.2,1645.3,-9.9
315,Company_315,2024,638.3,15.9,1108.8,-8.2
315,Company_315,2025,685.6,15.8,1420.6,7.4
316,Company_316,2015,8657.0,13.0,25582.7,
316,Company_316,2016,9836.1,10.9,18171.5,13.6
316,Company_316,2017,9981.5,14.2,20617.9,1.5
316,Company_316,2018,11581.4,17.0,34305.7,16.0
316,Company_316,2019,12558.7,19.0,34110.3,8.4
316,Company_316,2020,14022.8,17.6,46846.8,11.7
316,Company_316,2021,16309.6,20.0,73136.4,16.3
316,Company_316,2022,17173.7,19.3,51205.2,5.3
316,Company_316,2023,21670.5,18.4,96851.3,26.2
316,Company_316,2024,23951.4,21.9,60846.6,10.5
316,Company_316,2025,27189.4,21.7,66356.5,13.5
317,Company_317,2015,3500.9,17.1,12093.3,
317,Company_317,2016,3343.1,18.0,13356.6,-4.5
317,Company_317,2017,3863.1,22.3,19545.4,15.6
317,Company_317,2018,3894.8,23.0,27325.0,0.8
317,Company_317,2019,3904.0,21.1,22471.2,0.2
317,Company_317,2020,3750.9,22.8,19459.4,-3.9
317,Company_317,2021,3881.1,21.2,13432.1,3.5
317,Company_317,2022,3675.7,22.1,25497.6,-5.3
317,Company_317,2023,3840.4,17.8,23423.7,4.5
317,Company_317,2024,3836.2,15.6,11373.3,-0.1
317,Company_317,2025,3696.6,15.8,11716.8,-3.6
318,Company_318,2015,881.8,10.6,892.0,
318,Company_318,2016,841.4,11.0,1100.3,-4.6
318,Company_318,2017,702.3,11.6,1312.8,-16.5
318,Company_318,2018,635.9,13.1,843.1,-9.5
318,Company_318,2019,677.4,11.5,1311.4,6.5
318,Company_318,2020,705.5,13.3,1240.4,4.1
318,Company_318,2021,702.8,14.8,1520.9,-0.4
318,Company_318,2022,683.6,14.4,1886.9,-2.7
318,Company_318,2023,614.2,10.1,1111.8,-10.2
318,Company_318,2024,682.3,11.2,1354.2,11.1
318,Company_318,2025,637.8,4.7,426.8,-6.5
319,Company_319,2015,12065.1,22.3,43341.7,
319,Company_319,2016,12806.8,25.7,37013.4,6.1
319,Company_319,2017,13274.9,26.8,64603.3,3.7
319,Company_319,2018,14656.4,27.2,75095.3,10.4
319,Company_319,2019,14119.4,27.0,74357.0,-3.7
319,Company_319,2020,15190.8,28.1,50248.1,7.6
319,Company_319,2021,15265.3,30.1,73361.8,0.5
319,Company_319,2022,13898.2,26.4,58741.4,-9.0
319,Company_319,2023,12369.2,25.8,60161.6,-11.0
319,Company_319,2024,12965.9,26.4,41175.4,4.8
319,Company_319,2025,12540.3,28.0,45272.4,-3.3
320,Company_320,2015,2424.6,16.3,13712.7,
320,Company_320,2016,2851.5,16.2,8237.1,17.6
320,Company_320,2017,3286.4,17.9,15246.7,15.3
320,Company_320,2018,3865.5,17.2,13173.2,17.6
320,Company_320,2019,4734.3,20.2,19268.1,22.5
320,Company_320,2020,5330.6,17.5,18617.2,12.6
320,Company_320,2021,5798.6,22.1,28056.8,8.8
320,Company_320,2022,6038.3,23.4,36149.5,4.1
320,Company_320,2023,7225.4,22.0,53178.9,19.7
320,Company_320,2024,8666.9,21.7,63118.8,20.0
320,Company_320,2025,10151.2,24.6,66281.3,17.1
321,Company_321,2015,1914.9,9.6,2175.4,
321,Company_321,2016,2054.4,8.7,2346.4,7.3
321,Company_321,2017,2131.8,7.3,2523.1,3.8
321,Company_321,2018,2149.0,9.5,2011.1,0.8
321,Company_321,2019,2367.0,5.1,1338.0,10.1
321,Company_321,2020,2513.2,1.9,947.7,6.2
321,Company_321,2021,2946.8,4.6,1762.3,17.3
321,Company_321,2022,3228.8,10.3,2773.8,9.6
321,Company_321,2023,3605.9,10.0,4785.9,11.7
321,Company_321,2024,4412.0,13.4,6988.6,22.4
321,Company_321,2025,4923.2,13.2,6318.7,11.6
322,Company_322,2015,1328.2,5.8,1657.2,
322,Company_322,2016,1429.1,6.1,1949.7,7.6
322,Company_322,2017,1469.7,5.9,1282.3,2.8
322,Company_322,2018,1432.5,3.9,1235.3,-2.5
322,Company_322,2019,1260.7,4.6,1106.1,-12.0
322,Company_322,2020,1477.1,2.2,780.0,17.2
322,Company_322,2021,1754.8,1.9,359.4,18.8
322,Company_322,2022,1928.9,1.3,419.9,9.9
322,Company_322,2023,2007.8,0.6,183.8,4.1
322,Company_322,2024,2185.6,0.8,409.4,8.9
322,Company_322,2025,2321.6,0.4,104.2,6.2
323,Company_323,2015,1988.2,19.1,8716.0,
323,Company_323,2016,2095.0,19.1,5392.5,5.4
323,Company_323,2017,2278.4,18.4,10199.8,8.8
323,Company_323,2018,2522.0,20.1,12232.1,10.7
323,Company_323,2019,2463.5,17.8,5791.2,-2.3
323,Company_323,2020,2663.7,16.5,5153.7,8.1
323,Company_323,2021,2865.6,15.2,9397.3,7.6
323,Company_323,2022,2906.2,16.0,10296.8,1.4
323,Company_323,2023,3197.7,16.8,12680.3,10.0
323,Company_323,2024,3536.4,17.0,13685.0,10.6
323,Company_323,2025,3721.2,19.1,11452.6,5.2
324,Company_324,2015,2516.0,14.7,6370.8,
324,Company_324,2016,2760.0,12.9,6957.2,9.7
324,Company_324,2017,2667.3,8.2,3541.9,-3.4
324,Company_324,2018,3003.7,17.8,7101.5,12.6
324,Company_324,2019,2879.2,13.7,4491.1,-4.1
324,Company_324,2020,3154.2,11.9,5272.9,9.6
324,Company_324,2021,3254.8,16.9,6093.3,3.2
324,Company_324,2022,3666.3,15.8,6338.8,12.6
324,Company_324,2023,3790.2,9.1,3436.2,3.4
324,Company_324,2024,3837.9,15.3,7895.7,1.3
324,Company_324,2025,3693.2,12.5,5698.9,-3.8
325,Company_325,2015,1528.7,13.3,3322.3,
325,Company_325,2016,1631.6,13.0,4152.0,6.7
325,Company_325,2017,1761.3,13.4,2507.8,7.9
325,Company_325,2018,2039.2,6.7,1434.0,15.8
325,Company_325,2019,1976.1,4.3,1591.3,-3.1
325,Company_325,2020,2030.6,0.2,25.1,2.8
325,Company_325,2021,2257.8,1.7,550.6,11.2
325,Company_325,2022,2190.2,-2.3,9359.5,-3.0
325,Company_325,2023,2094.2,-2.9,1922.4,-4.4
325,Company_325,2024,2283.0,-2.4,10864.2,9.0
325,Company_325,2025,2420.6,-1.7,1449.9,6.0
326,Company_326,2015,1698.0,15.7,2201.6,
326,Company_326,2016,1923.9,16.7,4441.3,13.3
326,Company_326,2017,2058.9,16.1,3118.8,7.0
326,Company_326,2018,2204.0,17.7,7478.8,7.0
326,Company_326,2019,2264.3,21.4,7084.9,2.7
326,Company_326,2020,2656.9,21.7,8584.6,17.3
326,Company_326,2021,3205.0,19.6,8677.9,20.6
326,Company_326,2022,3778.3,15.0,5258.3,17.9
326,Company_326,2023,4701.7,16.0,11994.2,24.4
326,Company_326,2024,4900.6,18.9,10859.8,4.2
326,Company_326,2025,5512.2,17.5,11012.0,12.5
327,Company_327,2015,1960.7,0.5,204.9,
327,Company_327,2016,1849.3,-0.9,6014.5,-5.7
327,Company_327,2017,1524.6,-0.1,4200.6,-17.6
327,Company_327,2018,1515.4,0.2,59.3,-0.6
327,Company_327,2019,1276.4,-0.9,5874.6,-15.8
327,Company_327,2020,1235.7,-0.9,4718.5,-3.2
327,Company_327,2021,1009.2,-3.4,975.3,-18.3
327,Company_327,2022,820.8,-1.2,3220.7,-18.7
327,Company_327,2023,782.5,-2.2,3148.2,-4.7
327,Company_327,2024,734.9,-2.3,2863.5,-6.1
327,Company_327,2025,669.4,-1.6,1038.8,-8.9
328,Company_328,2015,2625.6,3.4,963.6,
328,Company_328,2016,2438.3,5.0,1246.7,-7.1
328,Company_328,2017,2283.8,8.7,2958.7,-6.3
328,Company_328,2018,2475.0,10.8,3143.5,8.4
328,Company_328,2019,2719.4,9.8,4375.2,9.9
328,Company_328,2020,2510.8,8.6,3183.0,-7.7
328,Company_328,2021,2415.4,9.4,5351.4,-3.8
328,Company_328,2022,2343.3,8.1,2795.1,-3.0
328,Company_328,2023,2302.4,8.4,3424.0,-1.7
328,Company_328,2024,2342.2,9.1,3149.1,1.7
328,Company_328,2025,2343.4,11.7,3851.3,0.0
329,Company_329,2015,15907.7,22.9,48383.4,
329,Company_329,2016,15718.9,23.4,32881.6,-1.2
329,Company_329,2017,17970.9,21.5,43203.3,14.3
329,Company_329,2018,19476.3,24.2,50635.1,8.4
329,Company_329,2019,20608.3,29.2,84705.7,5.8
329,Company_329,2020,22192.3,29.9,59775.3,7.7
329,Company_329,2021,21861.5,30.9,83903.7,-1.5
329,Company_329,2022,22079.3,31.2,113511.7,1.0
329,Company_329,2023,22900.0,28.5,65565.2,3.7
329,Company_329,2024,24939.6,27.8,129601.7,8.9
329,Company_329,2025,26371.5,27.5,139488.7,5.7
330,Company_330,2015,1364.3,12.8,2898.3,
330,Company_330,2016,1492.6,14.4,3396.3,9.4
330,Company_330,2017,1596.6,15.1,2722.5,7.0
330,Company_330,2018,1613.1,16.5,2508.7,1.0
330,Company_330,2019,1657.5,20.4,4824.6,2.7
330,Company_330,2020,1743.3,22.1,4544.7,5.2
330,Company_330,2021,1555.8,24.3,6095.8,-10.8
330,Company_330,2022,1395.7,25.3,6075.4,-10.3
330,Company_330,2023,1232.8,26.7,3004.9,-11.7
330,Company_330,2024,1382.0,30.7,7280.8,12.1
330,Company_330,2025,1523.1,31.6,8430.3,10.2
331,Company_331,2015,340.2,10.7,428.1,
331,Company_331,2016,320.7,8.7,345.4,-5.7
331,Company_331,2017,362.2,13.4,756.0,13.0
331,Company_331,2018,359.3,13.7,535.5,-0.8
331,Company_331,2019,281.8,14.6,542.3,-21.6
331,Company_331,2020,300.0,16.7,1205.8,6.5
331,Company_331,2021,322.0,16.2,677.9,7.3
331,Company_331,2022,381.1,16.9,1454.5,18.3
331,Company_331,2023,392.8,15.5,1193.9,3.1
331,Company_331,2024,432.5,17.1,1718.0,10.1
331,Company_331,2025,417.1,18.7,973.0,-3.6
332,Company_332,2015,627.8,14.0,736.4,
332,Company_332,2016,746.3,12.8,812.9,18.9
332,Company_332,2017,800.7,12.8,1204.2,7.3
332,Company_332,2018,768.4,10.1,969.7,-4.0
332,Company_332,2019,921.1,9.7,1155.0,19.9
332,Company_332,2020,940.7,9.7,1315.4,2.1
332,Company_332,2021,1051.0,8.5,862.5,11.7
332,Company_332,2022,1079.2,10.0,1606.0,2.7
332,Company_332,2023,1000.3,9.6,1182.8,-7.3
332,Company_332,2024,1135.9,10.5,1278.8,13.5
332,Company_332,2025,1357.3,11.1,1338.2,19.5
333,Company_333,2015,18150.6,22.7,108102.0,
333,Company_333,2016,18433.0,25.3,76166.5,1.6
333,Company_333,2017,18906.2,21.8,86822.3,2.6
333,Company_333,2018,16667.6,22.6,107756.9,-11.8
333,Company_333,2019,16628.2,25.8,72385.3,-0.2
333,Company_333,2020,17095.3,29.2,93561.0,2.8
333,Company_333,2021,18496.3,28.8,94576.8,8.2
333,Company_333,2022,20845.4,27.7,118502.3,12.7
333,Company_333,2023,25900.4,26.7,218902.1,24.2
333,Company_333,2024,26163.1,26.8,224585.8,1.0
333,Company_333,2025,22843.0,23.1,85981.9,-12.7
334,Company_334,2015,16571.5,24.8,62744.0,
334,Company_334,2016,18404.9,23.9,105079.3,11.1
334,Company_334,2017,17911.1,25.3,153654.5,-2.7
334,Company_334,2018,17753.7,22.3,114505.6,-0.9
334,Company_334,2019,18325.8,20.3,83689.0,3.2
334,Company_334,2020,17606.1,19.0,80062.2,-3.9
334,Company_334,2021,15423.5,15.3,61300.5,-12.4
334,Company_334,2022,13919.9,15.8,37249.2,-9.7
334,Company_334,2023,12847.0,14.9,37735.5,-7.7
334,Company_334,2024,15042.7,16.3,43070.3,17.1
334,Company_334,2025,17950.9,17.3,93662.5,19.3
335,Company_335,2015,414.8,13.3,653.0,
335,Company_335,2016,398.4,14.4,709.1,-3.9
335,Company_335,2017,392.7,12.3,569.0,-1.4
335,Company_335,2018,377.5,11.8,631.0,-3.9
335,Company_335,2019,339.1,10.9,451.8,-10.2
335,Company_335,2020,341.2,12.3,404.8,0.6
335,Company_335,2021,341.6,10.5,502.7,0.1
335,Company_335,2022,348.5,9.5,291.0,2.0
335,Company_335,2023,355.4,8.5,287.3,2.0
335,Company_335,2024,371.8,8.0,250.3,4.6
335,Company_335,2025,352.5,7.4,261.5,-5.2
336,Company_336,2015,2146.9,8.3,4134.4,
336,Company_336,2016,2157.5,10.1,2772.9,0.5
336,Company_336,2017,2393.0,10.9,5750.3,10.9
336,Company_336,2018,2490.5,10.9,5596.3,4.1
336,Company_336,2019,2670.7,9.6,6260.3,7.2
336,Company_336,2020,2755.0,9.1,6126.0,3.2
336,Company_336,2021,2689.6,9.3,4815.6,-2.4
336,Company_336,2022,2545.1,9.3,3965.3,-5.4
336,Company_336,2023,2655.3,10.9,3866.7,4.3
336,Company_336,2024,2525.7,8.7,2222.3,-4.9
336,Company_336,2025,2451.7,8.2,3776.0,-2.9
337,Company_337,2015,2294.2,18.1,3399.5,
337,Company_337,2016,2727.5,16.2,7286.2,18.9
337,Company_337,2017,2954.9,18.9,5505.3,8.3
337,Company_337,2018,3181.4,21.1,9443.7,7.7
337,Company_337,2019,3745.5,22.6,16018.6,17.7
337,Company_337,2020,3756.5,22.8,12202.4,0.3
337,Company_337,2021,3787.8,24.2,12239.6,0.8
337,Company_337,2022,4512.7,26.8,23376.1,19.1
337,Company_337,2023,4870.9,24.7,18137.2,7.9
337,Company_337,2024,5786.8,25.7,26448.5,18.8
337,Company_337,2025,6490.4,23.4,20905.1,12.2
338,Company_338,2015,11942.7,9.7,22351.9,
338,Company_338,2016,12039.6,4.9,9654.9,0.8
338,Company_338,2017,9972.5,4.0,4449.6,-17.2
338,Company_338,2018,10729.7,0.4,859.5,7.6
338,Company_338,2019,9530.8,-0.4,9778.2,-11.2
338,Company_338,2020,8682.2,1.8,1422.3,-8.9
338,Company_338,2021,8826.6,3.5,3003.8,1.7
338,Company_338,2022,8935.7,0.6,557.2,1.2
338,Company_338,2023,7952.8,2.7,3708.1,-11.0
338,Company_338,2024,7854.4,3.8,3030.6,-1.2
338,Company_338,2025,7936.2,-1.1,28233.4,1.0
339,Company_339,2015,2116.5,13.3,4706.2,
339,Company_339,2016,2313.1,13.8,3475.5,9.3
339,Company_339,2017,2364.5,11.2,3111.2,2.2
339,Company_339,2018,2543.7,12.7,5220.4,7.6
339,Company_339,2019,2651.0,12.6,3835.2,4.2
339,Company_339,2020,2969.3,15.1,6601.6,12.0
339,Company_339,2021,2748.1,12.0,3972.6,-7.4
339,Company_339,2022,2749.6,8.3,2725.9,0.1
339,Company_339,2023,2975.4,11.6,5770.6,8.2
339,Company_339,2024,3098.5,12.3,7268.3,4.1
339,Company_339,2025,3562.5,13.5,8315.5,15.0
340,Company_340,2015,633.6,9.6,1308.1,
340,Company_340,2016,718.4,11.2,1918.8,13.4
340,Company_340,2017,750.4,9.1,708.6,4.4
340,Company_340,2018,791.2,6.8,1307.5,5.4
340,Company_340,2019,837.6,4.7,680.6,5.9
340,Company_340,2020,884.3,5.9,1011.5,5.6
340,Company_340,2021,787.6,6.5,645.5,-10.9
340,Company_340,2022,862.7,0.8,115.8,9.5
340,Company_340,2023,834.7,5.5,1081.0,-3.3
340,Company_340,2024,803.6,4.5,694.8,-3.7
340,Company_340,2025,787.9,2.5,435.8,-2.0
341,Company_341,2015,11946.1,15.7,30463.3,
341,Company_341,2016,13171.3,15.8,19645.5,10.3
341,Company_341,2017,14440.8,14.6,39776.7,9.6
341,Company_341,2018,14656.0,14.7,19868.6,1.5
341,Company_341,2019,16193.2,11.2,25020.6,10.5
341,Company_341,2020,19234.0,12.1,27368.1,18.8
341,Company_341,2021,20789.6,11.1,21141.2,8.1
341,Company_341,2022,20069.5,8.6,25625.6,-3.5
341,Company_341,2023,21815.4,10.0,34158.4,8.7
341,Company_341,2024,24539.2,10.5,49729.0,12.5
341,Company_341,2025,26361.2,11.9,40879.0,7.4
342,Company_342,2015,12118.5,5.3,8356.6,
342,Company_342,2016,11746.3,10.4,22592.0,-3.1
342,Company_342,2017,11225.1,5.8,10051.5,-4.4
342,Company_342,2018,10457.1,8.0,11306.4,-6.8
342,Company_342,2019,9641.5,22.2,18328.0,-7.8
342,Company_342,2020,8432.0,18.7,30553.4,-12.5
342,Company_342,2021,7118.9,19.1,26826.8,-15.6
342,Company_342,2022,6794.6,28.9,24016.6,-4.6
342,Company_342,2023,6816.2,26.7,21380.1,0.3
342,Company_342,2024,6620.7,29.9,22674.1,-2.9
342,Company_342,2025,5279.7,25.6,22229.7,-20.3
343,Company_343,2015,7803.1,19.1,12270.1,
343,Company_343,2016,9163.0,18.6,15706.8,17.4
343,Company_343,2017,9502.2,18.0,21013.1,3.7
343,Company_343,2018,9981.7,14.1,20334.4,5.0
343,Company_343,2019,10779.7,13.4,24226.7,8.0
343,Company_343,2020,11639.4,11.6,11348.3,8.0
343,Company_343,2021,13127.9,14.7,36317.0,12.8
343,Company_343,2022,13168.1,16.6,21008.3,0.3
343,Company_343,2023,13568.3,12.2,29483.2,3.0
343,Company_343,2024,13680.3,9.4,20222.4,0.8
343,Company_343,2025,13978.9,11.8,25453.5,2.2
344,Company_344,2015,2844.8,22.7,13275.5,
344,Company_344,2016,3328.2,22.5,12540.9,17.0
344,Company_344,2017,3588.3,22.0,12354.2,7.8
344,Company_344,2018,3790.3,22.0,23742.8,5.6
344,Company_344,2019,4403.7,18.2,16481.6,16.2
344,Company_344,2020,4797.4,15.8,18446.1,8.9
344,Company_344,2021,4875.0,17.5,19627.6,1.6
344,Company_344,2022,5174.2,15.1,14712.6,6.1
344,Company_344,2023,5956.6,18.7,22703.0,15.1
344,Company_344,2024,6717.0,21.4,24156.6,12.8
344,Company_344,2025,7000.5,21.4,38330.6,4.2
345,Company_345,2015,678.2,8.5,1172.9,
345,Company_345,2016,640.8,10.7,787.1,-5.5
345,Company_345,2017,649.7,8.6,821.1,1.4
345,Company_345,2018,679.2,9.7,695.2,4.5
345,Company_345,2019,683.6,8.1,1088.6,0.6
345,Company_345,2020,696.0,10.9,1855.9,1.8
345,Company_345,2021,745.6,10.5,1267.4,7.1
345,Company_345,2022,816.8,9.9,1172.9,9.6
345,Company_345,2023,773.6,12.6,1899.2,-5.3
345,Company_345,2024,753.3,14.0,1099.9,-2.6
345,Company_345,2025,703.4,16.3,2408.6,-6.6
346,Company_346,2015,674.3,4.7,282.3,
346,Company_346,2016,719.6,5.5,607.6,6.7
346,Company_346,2017,814.0,4.1,527.0,13.1
346,Company_346,2018,723.5,0.4,24.6,-11.1
346,Company_346,2019,744.9,-1.2,453.5,3.0
346,Company_346,2020,935.2,-3.9,1937.8,25.6
346,Company_346,2021,929.8,-4.8,2814.0,-0.6
346,Company_346,2022,990.3,-5.5,1271.5,6.5
346,Company_346,2023,966.1,-6.7,1204.7,-2.4
346,Company_346,2024,1033.7,-7.4,1387.7,7.0
346,Company_346,2025,1015.1,-5.5,3539.6,-1.8
347,Company_347,2015,15994.6,16.9,76600.3,
347,Company_347,2016,19282.1,19.1,121086.8,20.6
347,Company_347,2017,23791.7,20.0,90419.9,23.4
347,Company_347,2018,30408.3,20.5,172333.7,27.8
347,Company_347,2019,38334.1,19.4,161135.8,26.1
347,Company_347,2020,41754.5,21.5,298158.8,8.9
347,Company_347,2021,47174.1,25.1,228277.1,13.0
347,Company_347,2022,56664.9,23.9,392747.4,20.1
347,Company_347,2023,69126.9,26.1,354084.0,22.0
347,Company_347,2024,76569.4,23.3,504402.7,10.8
347,Company_347,2025,91780.1,20.1,578679.3,19.9
348,Company_348,2015,2757.6,21.9,8379.4,
348,Company_348,2016,2732.0,19.6,12085.0,-0.9
348,Company_348,2017,3184.7,17.9,10131.0,16.6
348,Company_348,2018,3373.0,12.5,4606.9,5.9
348,Company_348,2019,3552.6,11.5,7042.6,5.3
348,Company_348,2020,3910.4,11.9,8320.9,10.1
348,Company_348,2021,4487.3,9.7,8467.3,14.8
348,Company_348,2022,5300.4,7.4,8503.6,18.1
348,Company_348,2023,5622.5,10.0,9678.4,6.1
348,Company_348,2024,5958.7,10.5,12999.3,6.0
348,Company_348,2025,6299.4,11.7,8498.2,5.7
349,Company_349,2015,1070.9,2.8,424.2,
349,Company_349,2016,1168.7,3.2,373.8,9.1
349,Company_349,2017,1381.3,-0.6,5812.2,18.2
349,Company_349,2018,1498.1,-1.0,4296.1,8.5
349,Company_349,2019,1510.6,-3.0,6649.4,0.8
349,Company_349,2020,1628.5,-3.6,7623.1,7.8
349,Company_349,2021,1724.3,-3.8,1745.3,5.9
349,Company_349,2022,1962.1,-4.7,2134.4,13.8
349,Company_349,2023,1939.0,-6.1,5282.6,-1.2
349,Company_349,2024,1622.5,-3.9,1273.1,-16.3
349,Company_349,2025,1520.2,-3.3,5970.1,-6.3
350,Company_350,2015,2255.4,11.3,2472.6,
350,Company_350,2016,2610.7,10.7,3495.7,15.8
350,Company_350,2017,2419.3,11.4,2953.5,-7.3
350,Company_350,2018,2501.4,14.0,4843.7,3.4
350,Company_350,2019,2775.9,15.3,3567.8,11.0
350,Company_350,2020,3178.5,16.3,5552.9,14.5
350,Company_350,2021,2945.0,14.3,5406.4,-7.3
350,Company_350,2022,2993.9,15.3,6222.1,1.7
350,Company_350,2023,2908.2,13.9,4863.6,-2.9
350,Company_350,2024,3095.4,14.2,5030.1,6.4
350,Company_350,2025,2727.1,11.9,3965.8,-11.9
351,Company_351,2015,712.7,11.3,717.8,
351,Company_351,2016,629.3,11.3,806.6,-11.7
351,Company_351,2017,513.1,12.0,681.1,-18.5
351,Company_351,2018,505.6,11.2,625.4,-1.5
351,Company_351,2019,495.4,12.1,580.0,-2.0
351,Company_351,2020,468.7,13.8,575.0,-5.4
351,Company_351,2021,458.9,11.7,718.2,-2.1
351,Company_351,2022,415.1,9.2,416.9,-9.5
351,Company_351,2023,380.5,11.0,498.8,-8.4
351,Company_351,2024,360.1,8.2,358.2,-5.4
351,Company_351,2025,335.2,7.7,361.6,-6.9
352,Company_352,2015,4395.4,19.1,8593.1,
352,Company_352,2016,4449.5,19.3,16134.0,1.2
352,Company_352,2017,3735.3,20.3,9196.9,-16.1
352,Company_352,2018,3462.6,19.6,8301.7,-7.3
352,Company_352,2019,3439.9,19.1,10531.4,-0.7
352,Company_352,2020,3100.9,14.5,6130.6,-9.9
352,Company_352,2021,3193.9,13.7,5287.6,3.0
352,Company_352,2022,3064.1,13.2,7407.3,-4.1
352,Company_352,2023,2693.8,11.3,4073.9,-12.1
352,Company_352,2024,2634.0,13.1,4571.7,-2.2
352,Company_352,2025,2484.9,12.7,5355.4,-5.7
353,Company_353,2015,1351.4,20.6,2545.7,
353,Company_353,2016,1552.8,23.1,6613.6,14.9
353,Company_353,2017,1809.5,26.2,8245.7,16.5
353,Company_353,2018,2151.6,28.2,5159.8,18.9
353,Company_353,2019,2472.9,29.5,6004.7,14.9
353,Company_353,2020,2921.4,31.1,11958.5,18.1
353,Company_353,2021,3717.6,28.7,15117.4,27.3
353,Company_353,2022,4224.6,30.3,18341.3,13.6
353,Company_353,2023,4945.8,32.8,24331.3,17.1
353,Company_353,2024,5644.9,29.2,28771.9,14.1
353,Company_353,2025,6181.2,27.1,27000.8,9.5
354,Company_354,2015,1406.0,9.0,2160.3,
354,Company_354,2016,1536.3,6.0,1058.3,9.3
354,Company_354,2017,1340.1,4.8,1335.9,-12.8
354,Company_354,2018,1485.9,5.1,927.7,10.9
354,Company_354,2019,1546.3,4.0,1127.1,4.1
354,Company_354,2020,1710.4,2.0,714.5,10.6
354,Company_354,2021,1951.8,2.0,723.9,14.1
354,Company_354,2022,1717.7,-3.9,5984.3,-12.0
354,Company_354,2023,1855.9,-7.4,6033.9,8.0
354,Company_354,2024,1839.9,-13.3,2396.4,-0.9
354,Company_354,2025,2071.6,-10.9,9809.5,12.6
355,Company_355,2015,27272.8,19.1,135437.1,
355,Company_355,2016,31560.9,18.6,204964.8,15.7
355,Company_355,2017,35299.5,16.2,96249.4,11.8
355,Company_355,2018,39250.6,19.5,196785.4,11.2
355,Company_355,2019,45236.2,16.0,109344.1,15.2
355,Company_355,2020,51695.5,19.1,301480.8,14.3
355,Company_355,2021,58604.5,23.9,376937.1,13.4
355,Company_355,2022,63816.7,23.0,382909.5,8.9
355,Company_355,2023,73014.9,18.4,296783.9,14.4
355,Company_355,2024,76755.4,19.2,291252.9,5.1
355,Company_355,2025,83356.1,19.2,490286.1,8.6
356,Company_356,2015,852.5,16.4,1862.3,
356,Company_356,2016,922.0,15.5,3356.0,8.2
356,Company_356,2017,1038.0,14.7,2359.7,12.6
356,Company_356,2018,1052.7,16.0,1708.0,1.4
356,Company_356,2019,1053.5,13.5,1614.0,0.1
356,Company_356,2020,1116.0,15.2,2584.4,5.9
356,Company_356,2021,1312.5,14.1,2649.9,17.6
356,Company_356,2022,1427.6,13.9,3929.6,8.8
356,Company_356,2023,1441.1,15.0,3259.5,0.9
356,Company_356,2024,1409.7,16.1,5387.8,-2.2
356,Company_356,2025,1345.2,18.3,2977.3,-4.6
357,Company_357,2015,1704.5,8.9,2767.6,
357,Company_357,2016,1784.1,10.4,2470.5,4.7
357,Company_357,2017,1835.3,9.4,3438.1,2.9
357,Company_357,2018,2075.5,11.1,3251.0,13.1
357,Company_357,2019,2333.3,14.2,3412.8,12.4
357,Company_357,2020,2335.5,14.2,4838.4,0.1
357,Company_357,2021,2420.1,16.3,5728.6,3.6
357,Company_357,2022,2680.8,16.2,8266.3,10.8
357,Company_357,2023,2924.1,12.6,3326.8,9.1
357,Company_357,2024,3449.5,9.2,4872.2,18.0
357,Company_357,2025,3721.9,9.8,3194.5,7.9
358,Company_358,2015,1394.6,10.8,2087.5,
358,Company_358,2016,1537.6,9.5,1573.9,10.3
358,Company_358,2017,1791.6,6.9,1018.4,16.5
358,Company_358,2018,1829.5,8.4,1807.5,2.1
358,Company_358,2019,1628.6,8.8,1276.8,-11.0
358,Company_358,2020,1793.6,8.1,1489.0,10.1
358,Company_358,2021,1763.4,8.5,1915.2,-1.7
358,Company_358,2022,1713.7,8.9,1311.8,-2.8
358,Company_358,2023,1654.8,8.8,1812.7,-3.4
358,Company_358,2024,1600.0,8.2,1632.7,-3.3
358,Company_358,2025,1570.5,8.3,1833.2,-1.8
359,Company_359,2015,821.1,7.0,977.8,
359,Company_359,2016,903.0,6.7,667.0,10.0
359,Company_359,2017,948.2,7.3,1201.4,5.0
359,Company_359,2018,1017.5,8.7,2209.0,7.3
359,Company_359,2019,1077.2,12.4,1376.4,5.9
359,Company_359,2020,1140.8,11.0,1326.9,5.9
359,Company_359,2021,1244.3,9.9,1653.7,9.1
359,Company_359,2022,1323.1,11.2,2915.1,6.3
359,Company_359,2023,1403.2,8.4,2070.9,6.1
359,Company_359,2024,1274.0,8.4,1333.6,-9.2
359,Company_359,2025,1422.8,10.0,1750.3,11.7
360,Company_360,2015,592.8,2.8,353.7,
360,Company_360,2016,619.3,2.5,328.5,4.5
360,Company_360,2017,618.5,-0.1,1311.1,-0.1
360,Company_360,2018,664.7,-1.3,1203.5,7.5
360,Company_360,2019,692.9,0.4,50.0,4.2
360,Company_360,2020,737.9,-1.4,2989.0,6.5
360,Company_360,2021,716.2,-3.6,1717.2,-2.9
360,Company_360,2022,704.7,-4.8,2922.4,-1.6
360,Company_360,2023,782.3,-3.1,1365.2,11.0
360,Company_360,2024,841.7,-4.8,1000.5,7.6
360,Company_360,2025,857.4,-5.2,475.3,1.9
361,Company_361,2015,4003.3,-9.9,9748.5,
361,Company_361,2016,4436.3,-5.9,19042.5,10.8
361,Company_361,2017,4930.8,-5.6,9361.0,11.1
361,Company_361,2018,5614.4,-9.1,5150.6,13.9
361,Company_361,2019,5548.5,-7.2,7390.5,-1.2
361,Company_361,2020,6411.8,-5.0,9754.5,15.6
361,Company_361,2021,6344.0,2.9,1585.4,-1.1
361,Company_361,2022,6748.0,-0.9,30579.6,6.4
361,Company_361,2023,6634.5,-1.7,25243.8,-1.7
361,Company_361,2024,7247.9,-4.1,12018.8,9.2
361,Company_361,2025,7391.5,-9.5,17772.5,2.0
362,Company_362,2015,1457.6,16.3,6667.2,
362,Company_362,2016,1808.9,16.1,4638.3,24.1
362,Company_362,2017,1991.9,15.1,8910.7,10.1
362,Company_362,2018,2111.8,12.2,4816.6,6.0
362,Company_362,2019,2458.7,13.6,7825.9,16.4
362,Company_362,2020,2820.4,15.5,11312.0,14.7
362,Company_362,2021,3307.9,20.8,19188.9,17.3
362,Company_362,2022,3623.7,20.5,20538.4,9.5
362,Company_362,2023,3917.8,20.6,16423.2,8.1
362,Company_362,2024,4650.3,21.2,19903.6,18.7
362,Company_362,2025,4837.3,21.1,33614.6,4.0
363,Company_363,2015,1104.0,7.6,675.1,
363,Company_363,2016,1202.8,10.5,2478.5,8.9
363,Company_363,2017,1135.4,6.3,817.0,-5.6
363,Company_363,2018,1093.4,2.5,589.7,-3.7
363,Company_363,2019,1125.3,2.9,566.7,2.9
363,Company_363,2020,1181.1,-1.9,3500.2,5.0
363,Company_363,2021,1202.3,-1.0,3705.9,1.8
363,Company_363,2022,1385.3,1.7,276.3,15.2
363,Company_363,2023,1529.4,4.0,969.4,10.4
363,Company_363,2024,1480.5,5.1,869.0,-3.2
363,Company_363,2025,1489.9,6.6,1734.1,0.6
364,Company_364,2015,1039.8,13.2,1277.2,
364,Company_364,2016,970.9,13.9,1242.7,-6.6
364,Company_364,2017,881.1,14.3,1046.3,-9.3
364,Company_364,2018,850.2,15.6,1196.3,-3.5
364,Company_364,2019,800.5,16.0,1112.3,-5.8
364,Company_364,2020,784.3,14.0,1423.6,-2.0
364,Company_364,2021,747.5,12.5,1103.8,-4.7
364,Company_364,2022,700.4,13.1,1232.2,-6.3
364,Company_364,2023,723.3,14.8,996.1,3.3
364,Company_364,2024,648.8,14.2,844.6,-10.3
364,Company_364,2025,648.9,13.4,1128.9,0.0
365,Company_365,2015,1663.8,4.6,847.3,
365,Company_365,2016,2004.0,5.8,2551.6,20.4
365,Company_365,2017,2033.5,6.0,2237.7,1.5
365,Company_365,2018,2130.8,5.9,1641.5,4.8
365,Company_365,2019,2337.6,4.7,2267.3,9.7
365,Company_365,2020,2176.1,5.4,1571.8,-6.9
365,Company_365,2021,2262.4,6.0,1828.2,4.0
365,Company_365,2022,2154.4,6.3,2271.9,-4.8
365,Company_365,2023,2441.3,5.1,2260.0,13.3
365,Company_365,2024,2794.1,5.3,2160.7,14.4
365,Company_365,2025,2817.8,5.8,1947.7,0.8
366,Company_366,2015,916.4,4.6,505.7,
366,Company_366,2016,830.0,7.3,1215.0,-9.4
366,Company_366,2017,884.5,8.4,999.9,6.6
366,Company_366,2018,912.8,7.9,662.5,3.2
366,Company_366,2019,1002.7,7.4,1414.7,9.8
366,Company_366,2020,1115.3,2.9,619.2,11.2
366,Company_366,2021,998.4,2.1,402.4,-10.5
366,Company_366,2022,962.7,4.8,949.7,-3.6
366,Company_366,2023,922.4,5.4,1027.5,-4.2
366,Company_366,2024,819.8,8.4,1025.2,-11.1
366,Company_366,2025,827.4,9.5,1178.3,0.9
367,Company_367,2015,1143.6,10.6,1264.4,
367,Company_367,2016,1125.9,11.2,1700.1,-1.5
367,Company_367,2017,1060.4,10.9,1407.6,-5.8
367,Company_367,2018,968.0,8.8,1064.5,-8.7
367,Company_367,2019,1074.8,12.5,1092.3,11.0
367,Company_367,2020,1027.8,12.6,1478.8,-4.4
367,Company_367,2021,1050.1,12.3,1169.4,2.2
367,Company_367,2022,1084.6,10.6,1067.4,3.3
367,Company_367,2023,986.2,11.4,1428.5,-9.1
367,Company_367,2024,1064.7,11.7,1041.3,8.0
367,Company_367,2025,1016.1,10.9,1261.4,-4.6
368,Company_368,2015,3489.1,12.6,8340.9,
368,Company_368,2016,3748.5,13.4,6439.1,7.4
368,Company_368,2017,3619.2,12.5,5629.4,-3.4
368,Company_368,2018,3956.8,14.1,11098.2,9.3
368,Company_368,2019,3838.6,15.0,9248.4,-3.0
368,Company_368,2020,3963.6,17.7,12017.5,3.3
368,Company_368,2021,3979.3,19.2,6902.1,0.4
368,Company_368,2022,4427.3,20.7,17392.7,11.3
368,Company_368,2023,4688.1,21.9,10876.8,5.9
368,Company_368,2024,4964.6,18.8,18643.9,5.9
368,Company_368,2025,5197.5,18.9,8868.6,4.7
369,Company_369,2015,779.4,6.7,448.7,
369,Company_369,2016,748.0,7.4,684.7,-4.0
369,Company_369,2017,807.1,6.7,717.4,7.9
369,Company_369,2018,981.3,6.5,947.2,21.6
369,Company_369,2019,1135.9,4.4,562.9,15.8
369,Company_369,2020,1114.2,3.6,485.9,-1.9
369,Company_369,2021,1151.2,2.8,413.2,3.3
369,Company_369,2022,1359.9,3.1,354.0,18.1
369,Company_369,2023,1443.0,1.7,313.9,6.1
369,Company_369,2024,1459.0,3.3,436.7,1.1
369,Company_369,2025,1529.3,3.7,855.4,4.8
370,Company_370,2015,1993.8,12.2,7573.7,
370,Company_370,2016,2224.2,13.2,8202.4,11.6
370,Company_370,2017,2256.7,12.4,5797.0,1.5
370,Company_370,2018,2661.2,13.4,11973.9,17.9
370,Company_370,2019,3162.5,9.7,10199.2,18.8
370,Company_370,2020,3758.7,9.0,6913.3,18.9
370,Company_370,2021,4469.1,6.5,8407.8,18.9
370,Company_370,2022,5373.7,7.4,8625.2,20.2
370,Company_370,2023,6108.3,5.5,8434.8,13.7
370,Company_370,2024,7547.5,8.3,14888.9,23.6
370,Company_370,2025,7425.1,5.4,12440.4,-1.6
371,Company_371,2015,853.8,2.0,268.8,
371,Company_371,2016,899.1,3.7,730.5,5.3
371,Company_371,2017,881.3,3.2,516.8,-2.0
371,Company_371,2018,947.6,3.8,680.9,7.5
371,Company_371,2019,933.0,3.3,478.0,-1.5
371,Company_371,2020,978.7,2.3,224.4,4.9
371,Company_371,2021,1007.3,0.7,69.0,2.9
371,Company_371,2022,1085.1,-0.1,1882.9,7.7
371,Company_371,2023,1125.2,-0.7,2134.7,3.7
371,Company_371,2024,1151.7,-1.1,3862.5,2.4
371,Company_371,2025,1164.2,-1.7,3144.4,1.1
372,Company_372,2015,2733.1,20.6,4603.2,
372,Company_372,2016,3312.1,20.7,13239.6,21.2
372,Company_372,2017,3987.3,34.3,16898.3,20.4
372,Company_372,2018,5248.4,24.0,15163.6,31.6
372,Company_372,2019,7225.2,25.9,16490.9,37.7
372,Company_372,2020,9179.8,24.5,39919.4,27.1
372,Company_372,2021,11001.9,21.3,19652.2,19.8
372,Company_372,2022,12296.4,16.5,40471.7,11.8
372,Company_372,2023,15362.4,15.0,29236.9,24.9
372,Company_372,2024,18440.5,9.8,19628.0,20.0
372,Company_372,2025,22416.1,9.9,33517.9,21.6
373,Company_373,2015,3717.3,9.6,3268.3,
373,Company_373,2016,4425.8,20.1,12692.0,19.1
373,Company_373,2017,5781.8,19.2,17424.5,30.6
373,Company_373,2018,6746.4,12.7,15608.9,16.7
373,Company_373,2019,7925.9,23.7,33208.1,17.5
373,Company_373,2020,9290.8,21.4,23472.0,17.2
373,Company_373,2021,10337.5,20.0,39918.7,11.3
373,Company_373,2022,9748.5,16.9,29528.2,-5.7
373,Company_373,2023,11496.4,23.5,44606.4,17.9
373,Company_373,2024,12594.6,17.5,19184.1,9.6
373,Company_373,2025,16525.4,15.1,28249.6,31.2
374,Company_374,2015,5202.0,21.4,26432.4,
374,Company_374,2016,5594.8,21.9,24841.7,7.6
374,Company_374,2017,5709.8,23.7,23563.8,2.1
374,Company_374,2018,6352.7,27.6,36789.8,11.3
374,Company_374,2019,7513.5,30.0,37116.4,18.3
374,Company_374,2020,8527.8,26.4,47362.1,13.5
374,Company_374,2021,8970.5,21.6,40836.4,5.2
374,Company_374,2022,9127.3,23.7,27429.9,1.7
374,Company_374,2023,10508.6,25.7,61850.7,15.1
374,Company_374,2024,9095.3,28.6,59902.0,-13.4
374,Company_374,2025,10380.2,26.2,34549.2,14.1
375,Company_375,2015,344.4,12.1,666.4,
375,Company_375,2016,400.5,8.9,504.1,16.3
375,Company_375,2017,382.8,11.5,458.4,-4.4
375,Company_375,2018,312.4,9.6,491.1,-18.4
375,Company_375,2019,335.6,6.4,339.4,7.4
375,Company_375,2020,337.0,5.2,171.1,0.4
375,Company_375,2021,401.1,4.3,316.7,19.0
375,Company_375,2022,357.3,2.9,112.8,-10.9
375,Company_375,2023,381.1,1.5,104.9,6.7
375,Company_375,2024,346.8,2.3,76.8,-9.0
375,Company_375,2025,329.2,2.7,163.1,-5.1
376,Company_376,2015,1372.4,19.3,6360.3,
376,Company_376,2016,1425.1,16.4,5665.3,3.8
376,Company_376,2017,1504.3,18.8,4299.9,5.6
376,Company_376,2018,1534.7,16.4,8155.9,2.0
376,Company_376,2019,1506.5,15.9,3965.6,-1.8
376,Company_376,2020,1485.3,15.4,5466.1,-1.4
376,Company_376,2021,1566.7,14.5,6352.8,5.5
376,Company_376,2022,1712.0,12.7,5542.1,9.3
376,Company_376,2023,1768.8,10.4,5648.9,3.3
376,Company_376,2024,1716.2,13.4,7542.1,-3.0
376,Company_376,2025,1559.1,11.5,4393.4,-9.2
377,Company_377,2015,2424.9,2.7,998.4,
377,Company_377,2016,2822.5,5.5,1824.5,16.4
377,Company_377,2017,3277.6,4.5,2080.7,16.1
377,Company_377,2018,3232.8,8.3,5983.9,-1.4
377,Company_377,2019,3559.3,9.5,3680.3,10.1
377,Company_377,2020,3827.9,10.6,8961.1,7.5
377,Company_377,2021,4445.5,11.4,5692.0,16.1
377,Company_377,2022,4775.1,13.0,9647.4,7.4
377,Company_377,2023,4861.3,16.6,16963.0,1.8
377,Company_377,2024,4952.3,15.8,10664.8,1.9
377,Company_377,2025,5860.2,15.4,17085.5,18.3
378,Company_378,2015,1305.1,24.9,8990.4,
378,Company_378,2016,1387.2,25.1,12096.6,6.3
378,Company_378,2017,1372.4,30.5,12729.0,-1.1
378,Company_378,2018,1485.1,28.5,10409.7,8.2
378,Company_378,2019,1589.3,30.1,9280.7,7.0
378,Company_378,2020,1737.6,31.8,15740.8,9.3
378,Company_378,2021,1907.3,31.0,19915.4,9.8
378,Company_378,2022,2019.5,30.8,21034.6,5.9
378,Company_378,2023,2121.9,32.6,23371.5,5.1
378,Company_378,2024,2533.5,34.3,25797.6,19.4
378,Company_378,2025,2554.2,36.6,27445.4,0.8
379,Company_379,2015,1632.7,7.6,2119.4,
379,Company_379,2016,1851.8,6.0,2124.6,13.4
379,Company_379,2017,2069.8,5.4,1626.6,11.8
379,Company_379,2018,2433.1,3.2,1093.7,17.6
379,Company_379,2019,2937.4,1.3,362.2,20.7
379,Company_379,2020,3220.5,5.2,2513.1,9.6
379,Company_379,2021,3302.1,3.7,1092.5,2.5
379,Company_379,2022,3422.5,5.6,4066.2,3.6
379,Company_379,2023,3558.7,7.2,4661.4,4.0
379,Company_379,2024,3581.8,4.7,3022.6,0.6
379,Company_379,2025,3822.5,3.5,2227.4,6.7
380,Company_380,2015,398.6,5.1,360.6,
380,Company_380,2016,443.5,2.7,257.2,11.3
380,Company_380,2017,471.0,3.2,168.8,6.2
380,Company_380,2018,503.4,4.3,360.8,6.9
380,Company_380,2019,519.5,4.5,439.2,3.2
380,Company_380,2020,564.8,6.5,868.7,8.7
380,Company_380,2021,543.4,9.0,1036.1,-3.8
380,Company_380,2022,597.1,8.6,800.4,9.9
380,Company_380,2023,681.7,7.5,668.2,14.2
380,Company_380,2024,750.5,7.4,924.4,10.1
380,Company_380,2025,741.5,10.8,1094.5,-1.2
381,Company_381,2015,2433.8,9.9,2346.2,
381,Company_381,2016,2416.2,13.0,3623.8,-0.7
381,Company_381,2017,2682.6,9.2,2745.6,11.0
381,Company_381,2018,2899.0,7.5,2516.7,8.1
381,Company_381,2019,2994.6,7.3,2086.3,3.3
381,Company_381,2020,2697.1,6.4,1934.4,-9.9
381,Company_381,2021,2700.9,5.5,1514.9,0.1
381,Company_381,2022,2755.0,4.0,1369.6,2.0
381,Company_381,2023,2772.3,3.3,1297.7,0.6
381,Company_381,2024,2902.0,3.7,1129.6,4.7
381,Company_381,2025,3331.7,3.4,1106.8,14.8
382,Company_382,2015,4654.2,-2.2,17367.6,
382,Company_382,2016,4540.2,-9.8,18438.2,-2.5
382,Company_382,2017,4849.2,-13.5,8991.1,6.8
382,Company_382,2018,5103.6,-6.7,10398.3,5.2
382,Company_382,2019,4540.8,-6.0,9553.1,-11.0
382,Company_382,2020,5046.4,3.6,2398.6,11.1
382,Company_382,2021,5392.8,4.7,2747.5,6.9
382,Company_382,2022,5224.6,0.2,204.5,-3.1
382,Company_382,2023,5323.6,-3.2,7926.3,1.9
382,Company_382,2024,5539.4,-1.4,7555.9,4.1
382,Company_382,2025,5288.1,-4.5,11729.2,-4.5
383,Company_383,2015,2362.0,20.8,8731.4,
383,Company_383,2016,2444.5,30.6,13355.7,3.5
383,Company_383,2017,2929.0,35.3,14948.3,19.8
383,Company_383,2018,3104.3,31.7,19278.4,6.0
383,Company_383,2019,3438.5,30.8,20082.6,10.8
383,Company_383,2020,3679.7,33.8,10492.6,7.0
383,Company_383,2021,4251.3,38.6,23659.9,15.5
383,Company_383,2022,4488.7,43.9,37244.5,5.6
383,Company_383,2023,4681.1,45.4,19984.7,4.3
383,Company_383,2024,5447.8,38.9,19906.9,16.4
383,Company_383,2025,6635.9,41.7,30948.4,21.8
384,Company_384,2015,5112.4,17.3,9874.0,
384,Company_384,2016,5663.9,16.1,17022.5,10.8
384,Company_384,2017,6185.1,22.3,29001.2,9.2
384,Company_384,2018,6832.5,22.7,38138.1,10.5
384,Company_384,2019,7722.7,21.1,36382.6,13.0
384,Company_384,2020,9645.1,19.7,47359.4,24.9
384,Company_384,2021,9455.2,14.6,34059.0,-2.0
384,Company_384,2022,10129.2,18.7,19430.0,7.1
384,Company_384,2023,11026.7,19.5,29015.6,8.9
384,Company_384,2024,11954.8,15.7,18848.4,8.4
384,Company_384,2025,13370.6,13.4,20947.8,11.8
385,Company_385,2015,470.8,1.9,109.4,
385,Company_385,2016,409.4,2.1,165.5,-13.0
385,Company_385,2017,465.6,0.6,43.6,13.7
385,Company_385,2018,443.1,2.8,192.3,-4.8
385,Company_385,2019,416.2,4.2,189.5,-6.1
385,Company_385,2020,418.7,5.9,270.8,0.6
385,Company_385,2021,423.0,4.6,263.9,1.0
385,Company_385,2022,431.5,1.4,61.1,2.0
385,Company_385,2023,345.1,3.4,205.5,-20.0
385,Company_385,2024,278.6,5.0,155.4,-19.3
385,Company_385,2025,238.8,1.8,81.4,-14.3
386,Company_386,2015,1857.9,9.8,1601.0,
386,Company_386,2016,1836.1,9.5,1964.2,-1.2
386,Company_386,2017,1973.7,8.6,2449.1,7.5
386,Company_386,2018,2431.9,7.5,2538.9,23.2
386,Company_386,2019,2239.1,5.4,1792.7,-7.9
386,Company_386,2020,2180.0,5.8,1285.8,-2.6
386,Company_386,2021,2302.6,7.3,1872.0,5.6
386,Company_386,2022,2367.8,5.7,1286.1,2.8
386,Company_386,2023,2582.1,5.3,1993.1,9.1
386,Company_386,2024,2489.5,5.0,1315.1,-3.6
386,Company_386,2025,2271.1,5.7,1677.1,-8.8
387,Company_387,2015,846.7,16.0,3211.6,
387,Company_387,2016,903.9,14.1,3026.0,6.8
387,Company_387,2017,1020.4,14.3,3320.3,12.9
387,Company_387,2018,990.8,13.4,2152.1,-2.9
387,Company_387,2019,1126.1,12.1,1759.7,13.7
387,Company_387,2020,1224.4,12.3,2591.0,8.7
387,Company_387,2021,1430.2,12.8,1940.4,16.8
387,Company_387,2022,1410.6,14.5,2798.0,-1.4
387,Company_387,2023,1687.8,15.3,4335.5,19.7
387,Company_387,2024,1946.4,16.4,4532.7,15.3
387,Company_387,2025,2262.7,16.1,3795.8,16.2
388,Company_388,2015,823.6,6.1,570.4,
388,Company_388,2016,785.7,6.3,730.5,-4.6
388,Company_388,2017,823.1,6.6,1004.1,4.8
388,Company_388,2018,672.9,6.9,600.4,-18.2
388,Company_388,2019,692.5,8.5,726.4,2.9
388,Company_388,2020,726.0,8.9,1317.1,4.8
388,Company_388,2021,765.5,7.0,1047.9,5.4
388,Company_388,2022,788.2,4.8,599.2,3.0
388,Company_388,2023,810.9,8.0,1307.8,2.9
388,Company_388,2024,646.0,5.2,276.6,-20.3
388,Company_388,2025,729.1,4.5,632.3,12.9
389,Company_389,2015,10707.4,27.6,28915.5,
389,Company_389,2016,9783.6,21.6,20496.4,-8.6
389,Company_389,2017,10002.7,23.7,29995.9,2.2
389,Company_389,2018,10072.0,27.5,34245.4,0.7
389,Company_389,2019,9095.7,28.6,27520.8,-9.7
389,Company_389,2020,8054.3,25.1,31289.3,-11.4
389,Company_389,2021,5994.1,19.6,20519.6,-25.6
389,Company_389,2022,6800.4,14.6,11800.4,13.5
389,Company_389,2023,6186.3,15.6,9807.6,-9.0
389,Company_389,2024,6289.9,7.0,4432.5,1.7
389,Company_389,2025,6861.1,5.4,3565.4,9.1
390,Company_390,2015,5604.3,26.9,24775.0,
390,Company_390,2016,4694.4,26.5,13984.6,-16.2
390,Company_390,2017,4326.0,28.3,19462.1,-7.8
390,Company_390,2018,4401.6,30.0,10980.2,1.7
390,Company_390,2019,4591.7,32.7,12700.9,4.3
390,Company_390,2020,4545.9,35.8,24183.6,-1.0
390,Company_390,2021,4178.6,40.8,25089.6,-8.1
390,Company_390,2022,2735.4,42.7,15818.3,-34.5
390,Company_390,2023,2412.9,46.2,19854.9,-11.8
390,Company_390,2024,2378.3,50.0,13700.4,-1.4
390,Company_390,2025,2226.6,50.0,15051.4,-6.4
391,Company_391,2015,827.8,3.7,626.4,
391,Company_391,2016,815.1,5.6,801.7,-1.5
391,Company_391,2017,873.5,5.4,747.2,7.2
391,Company_391,2018,928.1,6.4,708.0,6.2
391,Company_391,2019,959.5,2.9,599.0,3.4
391,Company_391,2020,941.4,2.1,202.7,-1.9
391,Company_391,2021,910.8,3.0,516.6,-3.2
391,Company_391,2022,954.7,2.9,328.6,4.8
391,Company_391,2023,949.8,1.2,201.6,-0.5
391,Company_391,2024,999.4,-1.3,3846.3,5.2
391,Company_391,2025,937.4,-3.9,4483.7,-6.2
392,Company_392,2015,1869.9,9.1,2496.3,
392,Company_392,2016,2020.2,9.4,2203.6,8.0
392,Company_392,2017,1821.3,10.0,4251.9,-9.8
392,Company_392,2018,1942.1,9.3,3399.4,6.6
392,Company_392,2019,1851.3,10.2,3883.3,-4.7
392,Company_392,2020,1946.3,11.7,4014.5,5.1
392,Company_392,2021,1937.7,12.9,6202.4,-0.4
392,Company_392,2022,2134.9,12.8,5779.6,10.2
392,Company_392,2023,2110.6,14.7,5764.8,-1.1
392,Company_392,2024,2201.6,12.3,3665.9,4.3
392,Company_392,2025,2418.7,13.2,5345.0,9.9
393,Company_393,2015,320.5,4.2,133.6,
393,Company_393,2016,374.0,4.1,305.8,16.7
393,Company_393,2017,429.7,2.8,167.9,14.9
393,Company_393,2018,514.8,5.2,422.6,19.8
393,Company_393,2019,595.5,1.7,101.6,15.7
393,Company_393,2020,697.1,0.4,44.2,17.0
393,Company_393,2021,699.7,-2.9,3247.7,0.4
393,Company_393,2022,842.7,-1.3,589.8,20.4
393,Company_393,2023,1008.6,1.1,166.7,19.7
393,Company_393,2024,1087.5,5.0,894.1,7.8
393,Company_393,2025,1186.3,0.5,110.9,9.1
394,Company_394,2015,1704.6,9.2,2520.7,
394,Company_394,2016,1717.0,9.4,2864.1,0.7
394,Company_394,2017,1580.1,10.5,1847.0,-8.0
394,Company_394,2018,1678.9,7.8,1775.8,6.3
394,Company_394,2019,1791.6,6.2,1120.6,6.7
394,Company_394,2020,1851.6,4.3,1009.9,3.4
394,Company_394,2021,1961.9,3.2,794.8,6.0
394,Company_394,2022,2148.2,2.1,459.3,9.5
394,Company_394,2023,2378.9,2.9,836.8,10.7
394,Company_394,2024,2560.9,-0.2,8662.7,7.7
394,Company_394,2025,2782.3,1.7,869.2,8.6
395,Company_395,2015,1464.8,13.3,2691.3,
395,Company_395,2016,1552.5,13.9,5317.1,6.0
395,Company_395,2017,1441.9,16.1,4684.7,-7.1
395,Company_395,2018,1576.2,14.2,3162.1,9.3
395,Company_395,2019,1663.7,15.2,5473.9,5.6
395,Company_395,2020,1964.2,15.2,5936.9,18.1
395,Company_395,2021,2207.6,15.4,5874.9,12.4
395,Company_395,2022,2494.3,16.2,4706.7,13.0
395,Company_395,2023,2646.9,14.4,7138.5,6.1
395,Company_395,2024,2758.2,12.4,4711.8,4.2
395,Company_395,2025,2617.7,13.2,6704.2,-5.1
396,Company_396,2015,12553.9,8.8,20522.8,
396,Company_396,2016,15731.7,6.1,12173.2,25.3
396,Company_396,2017,16225.5,5.3,7884.0,3.1
396,Company_396,2018,15912.8,7.0,8965.9,-1.9
396,Company_396,2019,14667.0,7.6,19687.1,-7.8
396,Company_396,2020,14017.2,8.6,22508.8,-4.4
396,Company_396,2021,15659.3,10.2,19780.9,11.7
396,Company_396,2022,15487.3,12.4,23594.6,-1.1
396,Company_396,2023,17665.3,13.2,19090.7,14.1
396,Company_396,2024,17679.5,13.9,23610.5,0.1
396,Company_396,2025,19407.2,16.3,58837.5,9.8
397,Company_397,2015,4351.9,10.4,5724.9,
397,Company_397,2016,4986.2,9.3,9842.2,14.6
397,Company_397,2017,5054.6,7.7,7389.7,1.4
397,Company_397,2018,5862.8,6.5,9084.2,16.0
397,Company_397,2019,6222.4,5.9,7222.2,6.1
397,Company_397,2020,5585.4,7.7,6602.9,-10.2
397,Company_397,2021,5199.0,5.6,3122.2,-6.9
397,Company_397,2022,6398.2,9.7,13240.6,23.1
397,Company_397,2023,6950.2,11.1,11791.9,8.6
397,Company_397,2024,8371.2,9.9,15512.8,20.4
397,Company_397,2025,8082.2,8.8,7301.8,-3.5
398,Company_398,2015,705.2,16.0,1985.0,
398,Company_398,2016,827.0,15.8,1436.5,17.3
398,Company_398,2017,856.2,15.9,2147.2,3.5
398,Company_398,2018,931.4,15.8,1874.2,8.8
398,Company_398,2019,1082.4,17.4,3551.9,16.2
398,Company_398,2020,1211.4,13.2,2872.5,11.9
398,Company_398,2021,1345.1,9.1,1853.4,11.0
398,Company_398,2022,1551.7,10.1,1542.5,15.4
398,Company_398,2023,1566.5,9.7,2884.0,1.0
398,Company_398,2024,1888.3,9.6,2874.8,20.5
398,Company_398,2025,2143.1,6.6,1456.4,13.5
399,Company_399,2015,6575.7,13.1,10587.0,
399,Company_399,2016,7611.3,3.7,2706.2,15.7
399,Company_399,2017,8054.4,13.3,10410.2,5.8
399,Company_399,2018,9558.2,14.5,22666.2,18.7
399,Company_399,2019,11270.4,14.0,22783.8,17.9
399,Company_399,2020,13145.4,14.8,18183.5,16.6
399,Company_399,2021,16193.1,12.3,17644.5,23.2
399,Company_399,2022,19872.1,14.6,27484.9,22.7
399,Company_399,2023,23741.3,26.2,76993.6,19.5
399,Company_399,2024,26706.2,25.8,112765.2,12.5
399,Company_399,2025,29065.2,22.2,128495.8,8.8
400,Company_400,2015,766.4,4.1,395.3,
400,Company_400,2016,792.2,2.8,376.3,3.4
400,Company_400,2017,833.3,2.6,288.7,5.2
400,Company_400,2018,826.0,-3.9,3873.0,-0.9
400,Company_400,2019,818.1,-4.4,1196.0,-0.9
400,Company_400,2020,853.3,-5.9,957.4,4.3
400,Company_400,2021,809.0,-6.6,3719.5,-5.2
400,Company_400,2022,704.3,-6.6,1070.8,-12.9
400,Company_400,2023,702.9,-7.2,1949.1,-0.2
400,Company_400,2024,667.5,-10.0,925.8,-5.0
400,Company_400,2025,556.7,-7.4,2278.5,-16.6
401,Company_401,2015,3157.1,12.3,6655.0,
401,Company_401,2016,3261.8,24.9,14637.3,3.3
401,Company_401,2017,3519.3,30.6,18315.5,7.9
401,Company_401,2018,3911.5,32.3,10571.2,11.1
401,Company_401,2019,3632.5,33.0,17648.7,-7.1
401,Company_401,2020,3463.3,15.9,6395.0,-4.7
401,Company_401,2021,3567.4,11.8,5115.1,3.0
401,Company_401,2022,3580.9,3.1,1072.6,0.4
401,Company_401,2023,3190.0,6.9,2620.0,-10.9
401,Company_401,2024,2834.1,7.3,1804.5,-11.2
401,Company_401,2025,2644.6,10.3,2465.7,-6.7
402,Company_402,2015,1032.1,21.8,4030.5,
402,Company_402,2016,1112.6,24.3,7178.8,7.8
402,Company_402,2017,1168.0,25.4,8582.3,5.0
402,Company_402,2018,1399.6,26.9,11492.9,19.8
402,Company_402,2019,1371.8,22.5,9786.3,-2.0
402,Company_402,2020,1456.4,21.5,9494.3,6.2
402,Company_402,2021,1787.5,22.5,8684.2,22.7
402,Company_402,2022,1621.4,21.1,11078.6,-9.3
402,Company_402,2023,1634.5,21.9,7760.0,0.8
402,Company_402,2024,1674.9,21.7,10204.9,2.5
402,Company_402,2025,1996.2,23.0,12282.7,19.2
403,Company_403,2015,2388.6,0.3,149.0,
403,Company_403,2016,2793.5,-2.7,4659.2,17.0
403,Company_403,2017,3086.8,-5.8,14930.9,10.5
403,Company_403,2018,3344.8,-6.9,16266.8,8.4
403,Company_403,2019,3949.1,-6.6,13660.6,18.1
403,Company_403,2020,4623.6,-5.6,15826.7,17.1
403,Company_403,2021,4866.9,-3.1,7037.3,5.3
403,Company_403,2022,5918.6,-2.7,24611.9,21.6
403,Company_403,2023,6951.8,-1.7,20035.6,17.5
403,Company_403,2024,9463.7,-1.9,40775.7,36.1
403,Company_403,2025,10010.2,-5.9,24156.3,5.8
404,Company_404,2015,1815.3,9.7,2988.6,
404,Company_404,2016,1858.6,8.6,2598.7,2.4
404,Company_404,2017,2029.3,5.3,1625.6,9.2
404,Company_404,2018,2193.8,4.7,2051.5,8.1
404,Company_404,2019,2386.1,4.7,1554.8,8.8
404,Company_404,2020,2591.6,2.0,1102.5,8.6
404,Company_404,2021,2781.5,0.4,124.6,7.3
404,Company_404,2022,2690.6,2.1,1147.3,-3.3
404,Company_404,2023,2788.0,1.2,495.7,3.6
404,Company_404,2024,3403.4,3.1,2544.7,22.1
404,Company_404,2025,3916.2,0.6,250.5,15.1
405,Company_405,2015,2306.6,11.8,2757.9,
405,Company_405,2016,2379.0,10.6,2252.6,3.1
405,Company_405,2017,2628.6,14.0,6648.0,10.5
405,Company_405,2018,2932.5,13.7,6757.0,11.6
405,Company_405,2019,2904.2,13.3,6046.6,-1.0
405,Company_405,2020,3075.5,13.5,5560.9,5.9
405,Company_405,2021,3366.7,16.6,6963.2,9.5
405,Company_405,2022,3698.2,16.0,6414.0,9.8
405,Company_405,2023,3723.5,15.4,11137.3,0.7
405,Company_405,2024,3704.4,13.9,5514.1,-0.5
405,Company_405,2025,3483.4,13.2,4404.0,-6.0
406,Company_406,2015,392.1,8.5,421.5,
406,Company_406,2016,446.2,8.3,410.6,13.8
406,Company_406,2017,433.6,7.7,347.0,-2.8
406,Company_406,2018,431.1,9.3,482.3,-0.6
406,Company_406,2019,439.5,8.0,502.3,2.0
406,Company_406,2020,445.0,11.7,757.0,1.2
406,Company_406,2021,417.0,12.7,693.2,-6.3
406,Company_406,2022,406.1,15.9,727.0,-2.6
406,Company_406,2023,407.0,13.4,591.5,0.2
406,Company_406,2024,427.0,12.3,645.8,4.9
406,Company_406,2025,396.1,10.4,449.1,-7.2
407,Company_407,2015,410.1,9.7,765.4,
407,Company_407,2016,398.7,11.2,962.4,-2.8
407,Company_407,2017,437.0,11.8,1202.0,9.6
407,Company_407,2018,452.2,14.3,1487.7,3.5
407,Company_407,2019,515.7,12.0,1002.0,14.0
407,Company_407,2020,548.8,12.2,758.3,6.4
407,Company_407,2021,501.6,12.3,1098.6,-8.6
407,Company_407,2022,516.2,11.3,1005.9,2.9
407,Company_407,2023,538.0,13.5,1776.3,4.2
407,Company_407,2024,572.4,13.8,1815.6,6.4
407,Company_407,2025,538.8,13.4,1320.4,-5.9
408,Company_408,2015,718.7,8.0,811.4,
408,Company_408,2016,804.3,8.0,1073.9,11.9
408,Company_408,2017,872.4,8.3,1049.4,8.5
408,Company_408,2018,1040.8,8.1,1274.3,19.3
408,Company_408,2019,1123.4,8.6,2407.5,7.9
408,Company_408,2020,1272.4,7.3,940.0,13.3
408,Company_408,2021,1291.1,7.7,1862.0,1.5
408,Company_408,2022,1458.6,5.4,1174.7,13.0
408,Company_408,2023,1534.9,6.7,2001.5,5.2
408,Company_408,2024,1546.6,8.1,1550.3,0.8
408,Company_408,2025,1657.9,5.2,1374.4,7.2
409,Company_409,2015,13914.6,19.1,59358.0,
409,Company_409,2016,15719.7,16.1,48543.5,13.0
409,Company_409,2017,16329.5,14.7,54171.9,3.9
409,Company_409,2018,18814.1,17.3,50845.3,15.2
409,Company_409,2019,23090.0,19.5,70048.3,22.7
409,Company_409,2020,28948.9,15.9,57543.5,25.4
409,Company_409,2021,31445.0,13.1,62642.4,8.6
409,Company_409,2022,36187.7,12.5,54225.8,15.1
409,Company_409,2023,40903.0,18.8,84888.0,13.0
409,Company_409,2024,46604.1,17.7,94690.5,13.9
409,Company_409,2025,51738.7,12.9,118627.9,11.0
410,Company_410,2015,2070.2,14.5,4666.2,
410,Company_410,2016,1991.6,14.7,2871.0,-3.8
410,Company_410,2017,2109.4,18.1,7487.5,5.9
410,Company_410,2018,2397.8,17.0,5225.3,13.7
410,Company_410,2019,2833.2,16.9,4294.5,18.2
410,Company_410,2020,2899.9,14.4,9053.3,2.4
410,Company_410,2021,3170.2,14.8,7099.8,9.3
410,Company_410,2022,3356.3,14.3,4970.5,5.9
410,Company_410,2023,3193.2,13.8,8421.4,-4.9
410,Company_410,2024,3069.2,13.1,8330.8,-3.9
410,Company_410,2025,3396.4,12.6,7739.0,10.7
411,Company_411,2015,1897.7,17.6,3400.8,
411,Company_411,2016,2170.4,15.1,5403.8,14.4
411,Company_411,2017,2584.5,14.8,9294.5,19.1
411,Company_411,2018,2818.7,12.3,7086.9,9.1
411,Company_411,2019,3590.1,12.4,4610.3,27.4
411,Company_411,2020,4127.2,14.2,7284.1,15.0
411,Company_411,2021,5204.7,10.8,9180.8,26.1
411,Company_411,2022,6352.0,13.3,13451.5,22.0
411,Company_411,2023,7509.2,16.8,22540.1,18.2
411,Company_411,2024,9464.3,18.9,42561.8,26.0
411,Company_411,2025,11175.9,13.9,28808.1,18.1
412,Company_412,2015,9886.9,8.1,14685.0,
412,Company_412,2016,11081.9,18.7,40387.9,12.1
412,Company_412,2017,11542.5,13.2,28460.1,4.2
412,Company_412,2018,12742.3,12.1,22562.4,10.4
412,Company_412,2019,14692.5,16.5,29162.3,15.3
412,Company_412,2020,15241.4,10.4,28360.8,3.7
412,Company_412,2021,17631.8,5.4,8214.8,15.7
412,Company_412,2022,21248.3,10.9,43792.8,20.5
412,Company_412,2023,23588.1,11.3,21700.6,11.0
412,Company_412,2024,29722.3,5.8,21023.7,26.0
412,Company_412,2025,36923.4,-0.6,27674.1,24.2
413,Company_413,2015,1198.2,11.8,2403.3,
413,Company_413,2016,1444.8,12.4,3378.3,20.6
413,Company_413,2017,1720.1,10.3,4278.1,19.1
413,Company_413,2018,1737.0,12.3,3570.4,1.0
413,Company_413,2019,1772.8,12.1,3106.1,2.1
413,Company_413,2020,1791.7,11.7,3659.4,1.1
413,Company_413,2021,2021.8,10.0,2912.0,12.8
413,Company_413,2022,2684.9,10.2,6791.6,32.8
413,Company_413,2023,3022.7,11.3,5845.3,12.6
413,Company_413,2024,3179.3,10.3,6923.0,5.2
413,Company_413,2025,3700.7,11.6,5696.2,16.4
414,Company_414,2015,266.2,4.1,120.7,
414,Company_414,2016,286.0,4.2,297.3,7.4
414,Company_414,2017,289.9,4.4,283.3,1.4
414,Company_414,2018,314.3,4.6,174.7,8.4
414,Company_414,2019,314.3,2.7,142.6,-0.0
414,Company_414,2020,322.9,0.3,15.9,2.7
414,Company_414,2021,333.1,-1.0,1557.4,3.2
414,Company_414,2022,342.0,1.1,46.2,2.7
414,Company_414,2023,382.0,0.6,48.7,11.7
414,Company_414,2024,358.2,0.9,55.9,-6.2
414,Company_414,2025,361.2,0.2,15.7,0.8
415,Company_415,2015,2312.8,-2.8,6681.7,
415,Company_415,2016,2198.1,-0.6,7825.1,-5.0
415,Company_415,2017,2266.2,0.6,121.1,3.1
415,Company_415,2018,2061.2,7.4,2115.4,-9.0
415,Company_415,2019,2159.8,-1.7,2525.9,4.8
415,Company_415,2020,1999.2,4.0,1111.3,-7.4
415,Company_415,2021,2114.1,0.5,190.5,5.7
415,Company_415,2022,2330.1,1.5,501.1,10.2
415,Company_415,2023,2303.2,-3.8,6721.6,-1.2
415,Company_415,2024,2297.5,-1.8,10021.4,-0.2
415,Company_415,2025,2136.9,5.7,2158.3,-7.0
416,Company_416,2015,2803.2,4.3,2920.7,
416,Company_416,2016,2880.3,2.6,1385.4,2.7
416,Company_416,2017,3064.3,2.3,963.8,6.4
416,Company_416,2018,2551.5,0.5,217.9,-16.7
416,Company_416,2019,2410.2,-1.4,6866.0,-5.5
416,Company_416,2020,2350.7,-1.3,9971.9,-2.5
416,Company_416,2021,2408.8,-2.9,5392.3,2.5
416,Company_416,2022,2920.7,-3.3,1575.1,21.3
416,Company_416,2023,3018.4,-0.2,4357.1,3.3
416,Company_416,2024,3038.4,2.2,914.3,0.7
416,Company_416,2025,3075.0,-1.2,4416.8,1.2
417,Company_417,2015,255.6,5.7,207.8,
417,Company_417,2016,270.3,2.1,105.5,5.7
417,Company_417,2017,285.2,1.0,57.0,5.5
417,Company_417,2018,320.7,3.9,120.7,12.4
417,Company_417,2019,340.1,3.7,119.8,6.1
417,Company_417,2020,348.0,0.3,14.6,2.3
417,Company_417,2021,339.1,3.6,117.9,-2.6
417,Company_417,2022,348.1,7.4,494.3,2.7
417,Company_417,2023,430.5,5.0,420.1,23.7
417,Company_417,2024,552.1,8.0,574.4,28.2
417,Company_417,2025,568.0,10.1,469.4,2.9
418,Company_418,2015,992.8,12.4,2390.4,
418,Company_418,2016,991.2,9.9,1089.6,-0.2
418,Company_418,2017,953.0,5.4,546.8,-3.9
418,Company_418,2018,939.9,4.1,803.7,-1.4
418,Company_418,2019,968.1,8.3,1674.3,3.0
418,Company_418,2020,1054.9,6.4,1032.4,9.0
418,Company_418,2021,959.8,5.3,448.2,-9.0
418,Company_418,2022,917.2,4.4,835.0,-4.4
418,Company_418,2023,868.2,5.7,725.6,-5.3
418,Company_418,2024,818.6,5.5,887.5,-5.7
418,Company_418,2025,823.4,6.0,983.9,0.6
419,Company_419,2015,1924.8,20.4,9583.1,
419,Company_419,2016,2131.2,16.9,5142.3,10.7
419,Company_419,2017,2360.7,14.4,4849.6,10.8
419,Company_419,2018,2470.3,11.4,4042.3,4.6
419,Company_419,2019,2558.4,10.3,5482.6,3.6
419,Company_419,2020,2520.0,8.2,2489.1,-1.5
419,Company_419,2021,2509.2,4.3,1733.7,-0.4
419,Company_419,2022,2532.7,1.8,539.3,0.9
419,Company_419,2023,2641.5,2.7,1370.9,4.3
419,Company_419,2024,2548.2,-1.3,10868.2,-3.5
419,Company_419,2025,2997.5,0.2,70.4,17.6
420,Company_420,2015,1733.7,12.4,3491.7,
420,Company_420,2016,1742.1,11.4,4209.9,0.5
420,Company_420,2017,1701.7,10.9,3450.6,-2.3
420,Company_420,2018,1761.1,11.4,3326.2,3.5
420,Company_420,2019,1856.6,6.5,2589.8,5.4
420,Company_420,2020,2102.7,8.3,2579.9,13.3
420,Company_420,2021,1973.3,9.5,3854.8,-6.2
420,Company_420,2022,2502.9,8.4,4599.3,26.8
420,Company_420,2023,2571.1,6.3,2848.0,2.7
420,Company_420,2024,2845.1,6.5,3854.4,10.7
420,Company_420,2025,2800.7,9.8,2268.7,-1.6
421,Company_421,2015,822.8,5.3,1053.2,
421,Company_421,2016,972.6,6.3,976.4,18.2
421,Company_421,2017,1058.6,6.0,1304.3,8.8
421,Company_421,2018,1172.0,5.0,993.1,10.7
421,Company_421,2019,1118.2,3.7,464.6,-4.6
421,Company_421,2020,1071.0,4.9,999.7,-4.2
421,Company_421,2021,1224.5,3.1,840.2,14.3
421,Company_421,2022,1286.6,3.3,434.9,5.1
421,Company_421,2023,1235.8,2.5,769.6,-3.9
421,Company_421,2024,1349.3,3.2,1066.7,9.2
421,Company_421,2025,1338.1,7.2,1395.9,-0.8
422,Company_422,2015,7231.9,12.9,10770.9,
422,Company_422,2016,6064.4,13.1,10506.9,-16.1
422,Company_422,2017,5403.3,18.5,15286.4,-10.9
422,Company_422,2018,4979.8,16.3,14892.5,-7.8
422,Company_422,2019,4318.5,16.4,11184.7,-13.3
422,Company_422,2020,3582.3,13.6,6772.5,-17.0
422,Company_422,2021,3466.7,10.4,5395.2,-3.2
422,Company_422,2022,2924.9,4.9,1205.8,-15.6
422,Company_422,2023,2482.6,4.5,2041.4,-15.1
422,Company_422,2024,2285.2,3.9,1288.6,-7.9
422,Company_422,2025,2179.4,-0.3,9449.6,-4.6
423,Company_423,2015,3675.8,21.3,18580.1,
423,Company_423,2016,3901.8,19.4,18711.1,6.1
423,Company_423,2017,4584.7,19.1,18394.5,17.5
423,Company_423,2018,4710.6,18.8,11536.0,2.7
423,Company_423,2019,4468.7,16.6,13670.1,-5.1
423,Company_423,2020,5340.0,14.2,12719.3,19.5
423,Company_423,2021,5486.9,17.1,21094.9,2.8
423,Company_423,2022,5446.1,13.9,15796.5,-0.7
423,Company_423,2023,5495.1,11.1,12211.0,0.9
423,Company_423,2024,5428.1,12.1,6855.1,-1.2
423,Company_423,2025,5007.2,12.3,9783.9,-7.8
424,Company_424,2015,6418.8,10.3,5432.4,
424,Company_424,2016,7212.0,11.8,13151.7,12.4
424,Company_424,2017,8169.5,10.0,8365.8,13.3
424,Company_424,2018,9365.8,7.1,7095.6,14.6
424,Company_424,2019,10890.5,5.5,8766.0,16.3
424,Company_424,2020,13117.8,9.3,10839.7,20.5
424,Company_424,2021,15144.7,9.9,16031.7,15.5
424,Company_424,2022,17045.1,10.1,33582.7,12.5
424,Company_424,2023,18070.7,11.0,23260.2,6.0
424,Company_424,2024,20623.8,9.7,35443.5,14.1
424,Company_424,2025,25165.4,7.3,34369.4,22.0
425,Company_425,2015,3754.9,12.0,6651.8,
425,Company_425,2016,3910.0,13.0,8036.0,4.1
425,Company_425,2017,3902.7,14.6,12570.6,-0.2
425,Company_425,2018,4629.4,14.5,8937.4,18.6
425,Company_425,2019,5381.1,14.0,13007.8,16.2
425,Company_425,2020,4644.6,14.2,13492.3,-13.7
425,Company_425,2021,4278.9,15.3,11202.3,-7.9
425,Company_425,2022,4656.5,14.8,8156.5,8.8
425,Company_425,2023,4636.5,13.7,9906.1,-0.4
425,Company_425,2024,5035.5,14.2,16900.4,8.6
425,Company_425,2025,4585.4,14.9,15935.7,-8.9
426,Company_426,2015,936.1,13.7,1827.6,
426,Company_426,2016,1120.4,10.5,2153.6,19.7
426,Company_426,2017,1141.1,14.4,1628.8,1.9
426,Company_426,2018,1073.3,16.3,1928.5,-5.9
426,Company_426,2019,1398.4,15.5,2991.8,30.3
426,Company_426,2020,1526.2,17.1,5192.6,9.1
426,Company_426,2021,1504.6,19.7,5902.7,-1.4
426,Company_426,2022,1861.4,19.6,4087.2,23.7
426,Company_426,2023,2085.1,24.7,7220.4,12.0
426,Company_426,2024,2370.1,27.6,7488.3,13.7
426,Company_426,2025,2326.8,24.9,10025.3,-1.8
427,Company_427,2015,582.8,13.7,957.6,
427,Company_427,2016,608.5,13.4,950.0,4.4
427,Company_427,2017,676.6,13.9,777.2,11.2
427,Company_427,2018,707.3,14.6,979.2,4.5
427,Company_427,2019,752.6,13.4,1354.4,6.4
427,Company_427,2020,802.7,14.3,2436.4,6.7
427,Company_427,2021,975.0,9.7,1146.8,21.5
427,Company_427,2022,1027.6,7.3,1469.7,5.4
427,Company_427,2023,1041.6,7.3,1641.3,1.4
427,Company_427,2024,1029.8,9.3,2057.9,-1.1
427,Company_427,2025,1094.7,10.7,1813.5,6.3
428,Company_428,2015,3594.7,9.5,3936.6,
428,Company_428,2016,3586.3,8.0,3615.0,-0.2
428,Company_428,2017,3973.3,6.3,2016.8,10.8
428,Company_428,2018,3994.1,2.0,1634.4,0.5
428,Company_428,2019,4213.4,-2.2,11348.3,5.5
428,Company_428,2020,4522.0,-3.8,7459.4,7.3
428,Company_428,2021,5094.4,-4.5,15227.8,12.7
428,Company_428,2022,5229.1,-3.4,6252.6,2.6
428,Company_428,2023,5931.4,-4.7,13125.6,13.4
428,Company_428,2024,6125.5,-9.0,25935.4,3.3
428,Company_428,2025,6717.6,-16.8,25218.4,9.7
429,Company_429,2015,904.1,17.7,2320.1,
429,Company_429,2016,849.6,15.6,2212.3,-6.0
429,Company_429,2017,840.1,13.3,2182.7,-1.1
429,Company_429,2018,799.7,11.4,1517.2,-4.8
429,Company_429,2019,846.3,10.2,912.8,5.8
429,Company_429,2020,847.6,6.6,454.2,0.2
429,Company_429,2021,806.2,7.9,855.2,-4.9
429,Company_429,2022,787.5,7.6,784.2,-2.3
429,Company_429,2023,748.0,7.3,578.1,-5.0
429,Company_429,2024,707.0,9.4,1048.8,-5.5
429,Company_429,2025,678.3,8.3,1075.3,-4.1
430,Company_430,2015,4353.9,11.5,5705.3,
430,Company_430,2016,4758.0,9.5,10564.3,9.3
430,Company_430,2017,5408.4,10.9,9540.1,13.7
430,Company_430,2018,6696.0,6.4,5773.3,23.8
430,Company_430,2019,8402.7,9.6,15022.2,25.5
430,Company_430,2020,9352.1,8.1,18718.1,11.3
430,Company_430,2021,10878.0,6.8,11548.2,16.3
430,Company_430,2022,13429.3,9.1,24846.5,23.5
430,Company_430,2023,15594.9,5.0,18129.7,16.1
430,Company_430,2024,17661.9,6.8,19682.9,13.3
430,Company_430,2025,21277.3,6.0,21502.3,20.5
431,Company_431,2015,324.5,7.1,455.9,
431,Company_431,2016,369.7,5.9,395.5,14.0
431,Company_431,2017,387.0,6.2,486.0,4.7
431,Company_431,2018,450.5,5.8,493.2,16.4
431,Company_431,2019,517.3,5.1,475.9,14.8
431,Company_431,2020,623.0,9.5,765.6,20.4
431,Company_431,2021,657.2,11.1,873.3,5.5
431,Company_431,2022,765.8,12.4,1597.4,16.5
431,Company_431,2023,847.8,13.8,1705.5,10.7
431,Company_431,2024,1051.6,13.4,1986.5,24.0
431,Company_431,2025,1189.8,14.3,4082.3,13.1
432,Company_432,2015,229.7,16.3,1157.8,
432,Company_432,2016,238.3,21.2,1116.3,3.8
432,Company_432,2017,255.2,16.4,1250.9,7.1
432,Company_432,2018,282.3,17.7,1059.7,10.6
432,Company_432,2019,310.9,17.5,1836.4,10.1
432,Company_432,2020,371.6,20.3,1174.4,19.5
432,Company_432,2021,465.2,20.5,1952.5,25.2
432,Company_432,2022,476.2,22.1,1623.0,2.4
432,Company_432,2023,555.8,24.0,4002.2,16.7
432,Company_432,2024,602.9,25.9,4917.6,8.5
432,Company_432,2025,681.0,26.5,3619.8,13.0
433,Company_433,2015,3142.7,8.0,3178.8,
433,Company_433,2016,3348.6,8.2,5890.0,6.6
433,Company_433,2017,3588.4,9.6,8414.9,7.2
433,Company_433,2018,3979.1,8.9,7037.1,10.9
433,Company_433,2019,4402.2,7.1,7368.7,10.6
433,Company_433,2020,5492.0,7.7,6095.5,24.8
433,Company_433,2021,6791.2,11.1,13151.7,23.7
433,Company_433,2022,7662.9,9.9,18447.1,12.8
433,Company_433,2023,9507.0,11.9,23648.7,24.1
433,Company_433,2024,10802.0,12.9,21710.8,13.6
433,Company_433,2025,12701.6,12.4,23639.6,17.6
434,Company_434,2015,334.8,2.6,164.0,
434,Company_434,2016,390.8,4.7,195.1,16.7
434,Company_434,2017,431.3,10.7,455.7,10.4
434,Company_434,2018,471.1,11.4,835.1,9.2
434,Company_434,2019,507.3,9.4,827.9,7.7
434,Company_434,2020,572.4,9.3,1039.5,12.8
434,Company_434,2021,648.9,5.2,298.1,13.4
434,Company_434,2022,745.1,8.1,1161.8,14.8
434,Company_434,2023,840.4,4.8,581.9,12.8
434,Company_434,2024,1040.2,4.5,692.9,23.8
434,Company_434,2025,1054.4,0.8,117.9,1.4
435,Company_435,2015,1100.1,10.6,1545.3,
435,Company_435,2016,1093.5,11.5,2371.7,-0.6
435,Company_435,2017,1221.8,13.2,2718.3,11.7
435,Company_435,2018,1383.5,13.5,3377.4,13.2
435,Company_435,2019,1567.5,13.3,3016.2,13.3
435,Company_435,2020,2008.8,12.7,2888.6,28.2
435,Company_435,2021,1894.6,12.4,5198.9,-5.7
435,Company_435,2022,2208.7,15.8,5581.7,16.6
435,Company_435,2023,2610.1,16.2,6018.3,18.2
435,Company_435,2024,2807.4,15.7,5398.5,7.6
435,Company_435,2025,3007.8,15.7,11382.1,7.1
436,Company_436,2015,1853.6,16.5,2843.3,
436,Company_436,2016,1743.7,16.9,4582.3,-5.9
436,Company_436,2017,1863.1,17.1,3047.6,6.8
436,Company_436,2018,1936.9,18.6,5399.2,4.0
436,Company_436,2019,2224.4,18.0,3363.3,14.8
436,Company_436,2020,2064.8,17.4,3663.7,-7.2
436,Company_436,2021,2216.4,21.2,4203.6,7.3
436,Company_436,2022,2375.5,21.7,4424.1,7.2
436,Company_436,2023,2392.8,23.3,6405.9,0.7
436,Company_436,2024,2509.0,21.5,4622.3,4.9
436,Company_436,2025,2579.4,18.8,5888.9,2.8
437,Company_437,2015,670.6,30.3,6332.1,
437,Company_437,2016,721.8,25.9,3888.3,7.6
437,Company_437,2017,809.3,23.1,2968.5,12.1
437,Company_437,2018,823.3,20.4,2970.1,1.7
437,Company_437,2019,843.1,22.8,3035.8,2.4
437,Company_437,2020,885.7,21.0,5243.4,5.0
437,Company_437,2021,955.4,20.6,6634.8,7.9
437,Company_437,2022,1021.6,19.9,5887.5,6.9
437,Company_437,2023,1094.4,18.1,3197.1,7.1
437,Company_437,2024,1148.3,16.7,5190.4,4.9
437,Company_437,2025,1331.4,20.9,5361.1,15.9
438,Company_438,2015,572.0,15.8,1607.6,
438,Company_438,2016,679.3,15.7,2115.3,18.7
438,Company_438,2017,796.2,18.1,1870.7,17.2
438,Company_438,2018,940.6,17.6,1352.0,18.1
438,Company_438,2019,1080.8,20.0,2413.0,14.9
438,Company_438,2020,1155.7,17.3,2195.5,6.9
438,Company_438,2021,1461.7,15.5,2405.0,26.5
438,Company_438,2022,1520.7,14.2,3545.2,4.0
438,Company_438,2023,1925.6,18.4,5310.1,26.6
438,Company_438,2024,1946.7,20.3,6434.5,1.1
438,Company_438,2025,2089.6,18.8,7133.6,7.3
439,Company_439,2015,526.3,10.2,523.7,
439,Company_439,2016,573.3,8.5,526.1,8.9
439,Company_439,2017,670.0,9.2,861.3,16.9
439,Company_439,2018,736.4,9.0,896.7,9.9
439,Company_439,2019,767.5,9.0,916.9,4.2
439,Company_439,2020,838.6,9.8,874.1,9.3
439,Company_439,2021,844.7,9.1,908.9,0.7
439,Company_439,2022,853.2,9.0,623.9,1.0
439,Company_439,2023,957.0,7.6,606.3,12.2
439,Company_439,2024,1066.0,7.5,892.4,11.4
439,Company_439,2025,1183.7,11.8,1133.2,11.0
440,Company_440,2015,739.5,1.6,165.9,
440,Company_440,2016,706.2,1.0,76.0,-4.5
440,Company_440,2017,759.7,-1.3,2090.6,7.6
440,Company_440,2018,760.3,-2.2,2701.3,0.1
440,Company_440,2019,724.5,0.7,103.9,-4.7
440,Company_440,2020,697.1,1.6,249.7,-3.8
440,Company_440,2021,693.7,2.3,254.6,-0.5
440,Company_440,2022,683.9,4.6,514.7,-1.4
440,Company_440,2023,659.5,5.0,705.0,-3.6
440,Company_440,2024,702.2,3.4,375.0,6.5
440,Company_440,2025,692.9,3.9,338.0,-1.3
441,Company_441,2015,1375.4,15.6,3431.7,
441,Company_441,2016,1178.0,17.3,2791.5,-14.3
441,Company_441,2017,1132.5,18.2,3301.8,-3.9
441,Company_441,2018,1028.6,17.4,3556.3,-9.2
441,Company_441,2019,1087.9,16.7,2557.7,5.8
441,Company_441,2020,1113.5,15.7,2634.0,2.4
441,Company_441,2021,1069.6,12.9,1405.7,-3.9
441,Company_441,2022,997.9,13.2,1712.4,-6.7
441,Company_441,2023,1012.2,14.1,2548.7,1.4
441,Company_441,2024,927.0,13.2,1414.8,-8.4
441,Company_441,2025,929.9,10.5,1120.2,0.3
442,Company_442,2015,1330.0,6.2,1963.7,
442,Company_442,2016,1145.8,5.6,1587.1,-13.8
442,Company_442,2017,1324.9,6.8,1760.9,15.6
442,Company_442,2018,1530.4,6.8,1887.2,15.5
442,Company_442,2019,1634.3,7.5,2842.6,6.8
442,Company_442,2020,1887.6,9.0,1880.5,15.5
442,Company_442,2021,1861.7,8.3,3424.1,-1.4
442,Company_442,2022,2069.2,8.6,3760.8,11.1
442,Company_442,2023,2207.7,9.0,2311.9,6.7
442,Company_442,2024,2295.9,7.9,3676.8,4.0
442,Company_442,2025,2360.5,5.8,1779.4,2.8
443,Company_443,2015,1519.1,20.1,6520.1,
443,Company_443,2016,1629.7,19.5,6532.8,7.3
443,Company_443,2017,1563.6,19.8,4451.8,-4.1
443,Company_443,2018,1488.2,20.2,3163.9,-4.8
443,Company_443,2019,1393.8,20.2,5337.0,-6.3
443,Company_443,2020,1236.8,20.7,3047.8,-11.3
443,Company_443,2021,1283.2,18.9,2730.5,3.7
443,Company_443,2022,1165.8,20.1,4843.9,-9.2
443,Company_443,2023,1139.9,24.5,6361.6,-2.2
443,Company_443,2024,1074.5,24.6,2991.3,-5.7
443,Company_443,2025,969.5,23.8,5701.5,-9.8
444,Company_444,2015,3591.0,13.1,7131.8,
444,Company_444,2016,3957.8,11.5,5636.1,10.2
444,Company_444,2017,4543.5,12.4,10413.9,14.8
444,Company_444,2018,4668.7,13.1,4982.8,2.8
444,Company_444,2019,4793.7,6.9,5281.1,2.7
444,Company_444,2020,5542.7,5.5,5191.8,15.6
444,Company_444,2021,6450.9,8.1,9949.5,16.4
444,Company_444,2022,6899.5,8.4,9649.0,7.0
444,Company_444,2023,6895.5,6.6,5423.9,-0.1
444,Company_444,2024,7245.7,7.8,6269.5,5.1
444,Company_444,2025,7387.7,8.0,11030.2,2.0
445,Company_445,2015,8975.4,23.4,38534.3,
445,Company_445,2016,9322.8,19.7,24161.0,3.9
445,Company_445,2017,9416.9,19.2,21466.3,1.0
445,Company_445,2018,10241.8,20.1,32656.1,8.8
445,Company_445,2019,11295.2,19.6,40458.5,10.3
445,Company_445,2020,11614.4,19.6,39713.3,2.8
445,Company_445,2021,13232.4,23.8,33586.7,13.9
445,Company_445,2022,12729.7,25.0,58819.4,-3.8
445,Company_445,2023,12041.4,23.1,34146.6,-5.4
445,Company_445,2024,10933.6,26.3,40777.9,-9.2
445,Company_445,2025,10265.6,26.1,26823.3,-6.1
446,Company_446,2015,1580.7,12.4,3085.2,
446,Company_446,2016,1758.3,14.4,4820.8,11.2
446,Company_446,2017,1704.2,14.9,3340.7,-3.1
446,Company_446,2018,2034.7,15.2,5192.9,19.4
446,Company_446,2019,2032.8,15.9,3511.4,-0.1
446,Company_446,2020,2250.1,16.7,5079.8,10.7
446,Company_446,2021,2471.2,19.2,4991.2,9.8
446,Company_446,2022,2706.4,20.3,9561.3,9.5
446,Company_446,2023,2915.9,20.5,6090.5,7.7
446,Company_446,2024,2996.4,22.2,9202.3,2.8
446,Company_446,2025,3027.3,18.1,10443.7,1.0
447,Company_447,2015,1533.1,10.4,1890.1,
447,Company_447,2016,1436.8,12.3,2463.4,-6.3
447,Company_447,2017,1440.6,10.2,1703.7,0.3
447,Company_447,2018,1405.4,9.8,1360.9,-2.4
447,Company_447,2019,1398.2,10.6,1960.3,-0.5
447,Company_447,2020,1397.2,10.8,1206.8,-0.1
447,Company_447,2021,1386.3,7.8,1200.4,-0.8
447,Company_447,2022,1510.2,7.8,1534.1,8.9
447,Company_447,2023,1556.6,8.1,1076.1,3.1
447,Company_447,2024,1642.4,8.5,1960.8,5.5
447,Company_447,2025,1692.8,10.1,1598.0,3.1
448,Company_448,2015,4706.8,14.1,11298.2,
448,Company_448,2016,4928.6,14.4,11466.3,4.7
448,Company_448,2017,5427.9,14.2,14910.5,10.1
448,Company_448,2018,5871.6,15.1,10948.0,8.2
448,Company_448,2019,6171.1,11.8,13266.7,5.1
448,Company_448,2020,6752.4,11.5,10032.3,9.4
448,Company_448,2021,8299.8,12.8,10333.5,22.9
448,Company_448,2022,10120.4,14.5,17006.5,21.9
448,Company_448,2023,10974.9,13.1,25870.2,8.4
448,Company_448,2024,11835.9,7.6,10353.6,7.8
448,Company_448,2025,13779.0,5.7,14040.1,16.4
449,Company_449,2015,1076.7,12.5,1129.6,
449,Company_449,2016,1150.4,9.2,1415.0,6.8
449,Company_449,2017,1077.6,6.6,1137.1,-6.3
449,Company_449,2018,1212.1,4.5,906.6,12.5
449,Company_449,2019,1387.4,4.2,824.4,14.5
449,Company_449,2020,1509.0,6.6,1644.2,8.8
449,Company_449,2021,1740.5,4.5,1147.5,15.3
449,Company_449,2022,1846.4,5.6,1753.8,6.1
449,Company_449,2023,1952.8,5.6,1180.8,5.8
449,Company_449,2024,2089.5,3.6,1634.1,7.0
449,Company_449,2025,2346.0,2.2,457.6,12.3
450,Company_450,2015,2623.8,8.8,2301.6,
450,Company_450,2016,2662.2,7.3,1983.8,1.5
450,Company_450,2017,2564.1,6.9,2380.0,-3.7
450,Company_450,2018,2706.0,6.9,1750.1,5.5
450,Company_450,2019,3338.5,4.1,1665.5,23.4
450,Company_450,2020,4002.0,4.2,2174.7,19.9
450,Company_450,2021,4204.9,2.4,1125.9,5.1
450,Company_450,2022,3594.7,5.7,2084.4,-14.5
450,Company_450,2023,3604.1,5.1,1580.5,0.3
450,Company_450,2024,3485.5,3.8,1735.0,-3.3
450,Company_450,2025,3580.7,5.5,2906.8,2.7
451,Company_451,2015,5983.9,12.6,13027.6,
451,Company_451,2016,5881.1,10.0,11380.3,-1.7
451,Company_451,2017,6345.1,9.2,8860.9,7.9
451,Company_451,2018,6391.6,9.5,6265.7,0.7
451,Company_451,2019,5987.2,10.3,13984.4,-6.3
451,Company_451,2020,6389.5,10.0,8328.9,6.7
451,Company_451,2021,6298.5,9.3,12305.7,-1.4
451,Company_451,2022,6081.4,13.3,10706.6,-3.4
451,Company_451,2023,6460.9,11.1,12348.0,6.2
451,Company_451,2024,6838.6,12.2,9236.5,5.8
451,Company_451,2025,7488.5,16.9,16334.0,9.5
452,Company_452,2015,1859.1,10.2,2059.0,
452,Company_452,2016,2212.6,11.3,3264.9,19.0
452,Company_452,2017,2307.7,13.1,3995.2,4.3
452,Company_452,2018,2162.7,14.5,5807.1,-6.3
452,Company_452,2019,2316.5,12.9,5955.1,7.1
452,Company_452,2020,2392.1,12.5,7292.2,3.3
452,Company_452,2021,2431.7,13.0,6898.1,1.7
452,Company_452,2022,2550.3,13.1,6548.1,4.9
452,Company_452,2023,2667.7,14.3,4548.5,4.6
452,Company_452,2024,2961.6,15.2,8924.0,11.0
452,Company_452,2025,3486.7,17.4,11638.8,17.7
453,Company_453,2015,2392.7,-0.3,5412.8,
453,Company_453,2016,2498.8,-5.8,7577.8,4.4
453,Company_453,2017,2695.7,-8.0,3782.7,7.9
453,Company_453,2018,3113.6,-1.3,5870.2,15.5
453,Company_453,2019,3122.3,5.0,2952.9,0.3
453,Company_453,2020,3195.4,6.3,2789.6,2.3
453,Company_453,2021,3326.5,-1.8,6437.4,4.1
453,Company_453,2022,3128.1,6.1,3428.4,-6.0
453,Company_453,2023,3324.6,0.4,180.5,6.3
453,Company_453,2024,4160.0,-4.7,3394.6,25.1
453,Company_453,2025,3910.0,-6.6,3410.5,-6.0
454,Company_454,2015,3254.0,8.7,5486.0,
454,Company_454,2016,3281.4,9.2,4222.9,0.8
454,Company_454,2017,2829.0,9.7,2572.7,-13.8
454,Company_454,2018,3270.3,9.1,5576.4,15.6
454,Company_454,2019,2909.4,7.7,3132.0,-11.0
454,Company_454,2020,2510.4,9.3,4594.7,-13.7
454,Company_454,2021,2582.0,11.4,4700.1,2.9
454,Company_454,2022,2838.6,10.6,4423.4,9.9
454,Company_454,2023,2580.0,9.6,4806.1,-9.1
454,Company_454,2024,2808.4,6.7,3097.2,8.9
454,Company_454,2025,2136.6,7.3,2078.6,-23.9
455,Company_455,2015,704.0,8.5,1037.1,
455,Company_455,2016,819.3,6.9,1365.8,16.4
455,Company_455,2017,1023.0,3.8,589.9,24.9
455,Company_455,2018,1250.6,0.4,85.1,22.2
455,Company_455,2019,1460.8,2.2,780.2,16.8
455,Company_455,2020,1645.7,0.1,33.3,12.7
455,Company_455,2021,1836.4,5.0,1827.4,11.6
455,Company_455,2022,2200.6,7.3,3864.4,19.8
455,Company_455,2023,2381.3,8.7,3809.0,8.2
455,Company_455,2024,2593.5,8.9,4629.0,8.9
455,Company_455,2025,3243.5,13.8,10750.5,25.1
456,Company_456,2015,399.3,3.0,142.8,
456,Company_456,2016,404.3,3.0,177.9,1.3
456,Company_456,2017,393.3,4.5,233.2,-2.7
456,Company_456,2018,429.5,4.4,163.6,9.2
456,Company_456,2019,427.9,6.9,358.4,-0.4
456,Company_456,2020,468.1,9.2,407.2,9.4
456,Company_456,2021,449.9,10.5,515.8,-3.9
456,Company_456,2022,401.3,12.4,607.7,-10.8
456,Company_456,2023,408.8,12.1,636.6,1.9
456,Company_456,2024,378.3,11.2,401.0,-7.5
456,Company_456,2025,353.9,9.6,311.3,-6.4
457,Company_457,2015,838.1,1.5,203.6,
457,Company_457,2016,1034.5,1.3,207.5,23.4
457,Company_457,2017,1195.6,3.0,319.1,15.6
457,Company_457,2018,1333.7,9.7,2047.3,11.6
457,Company_457,2019,1443.7,12.2,2339.7,8.2
457,Company_457,2020,1683.1,20.1,4076.4,16.6
457,Company_457,2021,1991.4,22.5,4608.2,18.3
457,Company_457,2022,2257.5,23.0,8140.3,13.4
457,Company_457,2023,2502.8,26.3,9089.0,10.9
457,Company_457,2024,3224.2,21.2,11305.4,28.8
457,Company_457,2025,3671.9,27.2,11815.0,13.9
458,Company_458,2015,2249.9,7.1,3068.6,
458,Company_458,2016,2165.0,6.0,2094.4,-3.8
458,Company_458,2017,2243.2,6.8,2126.7,3.6
458,Company_458,2018,2632.4,3.8,1489.5,17.4
458,Company_458,2019,3395.2,1.2,380.6,29.0
458,Company_458,2020,3872.6,1.3,431.9,14.1
458,Company_458,2021,3867.2,6.3,4739.0,-0.1
458,Company_458,2022,4680.7,4.7,2538.8,21.0
458,Company_458,2023,5343.6,8.5,5743.1,14.2
458,Company_458,2024,5186.0,10.3,9110.9,-2.9
458,Company_458,2025,6688.3,9.8,10626.7,29.0
459,Company_459,2015,686.2,0.3,29.3,
459,Company_459,2016,794.1,-3.0,3707.9,15.7
459,Company_459,2017,797.6,-6.7,3173.6,0.4
459,Company_459,2018,810.7,-8.1,1402.7,1.6
459,Company_459,2019,829.5,-9.8,2104.4,2.3
459,Company_459,2020,934.8,-8.7,3862.6,12.7
459,Company_459,2021,933.3,-6.6,3900.6,-0.2
459,Company_459,2022,1096.1,-1.4,2803.9,17.4
459,Company_459,2023,1181.5,-5.3,1296.5,7.8
459,Company_459,2024,1140.8,0.3,53.6,-3.4
459,Company_459,2025,1232.1,0.5,70.1,8.0
460,Company_460,2015,1865.7,15.3,9407.7,
460,Company_460,2016,2165.8,18.1,6626.3,16.1
460,Company_460,2017,2626.8,14.6,12106.5,21.3
460,Company_460,2018,3167.0,15.6,16304.9,20.6
460,Company_460,2019,2959.4,15.4,7797.3,-6.6
460,Company_460,2020,3400.8,18.8,11220.3,14.9
460,Company_460,2021,4058.5,20.4,17538.3,19.3
460,Company_460,2022,4747.9,17.7,26411.3,17.0
460,Company_460,2023,4816.3,22.9,38142.7,1.4
460,Company_460,2024,5393.0,21.3,26687.3,12.0
460,Company_460,2025,5487.6,22.4,42782.9,1.8
461,Company_461,2015,1167.2,20.1,7035.1,
461,Company_461,2016,1221.2,23.0,4901.9,4.6
461,Company_461,2017,1171.1,24.1,9224.2,-4.1
461,Company_461,2018,1243.3,23.3,9658.4,6.2
461,Company_461,2019,1348.7,28.6,12145.1,8.5
461,Company_461,2020,1391.5,29.7,7569.2,3.2
461,Company_461,2021,1382.9,28.1,13400.1,-0.6
461,Company_461,2022,1520.8,25.7,11035.9,10.0
461,Company_461,2023,1556.3,22.8,7419.1,2.3
461,Company_461,2024,1455.4,20.4,9070.8,-6.5
461,Company_461,2025,1658.9,20.7,6436.8,14.0
462,Company_462,2015,11982.8,13.3,28241.6,
462,Company_462,2016,13168.5,14.2,47096.4,9.9
462,Company_462,2017,14610.9,14.1,49582.1,11.0
462,Company_462,2018,17881.9,15.3,87011.4,22.4
462,Company_462,2019,20700.1,17.5,67315.0,15.8
462,Company_462,2020,25151.6,17.6,122138.2,21.5
462,Company_462,2021,29156.3,18.2,131475.6,15.9
462,Company_462,2022,34828.0,20.3,240561.1,19.5
462,Company_462,2023,41123.2,14.2,187936.6,18.1
462,Company_462,2024,47479.4,12.7,191563.8,15.5
462,Company_462,2025,51770.7,10.8,121142.0,9.0
463,Company_463,2015,65155.0,13.0,153578.4,
463,Company_463,2016,68669.5,16.7,394555.6,5.4
463,Company_463,2017,83114.5,14.7,409731.9,21.0
463,Company_463,2018,90837.3,11.9,173300.2,9.3
463,Company_463,2019,96549.6,15.9,381557.9,6.3
463,Company_463,2020,99728.8,16.7,545600.5,3.3
463,Company_463,2021,108061.0,20.2,628139.8,8.4
463,Company_463,2022,122750.0,21.0,743858.3,13.6
463,Company_463,2023,120210.2,21.6,485151.6,-2.1
463,Company_463,2024,123910.1,20.0,865271.7,3.1
463,Company_463,2025,144823.6,17.6,635311.9,16.9
464,Company_464,2015,11208.8,30.6,64648.8,
464,Company_464,2016,12507.1,25.2,41675.2,11.6
464,Company_464,2017,14151.6,28.9,50109.4,13.1
464,Company_464,2018,15909.4,34.4,75199.3,12.4
464,Company_464,2019,17665.6,27.4,79614.8,11.0
464,Company_464,2020,20253.3,19.6,75066.6,14.6
464,Company_464,2021,23778.5,12.0,27235.5,17.4
464,Company_464,2022,28506.9,10.7,53031.6,19.9
464,Company_464,2023,28427.9,11.1,53824.5,-0.3
464,Company_464,2024,32047.7,9.8,45352.7,12.7
464,Company_464,2025,37009.3,7.0,27245.1,15.5
465,Company_465,2015,1424.1,3.3,1001.0,
465,Company_465,2016,1287.8,3.1,742.5,-9.6
465,Company_465,2017,1264.8,-0.2,2745.1,-1.8
465,Company_465,2018,1272.4,-0.1,2997.5,0.6
465,Company_465,2019,1269.5,2.5,502.5,-0.2
465,Company_465,2020,1158.9,1.7,305.1,-8.7
465,Company_465,2021,1217.5,3.6,621.7,5.1
465,Company_465,2022,1249.2,4.4,901.0,2.6
465,Company_465,2023,1218.3,3.6,714.2,-2.5
465,Company_465,2024,1308.4,3.9,1199.7,7.4
465,Company_465,2025,1217.1,4.0,813.6,-7.0
466,Company_466,2015,1551.5,6.5,1050.7,
466,Company_466,2016,1543.8,7.1,2170.4,-0.5
466,Company_466,2017,1751.8,4.1,1138.7,13.5
466,Company_466,2018,1629.2,3.6,874.1,-7.0
466,Company_466,2019,1698.0,5.7,1220.6,4.2
466,Company_466,2020,1711.6,6.0,2256.6,0.8
466,Company_466,2021,1760.6,5.0,1156.8,2.9
466,Company_466,2022,1788.2,1.0,185.5,1.6
466,Company_466,2023,1934.4,-0.5,4197.0,8.2
466,Company_466,2024,2129.5,0.4,177.6,10.1
466,Company_466,2025,2475.3,1.1,398.9,16.2
467,Company_467,2015,539.0,8.1,629.9,
467,Company_467,2016,620.2,11.6,1050.9,15.1
467,Company_467,2017,743.4,10.0,831.7,19.9
467,Company_467,2018,735.6,10.8,831.6,-1.0
467,Company_467,2019,700.0,8.2,757.8,-4.8
467,Company_467,2020,802.5,6.1,430.3,14.7
467,Company_467,2021,931.1,10.4,1453.9,16.0
467,Company_467,2022,993.9,10.0,1465.9,6.7
467,Company_467,2023,1142.4,10.8,1594.7,14.9
467,Company_467,2024,1282.1,8.5,2177.5,12.2
467,Company_467,2025,1357.5,7.8,1993.0,5.9
468,Company_468,2015,982.7,7.4,612.8,
468,Company_468,2016,1052.1,8.0,1106.8,7.1
468,Company_468,2017,1003.6,9.6,1241.1,-4.6
468,Company_468,2018,989.3,6.7,729.5,-1.4
468,Company_468,2019,971.9,6.0,655.6,-1.8
468,Company_468,2020,950.0,4.6,432.2,-2.2
468,Company_468,2021,804.4,3.6,409.0,-15.3
468,Company_468,2022,837.9,0.5,48.6,4.2
468,Company_468,2023,875.3,-1.0,611.5,4.5
468,Company_468,2024,1028.3,-0.6,1097.2,17.5
468,Company_468,2025,1076.9,1.7,221.5,4.7
469,Company_469,2015,1265.0,4.1,531.4,
469,Company_469,2016,1322.8,3.6,532.4,4.6
469,Company_469,2017,1332.8,3.2,457.5,0.8
469,Company_469,2018,1399.4,0.7,189.2,5.0
469,Company_469,2019,1549.6,2.2,352.3,10.7
469,Company_469,2020,1565.7,0.7,112.9,1.0
469,Company_469,2021,1599.2,3.2,967.3,2.1
469,Company_469,2022,1828.9,1.5,526.4,14.4
469,Company_469,2023,1890.9,0.4,93.3,3.4
469,Company_469,2024,2068.9,-1.4,7636.2,9.4
469,Company_469,2025,1981.9,2.1,553.6,-4.2
470,Company_470,2015,2560.2,24.6,10175.5,
470,Company_470,2016,3099.8,28.5,21370.9,21.1
470,Company_470,2017,4080.4,27.7,21727.2,31.6
470,Company_470,2018,4808.1,26.7,33939.7,17.8
470,Company_470,2019,5617.7,26.9,32786.8,16.8
470,Company_470,2020,6472.4,22.4,35544.5,15.2
470,Company_470,2021,7987.7,20.9,45065.6,23.4
470,Company_470,2022,9560.1,22.0,67940.5,19.7
470,Company_470,2023,10414.1,25.7,60695.7,8.9
470,Company_470,2024,11907.1,24.4,56117.7,14.3
470,Company_470,2025,13820.7,25.2,89811.5,16.1
471,Company_471,2015,1158.5,13.8,1376.3,
471,Company_471,2016,1239.4,13.7,1576.8,7.0
471,Company_471,2017,1299.3,12.7,2240.7,4.8
471,Company_471,2018,1283.3,14.5,1540.2,-1.2
471,Company_471,2019,1312.6,16.4,2511.7,2.3
471,Company_471,2020,1458.5,18.2,2166.7,11.1
471,Company_471,2021,1711.3,17.2,3676.3,17.3
471,Company_471,2022,2021.7,18.2,3569.7,18.1
471,Company_471,2023,2375.4,16.9,5457.6,17.5
471,Company_471,2024,2350.1,21.0,5246.8,-1.1
471,Company_471,2025,2247.5,17.1,5054.1,-4.4
472,Company_472,2015,2663.9,17.1,6440.1,
472,Company_472,2016,2639.5,15.0,8974.6,-0.9
472,Company_472,2017,3072.8,16.4,9740.6,16.4
472,Company_472,2018,3418.6,17.5,11564.9,11.3
472,Company_472,2019,3354.5,14.8,8043.6,-1.9
472,Company_472,2020,3544.1,18.1,9746.7,5.7
472,Company_472,2021,3677.1,20.5,13851.6,3.8
472,Company_472,2022,3790.9,20.9,18402.2,3.1
472,Company_472,2023,4092.1,18.4,18000.0,7.9
472,Company_472,2024,4331.3,16.9,13637.0,5.8
472,Company_472,2025,4953.8,14.2,9569.8,14.4
473,Company_473,2015,665.2,6.2,693.0,
473,Company_473,2016,654.2,6.7,658.7,-1.7
473,Company_473,2017,736.0,8.5,898.9,12.5
473,Company_473,2018,636.0,5.4,359.7,-13.6
473,Company_473,2019,616.1,7.6,834.3,-3.1
473,Company_473,2020,619.1,7.1,830.9,0.5
473,Company_473,2021,610.3,6.5,563.4,-1.4
473,Company_473,2022,670.5,4.2,552.2,9.9
473,Company_473,2023,707.4,6.4,1049.0,5.5
473,Company_473,2024,816.7,6.8,830.7,15.4
473,Company_473,2025,810.8,4.9,773.6,-0.7
474,Company_474,2015,1709.9,7.8,1879.8,
474,Company_474,2016,1775.3,7.0,1411.9,3.8
474,Company_474,2017,1952.6,4.6,2059.9,10.0
474,Company_474,2018,2055.5,5.3,1288.8,5.3
474,Company_474,2019,2250.2,5.3,2745.9,9.5
474,Company_474,2020,2581.3,6.9,2400.7,14.7
474,Company_474,2021,2711.1,7.8,4209.8,5.0
474,Company_474,2022,2779.4,9.1,4091.4,2.5
474,Company_474,2023,2853.5,8.2,3532.3,2.7
474,Company_474,2024,2901.7,7.1,3717.1,1.7
474,Company_474,2025,3310.2,7.4,3092.2,14.1
475,Company_475,2015,15990.5,28.2,70900.9,
475,Company_475,2016,17113.2,27.2,88642.0,7.0
475,Company_475,2017,15932.6,28.0,145292.2,-6.9
475,Company_475,2018,15964.9,27.8,98692.6,0.2
475,Company_475,2019,14985.6,24.5,109139.2,-6.1
475,Company_475,2020,15667.9,25.5,94544.7,4.6
475,Company_475,2021,14562.1,24.9,119736.5,-7.1
475,Company_475,2022,13669.0,26.8,98835.2,-6.1
475,Company_475,2023,14077.8,21.5,86747.2,3.0
475,Company_475,2024,14436.5,20.6,48495.3,2.5
475,Company_475,2025,15423.2,20.0,104668.6,6.8
476,Company_476,2015,1962.4,4.7,2281.9,
476,Company_476,2016,1967.8,7.4,3432.5,0.3
476,Company_476,2017,2031.0,8.1,3557.4,3.2
476,Company_476,2018,2053.4,10.4,5235.7,1.1
476,Company_476,2019,2176.5,11.6,6014.6,6.0
476,Company_476,2020,2257.0,10.1,3702.6,3.7
476,Company_476,2021,2204.1,12.1,5418.6,-2.3
476,Company_476,2022,2324.1,11.4,6434.0,5.4
476,Company_476,2023,2010.4,11.5,5011.6,-13.5
476,Company_476,2024,2118.9,8.8,2907.6,5.4
476,Company_476,2025,1745.6,9.7,1841.3,-17.6
477,Company_477,2015,913.2,6.7,1283.5,
477,Company_477,2016,1002.7,8.9,947.2,9.8
477,Company_477,2017,1032.5,9.1,1784.4,3.0
477,Company_477,2018,1046.5,6.5,874.7,1.4
477,Company_477,2019,1064.4,5.6,1084.8,1.7
477,Company_477,2020,1089.4,1.8,271.9,2.3
477,Company_477,2021,1189.5,4.3,1126.4,9.2
477,Company_477,2022,1413.0,4.9,1061.6,18.8
477,Company_477,2023,1623.8,5.1,752.4,14.9
477,Company_477,2024,1753.7,4.8,685.2,8.0
477,Company_477,2025,1697.0,4.1,1461.8,-3.2
478,Company_478,2015,10944.1,12.7,20845.9,
478,Company_478,2016,10934.9,14.2,12558.2,-0.1
478,Company_478,2017,11134.7,13.4,19537.6,1.8
478,Company_478,2018,10837.1,11.7,24150.1,-2.7
478,Company_478,2019,10871.3,10.7,22787.5,0.3
478,Company_478,2020,11330.8,11.6,16094.0,4.2
478,Company_478,2021,10703.0,9.7,20031.1,-5.5
478,Company_478,2022,10378.7,8.8,12644.8,-3.0
478,Company_478,2023,11534.2,9.8,12115.6,11.1
478,Company_478,2024,11424.6,10.6,13965.0,-0.9
478,Company_478,2025,11483.5,7.9,15330.3,0.5
479,Company_479,2015,763.8,8.2,1062.2,
479,Company_479,2016,831.1,9.5,1419.1,8.8
479,Company_479,2017,716.7,7.9,471.4,-13.8
479,Company_479,2018,749.9,7.4,664.4,4.6
479,Company_479,2019,793.6,11.2,1117.2,5.8
479,Company_479,2020,709.5,10.2,1173.8,-10.6
479,Company_479,2021,768.7,12.4,1333.8,8.4
479,Company_479,2022,826.8,8.9,1167.9,7.6
479,Company_479,2023,916.5,4.4,700.2,10.8
479,Company_479,2024,925.2,4.8,770.4,1.0
479,Company_479,2025,997.1,3.5,389.5,7.8
480,Company_480,2015,620.0,8.4,1241.8,
480,Company_480,2016,534.9,5.8,480.6,-13.7
480,Company_480,2017,520.3,4.6,513.6,-2.7
480,Company_480,2018,524.8,4.2,443.6,0.9
480,Company_480,2019,569.5,4.0,421.2,8.5
480,Company_480,2020,660.4,3.2,295.9,16.0
480,Company_480,2021,588.1,4.2,441.3,-11.0
480,Company_480,2022,652.5,5.0,471.8,11.0
480,Company_480,2023,625.0,3.7,527.5,-4.2
480,Company_480,2024,649.7,2.9,257.1,4.0
480,Company_480,2025,574.3,4.1,517.1,-11.6
481,Company_481,2015,477.1,-3.1,1885.8,
481,Company_481,2016,501.8,0.1,10.0,5.2
481,Company_481,2017,608.8,1.7,178.9,21.3
481,Company_481,2018,609.1,2.8,326.7,0.1
481,Company_481,2019,616.0,3.8,460.9,1.1
481,Company_481,2020,614.5,5.7,547.7,-0.2
481,Company_481,2021,579.0,5.7,507.4,-5.8
481,Company_481,2022,646.6,6.1,390.2,11.7
481,Company_481,2023,638.2,5.6,383.9,-1.3
481,Company_481,2024,684.2,4.6,257.1,7.2
481,Company_481,2025,687.4,3.9,250.8,0.5
482,Company_482,2015,6995.6,5.7,7171.5,
482,Company_482,2016,6807.3,4.7,3090.0,-2.7
482,Company_482,2017,6333.9,5.0,5364.3,-7.0
482,Company_482,2018,6270.1,12.2,12810.2,-1.0
482,Company_482,2019,6088.9,-0.4,23599.0,-2.9
482,Company_482,2020,5852.8,7.1,8063.3,-3.9
482,Company_482,2021,5756.7,14.2,14529.9,-1.6
482,Company_482,2022,6403.0,7.2,8505.3,11.2
482,Company_482,2023,6231.6,14.5,8689.4,-2.7
482,Company_482,2024,6283.2,12.3,11949.4,0.8
482,Company_482,2025,6124.6,17.3,16641.6,-2.5
483,Company_483,2015,566.3,2.4,218.2,
483,Company_483,2016,615.8,-0.6,2957.8,8.7
483,Company_483,2017,608.5,1.7,118.1,-1.2
483,Company_483,2018,699.8,-2.2,2826.2,15.0
483,Company_483,2019,648.8,-3.7,2526.4,-7.3
483,Company_483,2020,694.9,-5.3,3368.6,7.1
483,Company_483,2021,881.5,-4.9,1752.9,26.9
483,Company_483,2022,1096.1,-6.9,5266.4,24.4
483,Company_483,2023,1074.0,-5.6,4115.8,-2.0
483,Company_483,2024,1275.5,-8.1,5826.9,18.8
483,Company_483,2025,1216.0,-7.4,4261.1,-4.7
484,Company_484,2015,1242.7,10.5,2504.0,
484,Company_484,2016,1347.7,8.6,2426.2,8.4
484,Company_484,2017,1446.0,8.9,1421.3,7.3
484,Company_484,2018,1380.2,6.2,1722.4,-4.6
484,Company_484,2019,1409.5,7.8,1373.2,2.1
484,Company_484,2020,1414.7,5.8,1062.9,0.4
484,Company_484,2021,1506.9,3.1,436.2,6.5
484,Company_484,2022,1642.9,4.6,1368.1,9.0
484,Company_484,2023,1902.0,4.4,1734.0,15.8
484,Company_484,2024,1935.3,9.7,3930.6,1.8
484,Company_484,2025,2067.9,12.6,3730.1,6.9
485,Company_485,2015,1348.5,15.2,3923.2,
485,Company_485,2016,1427.5,17.8,4010.5,5.9
485,Company_485,2017,1474.7,17.6,2575.9,3.3
485,Company_485,2018,1324.4,19.8,2540.6,-10.2
485,Company_485,2019,1278.0,21.1,2623.2,-3.5
485,Company_485,2020,1316.2,24.9,5726.1,3.0
485,Company_485,2021,1171.2,22.3,2968.3,-11.0
485,Company_485,2022,1107.8,22.0,2229.6,-5.4
485,Company_485,2023,1132.1,20.0,3326.6,2.2
485,Company_485,2024,1046.5,20.9,2029.1,-7.6
485,Company_485,2025,1034.0,25.6,2847.1,-1.2
486,Company_486,2015,1025.9,17.3,4358.0,
486,Company_486,2016,1149.6,21.6,5133.7,12.1
486,Company_486,2017,1162.8,21.1,5362.2,1.1
486,Company_486,2018,1290.2,24.5,7614.9,11.0
486,Company_486,2019,1391.1,23.2,6839.3,7.8
486,Company_486,2020,1577.0,21.3,7139.1,13.4
486,Company_486,2021,1811.9,22.8,7727.1,14.9
486,Company_486,2022,1789.8,23.1,4206.7,-1.2
486,Company_486,2023,1909.4,23.0,7813.0,6.7
486,Company_486,2024,2017.1,23.2,10396.4,5.6
486,Company_486,2025,1983.6,25.9,8796.8,-1.7
487,Company_487,2015,5833.1,20.4,40753.8,
487,Company_487,2016,8051.7,20.4,29562.0,38.0
487,Company_487,2017,9785.6,19.2,59989.4,21.5
487,Company_487,2018,10510.1,19.4,34330.7,7.4
487,Company_487,2019,13255.9,22.0,70587.6,26.1
487,Company_487,2020,17187.3,26.5,138772.4,29.7
487,Company_487,2021,19212.7,24.5,121394.2,11.8
487,Company_487,2022,23431.0,28.2,204098.5,22.0
487,Company_487,2023,26595.2,26.2,131235.5,13.5
487,Company_487,2024,33809.5,29.9,309020.1,27.1
487,Company_487,2025,35369.4,33.5,345403.5,4.6
488,Company_488,2015,2212.8,11.5,2249.8,
488,Company_488,2016,2380.7,14.3,4065.2,7.6
488,Company_488,2017,2125.8,15.5,4889.6,-10.7
488,Company_488,2018,2141.5,19.7,3980.1,0.7
488,Company_488,2019,2329.8,20.8,5643.8,8.8
488,Company_488,2020,2678.9,19.6,5281.2,15.0
488,Company_488,2021,2705.8,17.5,5563.3,1.0
488,Company_488,2022,2777.9,18.6,5243.5,2.7
488,Company_488,2023,2898.0,17.3,6264.9,4.3
488,Company_488,2024,3192.1,15.3,7130.5,10.2
488,Company_488,2025,3344.3,13.7,4074.3,4.8
489,Company_489,2015,2579.4,8.5,2384.8,
489,Company_489,2016,2497.4,9.6,2964.4,-3.2
489,Company_489,2017,2580.6,10.0,5754.0,3.3
489,Company_489,2018,2364.4,5.2,2972.8,-8.4
489,Company_489,2019,2080.5,6.7,2886.0,-12.0
489,Company_489,2020,1920.2,6.9,2172.5,-7.7
489,Company_489,2021,1838.7,7.4,2536.5,-4.2
489,Company_489,2022,1684.8,7.1,2842.9,-8.4
489,Company_489,2023,1710.1,8.4,2827.2,1.5
489,Company_489,2024,1639.3,9.9,1720.1,-4.1
489,Company_489,2025,1551.2,12.6,4125.2,-5.4
490,Company_490,2015,1371.1,8.6,1203.2,
490,Company_490,2016,1440.0,10.2,3297.4,5.0
490,Company_490,2017,1507.3,7.5,1203.7,4.7
490,Company_490,2018,1782.0,9.5,3713.2,18.2
490,Company_490,2019,1851.0,9.9,2992.0,3.9
490,Company_490,2020,2126.5,13.4,3874.9,14.9
490,Company_490,2021,2389.3,12.0,4296.0,12.4
490,Company_490,2022,2776.3,10.6,7022.4,16.2
490,Company_490,2023,3235.8,11.0,7974.4,16.5
490,Company_490,2024,3413.3,9.7,3547.7,5.5
490,Company_490,2025,3460.4,7.9,4293.1,1.4
491,Company_491,2015,632.5,13.3,736.6,
491,Company_491,2016,648.4,14.7,949.7,2.5
491,Company_491,2017,668.8,14.1,1792.1,3.1
491,Company_491,2018,711.5,11.8,1598.2,6.4
491,Company_491,2019,675.8,14.4,1532.7,-5.0
491,Company_491,2020,642.8,18.2,2318.8,-4.9
491,Company_491,2021,677.6,25.6,3349.3,5.4
491,Company_491,2022,647.6,24.2,2855.5,-4.4
491,Company_491,2023,569.6,23.5,1084.8,-12.0
491,Company_491,2024,553.0,24.1,1151.6,-2.9
491,Company_491,2025,617.0,22.1,1751.0,11.6
492,Company_492,2015,1756.4,8.2,2438.4,
492,Company_492,2016,1734.4,5.3,2030.5,-1.3
492,Company_492,2017,2033.6,6.7,2985.1,17.3
492,Company_492,2018,1890.7,3.4,1111.5,-7.0
492,Company_492,2019,1865.1,0.6,186.3,-1.4
492,Company_492,2020,1868.4,-3.0,6351.7,0.2
492,Company_492,2021,2080.1,-4.2,7147.8,11.3
492,Company_492,2022,2135.9,-3.7,5719.5,2.7
492,Company_492,2023,2133.2,-2.6,5261.3,-0.1
492,Company_492,2024,2106.5,-6.0,1394.2,-1.3
492,Company_492,2025,2385.0,-7.2,4091.1,13.2
493,Company_493,2015,1889.7,-7.4,1224.1,
493,Company_493,2016,1838.3,-11.4,7896.6,-2.7
493,Company_493,2017,1805.5,-15.2,5313.1,-1.8
493,Company_493,2018,1630.8,-13.3,7954.2,-9.7
493,Company_493,2019,1417.6,-20.0,1942.4,-13.1
493,Company_493,2020,1069.5,-20.0,3280.8,-24.6
493,Company_493,2021,1112.9,-20.0,4338.6,4.1
493,Company_493,2022,1235.8,-20.0,2557.3,11.0
493,Company_493,2023,1219.1,-20.0,5728.7,-1.3
493,Company_493,2024,1177.8,-20.0,4343.6,-3.4
493,Company_493,2025,1049.1,-20.0,4317.0,-10.9
494,Company_494,2015,788.7,11.3,1534.1,
494,Company_494,2016,781.6,10.8,1599.5,-0.9
494,Company_494,2017,949.4,11.4,1540.1,21.5
494,Company_494,2018,981.1,9.7,1258.2,3.3
494,Company_494,2019,842.9,11.0,1963.0,-14.1
494,Company_494,2020,991.7,8.4,1250.2,17.6
494,Company_494,2021,958.4,5.7,1204.6,-3.4
494,Company_494,2022,1097.5,5.7,773.8,14.5
494,Company_494,2023,1101.9,5.1,1017.6,0.4
494,Company_494,2024,1379.4,3.8,859.8,25.2
494,Company_494,2025,1428.2,1.8,274.7,3.5
495,Company_495,2015,629.7,12.3,1198.7,
495,Company_495,2016,728.1,8.5,1350.1,15.6
495,Company_495,2017,806.3,10.0,1956.4,10.7
495,Company_495,2018,876.2,13.1,1435.2,8.7
495,Company_495,2019,1021.6,10.4,1858.2,16.6
495,Company_495,2020,1037.6,13.2,2672.9,1.6
495,Company_495,2021,1134.8,14.1,2624.3,9.4
495,Company_495,2022,1135.8,12.8,2065.5,0.1
495,Company_495,2023,1198.2,11.2,2133.7,5.5
495,Company_495,2024,1283.2,10.9,1649.3,7.1
495,Company_495,2025,1358.9,12.5,3262.1,5.9
496,Company_496,2015,1540.1,8.1,1250.1,
496,Company_496,2016,1737.8,8.0,1646.9,12.8
496,Company_496,2017,1685.4,8.9,2618.8,-3.0
496,Company_496,2018,1840.1,8.0,1708.3,9.2
496,Company_496,2019,1822.7,5.8,2231.5,-0.9
496,Company_496,2020,2152.7,1.6,693.0,18.1
496,Company_496,2021,2374.3,3.8,1363.9,10.3
496,Company_496,2022,2436.1,5.1,1227.3,2.6
496,Company_496,2023,2712.2,1.4,720.2,11.3
496,Company_496,2024,2875.2,3.8,1291.1,6.0
496,Company_496,2025,2784.7,2.0,535.8,-3.2
497,Company_497,2015,788.4,6.5,437.5,
497,Company_497,2016,866.6,8.4,859.2,9.9
497,Company_497,2017,908.3,8.0,844.7,4.8
497,Company_497,2018,842.5,6.0,500.0,-7.3
497,Company_497,2019,945.4,6.5,669.0,12.2
497,Company_497,2020,1010.0,8.1,1134.3,6.8
497,Company_497,2021,1056.5,9.6,1410.8,4.6
497,Company_497,2022,1162.4,10.5,1596.4,10.0
497,Company_497,2023,1180.2,10.3,1108.9,1.5
497,Company_497,2024,1141.0,11.1,1295.1,-3.3
497,Company_497,2025,1248.2,13.0,2098.6,9.4
498,Company_498,2015,10394.1,16.1,29205.0,
498,Company_498,2016,12250.1,16.8,33542.1,17.9
498,Company_498,2017,13743.1,13.5,61316.1,12.2
498,Company_498,2018,15090.6,15.2,36801.0,9.8
498,Company_498,2019,15305.3,18.4,89324.0,1.4
498,Company_498,2020,16693.0,17.4,58898.6,9.1
498,Company_498,2021,20724.2,13.4,49870.2,24.1
498,Company_498,2022,22609.6,13.8,67722.0,9.1
498,Company_498,2023,27573.6,9.5,83533.7,22.0
498,Company_498,2024,32430.1,10.2,78406.0,17.6
498,Company_498,2025,36032.9,11.4,67997.0,11.1
499,Company_499,2015,439.4,-1.3,980.1,
499,Company_499,2016,434.3,1.7,102.9,-1.2
499,Company_499,2017,491.1,1.8,121.5,13.1
499,Company_499,2018,513.1,2.2,195.7,4.5
499,Company_499,2019,516.6,7.0,666.8,0.7
499,Company_499,2020,566.7,12.1,953.1,9.7
499,Company_499,2021,697.3,8.6,594.8,23.0
499,Company_499,2022,790.1,11.5,1315.3,13.3
499,Company_499,2023,956.1,11.0,2101.3,21.0
499,Company_499,2024,1212.0,10.9,1340.5,26.8
499,Company_499,2025,1267.1,9.4,1181.7,4.5
500,Company_500,2015,1306.2,10.3,1994.3,
500,Company_500,2016,1419.0,9.3,1802.3,8.6
500,Company_500,2017,1428.5,6.8,1306.5,0.7
500,Company_500,2018,1395.4,6.8,1416.5,-2.3
500,Company_500,2019,1595.1,5.5,1244.7,14.3
500,Company_500,2020,1820.3,5.5,1247.9,14.1
500,Company_500,2021,2100.2,7.9,2251.4,15.4
500,Company_500,2022,2286.3,8.8,2702.9,8.9
500,Company_500,2023,2301.1,5.9,1620.3,0.6
500,Company_500,2024,2333.7,6.7,1942.0,1.4
500,Company_500,2025,2495.0,8.0,2350.2,6.9
501,Company_501,2015,588.7,3.8,327.7,
501,Company_501,2016,505.1,4.2,496.0,-14.2
501,Company_501,2017,515.5,1.4,138.6,2.1
501,Company_501,2018,534.1,4.0,276.9,3.6
501,Company_501,2019,531.9,6.8,599.5,-0.4
501,Company_501,2020,628.3,5.5,516.5,18.1
501,Company_501,2021,632.7,4.2,414.4,0.7
501,Company_501,2022,656.5,3.9,478.2,3.8
501,Company_501,2023,746.0,3.7,334.1,13.6
501,Company_501,2024,793.5,4.8,781.1,6.4
501,Company_501,2025,789.9,4.0,425.3,-0.5
502,Company_502,2015,207.8,0.5,19.5,
502,Company_502,2016,225.2,5.6,271.5,8.4
502,Company_502,2017,257.1,0.6,34.4,14.1
502,Company_502,2018,303.5,2.1,54.6,18.1
502,Company_502,2019,309.7,3.1,134.0,2.0
502,Company_502,2020,326.8,2.5,151.3,5.5
502,Company_502,2021,340.6,3.3,155.9,4.2
502,Company_502,2022,311.1,5.8,383.7,-8.7
502,Company_502,2023,337.6,7.6,275.8,8.5
502,Company_502,2024,318.4,10.6,392.7,-5.7
502,Company_502,2025,398.0,10.8,505.2,25.0
503,Company_503,2015,2648.5,19.3,7077.4,
503,Company_503,2016,3164.0,19.6,7913.1,19.5
503,Company_503,2017,3190.8,19.3,5750.1,0.8
503,Company_503,2018,3295.3,18.1,11541.7,3.3
503,Company_503,2019,3604.2,18.2,12347.4,9.4
503,Company_503,2020,4273.3,15.7,5439.4,18.6
503,Company_503,2021,4680.7,17.0,13185.1,9.5
503,Company_503,2022,5124.1,17.4,11309.4,9.5
503,Company_503,2023,5856.2,16.8,19681.9,14.3
503,Company_503,2024,6773.1,16.1,14688.3,15.7
503,Company_503,2025,7727.0,13.7,15421.0,14.1
504,Company_504,2015,1688.7,0.4,140.7,
504,Company_504,2016,1853.1,-0.3,6201.6,9.7
504,Company_504,2017,2270.0,-0.2,5261.1,22.5
504,Company_504,2018,2320.7,-3.3,4025.2,2.2
504,Company_504,2019,2636.1,-3.4,13041.5,13.6
504,Company_504,2020,3052.9,-2.8,4918.0,15.8
504,Company_504,2021,3700.1,-3.5,17567.2,21.2
504,Company_504,2022,4423.4,-2.0,13587.8,19.5
504,Company_504,2023,4924.1,0.4,402.0,11.3
504,Company_504,2024,5287.6,0.7,545.5,7.4
504,Company_504,2025,6532.5,1.0,959.5,23.5
505,Company_505,2015,295.5,8.3,472.4,
505,Company_505,2016,278.4,11.6,291.7,-5.8
505,Company_505,2017,306.6,13.8,627.5,10.1
505,Company_505,2018,314.1,17.7,1062.0,2.5
505,Company_505,2019,295.7,17.3,957.7,-5.9
505,Company_505,2020,280.6,19.6,1075.4,-5.1
505,Company_505,2021,287.9,17.3,915.4,2.6
505,Company_505,2022,272.3,17.4,658.4,-5.4
505,Company_505,2023,268.2,21.1,721.7,-1.5
505,Company_505,2024,272.0,22.1,960.6,1.4
505,Company_505,2025,251.9,19.7,922.2,-7.4
506,Company_506,2015,3689.7,5.9,4447.8,
506,Company_506,2016,4620.3,5.6,3321.1,25.2
506,Company_506,2017,5307.6,8.5,4520.8,14.9
506,Company_506,2018,5231.9,10.8,6916.0,-1.4
506,Company_506,2019,6378.6,11.6,14560.0,21.9
506,Company_506,2020,7151.5,13.2,14637.2,12.1
506,Company_506,2021,8097.7,14.3,15207.5,13.2
506,Company_506,2022,9371.2,14.1,23105.8,15.7
506,Company_506,2023,9257.4,17.2,36461.3,-1.2
506,Company_506,2024,10163.8,20.0,29799.7,9.8
506,Company_506,2025,10284.8,19.9,34336.6,1.2
507,Company_507,2015,593.9,3.5,271.9,
507,Company_507,2016,554.1,6.4,571.7,-6.7
507,Company_507,2017,657.3,6.3,541.7,18.6
507,Company_507,2018,671.9,8.0,492.4,2.2
507,Company_507,2019,782.4,12.0,1782.6,16.5
507,Company_507,2020,742.5,12.6,951.1,-5.1
507,Company_507,2021,793.4,13.8,1198.7,6.9
507,Company_507,2022,829.2,19.1,2233.7,4.5
507,Company_507,2023,858.5,20.6,2618.2,3.5
507,Company_507,2024,908.7,20.0,2115.8,5.8
507,Company_507,2025,1012.3,12.8,2230.7,11.4
508,Company_508,2015,524.3,9.7,503.3,
508,Company_508,2016,468.1,9.2,596.5,-10.7
508,Company_508,2017,458.2,8.6,573.7,-2.1
508,Company_508,2018,395.7,9.5,363.4,-13.6
508,Company_508,2019,351.4,8.6,403.0,-11.2
508,Company_508,2020,319.2,11.3,532.4,-9.2
508,Company_508,2021,348.6,8.7,268.1,9.2
508,Company_508,2022,346.3,6.4,212.7,-0.7
508,Company_508,2023,339.6,6.6,265.3,-2.0
508,Company_508,2024,368.4,7.2,248.5,8.5
508,Company_508,2025,367.8,5.1,187.7,-0.2
509,Company_509,2015,8051.4,20.3,43801.3,
509,Company_509,2016,9704.3,19.0,57871.1,20.5
509,Company_509,2017,10273.0,18.0,41563.1,5.9
509,Company_509,2018,11740.3,16.6,59872.8,14.3
509,Company_509,2019,13425.5,16.5,46669.4,14.4
509,Company_509,2020,16406.1,16.2,84986.0,22.2
509,Company_509,2021,18256.2,17.1,84237.2,11.3
509,Company_509,2022,19477.3,14.3,60654.6,6.7
509,Company_509,2023,21150.0,8.1,49501.2,8.6
509,Company_509,2024,24444.1,9.0,63566.0,15.6
509,Company_509,2025,24246.4,9.8,42150.8,-0.8
510,Company_510,2015,1163.8,9.9,1417.3,
510,Company_510,2016,1037.5,10.5,1599.3,-10.8
510,Company_510,2017,1187.0,11.3,1972.8,14.4
510,Company_510,2018,1171.0,9.2,1230.3,-1.4
510,Company_510,2019,1186.5,7.0,774.7,1.3
510,Company_510,2020,1110.6,7.2,752.5,-6.4
510,Company_510,2021,1249.8,9.5,1321.9,12.5
510,Company_510,2022,1247.9,9.9,1818.0,-0.2
510,Company_510,2023,1319.0,9.2,1220.8,5.7
510,Company_510,2024,1356.6,11.3,2276.0,2.9
510,Company_510,2025,1478.6,8.9,1856.2,9.0
511,Company_511,2015,2018.5,8.3,3122.6,
511,Company_511,2016,2155.4,2.5,1313.0,6.8
511,Company_511,2017,2218.1,-1.4,7127.9,2.9
511,Company_511,2018,2645.5,-1.5,11994.3,19.3
511,Company_511,2019,2700.0,0.8,401.8,2.1
511,Company_511,2020,2734.5,3.9,1264.8,1.3
511,Company_511,2021,2514.4,3.6,1533.1,-8.0
511,Company_511,2022,2629.4,2.4,734.4,4.6
511,Company_511,2023,2958.3,3.9,2556.1,12.5
511,Company_511,2024,3373.7,8.1,4860.0,14.0
511,Company_511,2025,3630.3,7.6,4453.5,7.6
512,Company_512,2015,8272.1,20.8,29426.8,
512,Company_512,2016,8360.7,17.6,17768.7,1.1
512,Company_512,2017,8320.8,17.2,18731.8,-0.5
512,Company_512,2018,8749.0,15.6,14694.5,5.1
512,Company_512,2019,9163.8,17.4,13901.6,4.7
512,Company_512,2020,8759.3,16.6,15466.9,-4.4
512,Company_512,2021,7994.6,17.8,21577.8,-8.7
512,Company_512,2022,7241.1,14.9,18382.3,-9.4
512,Company_512,2023,7932.3,17.9,20246.0,9.5
512,Company_512,2024,8529.6,17.5,15339.1,7.5
512,Company_512,2025,8917.0,17.5,29917.2,4.5
513,Company_513,2015,1379.8,21.2,3956.1,
513,Company_513,2016,1534.8,18.4,4571.8,11.2
513,Company_513,2017,1661.6,20.8,8468.8,8.3
513,Company_513,2018,1683.9,23.1,5729.2,1.3
513,Company_513,2019,1622.6,21.5,7347.3,-3.6
513,Company_513,2020,1863.3,22.3,8175.9,14.8
513,Company_513,2021,1897.6,24.1,7197.6,1.8
513,Company_513,2022,2051.3,25.5,6467.2,8.1
513,Company_513,2023,2364.4,24.3,6897.4,15.3
513,Company_513,2024,2335.4,23.0,10966.1,-1.2
513,Company_513,2025,2058.8,17.4,8493.3,-11.8
514,Company_514,2015,2359.3,10.0,4526.0,
514,Company_514,2016,2227.4,15.0,6486.5,-5.6
514,Company_514,2017,2170.0,18.3,4759.0,-2.6
514,Company_514,2018,2337.8,16.9,4854.7,7.7
514,Company_514,2019,2362.2,18.3,7579.4,1.0
514,Company_514,2020,2396.8,20.7,4025.1,1.5
514,Company_514,2021,2401.6,22.1,4692.4,0.2
514,Company_514,2022,1955.4,21.5,3409.9,-18.6
514,Company_514,2023,2014.4,20.7,4337.1,3.0
514,Company_514,2024,2007.9,16.4,4343.4,-0.3
514,Company_514,2025,1992.8,8.7,2473.9,-0.8
515,Company_515,2015,5094.2,17.3,16697.2,
515,Company_515,2016,4854.5,13.8,9350.1,-4.7
515,Company_515,2017,5480.6,12.9,8715.5,12.9
515,Company_515,2018,6383.8,12.0,12925.7,16.5
515,Company_515,2019,7542.7,8.2,12301.1,18.2
515,Company_515,2020,8714.9,9.7,12745.3,15.5
515,Company_515,2021,9373.1,9.5,9385.5,7.6
515,Company_515,2022,11688.7,10.0,12879.6,24.7
515,Company_515,2023,14548.2,9.1,24430.6,24.5
515,Company_515,2024,16246.2,10.9,17596.9,11.7
515,Company_515,2025,18660.4,11.8,24990.6,14.9
516,Company_516,2015,279.1,13.7,517.7,
516,Company_516,2016,280.5,11.4,322.3,0.5
516,Company_516,2017,264.1,12.4,336.8,-5.8
516,Company_516,2018,237.1,11.5,301.9,-10.2
516,Company_516,2019,274.6,12.0,486.2,15.8
516,Company_516,2020,297.1,11.2,382.0,8.2
516,Company_516,2021,326.9,12.6,397.3,10.0
516,Company_516,2022,349.7,12.1,407.0,7.0
516,Company_516,2023,297.3,12.2,420.5,-15.0
516,Company_516,2024,278.6,13.3,380.7,-6.3
516,Company_516,2025,252.9,12.7,435.9,-9.2
517,Company_517,2015,2977.8,13.7,5252.3,
517,Company_517,2016,3171.1,14.1,4810.1,6.5
517,Company_517,2017,3238.2,18.0,7947.9,2.1
517,Company_517,2018,3239.1,19.5,9234.5,0.0
517,Company_517,2019,3134.0,20.5,8569.6,-3.2
517,Company_517,2020,3001.5,22.3,9410.2,-4.2
517,Company_517,2021,2918.7,21.1,8908.2,-2.8
517,Company_517,2022,3041.4,22.8,10610.7,4.2
517,Company_517,2023,3111.2,21.0,8690.4,2.3
517,Company_517,2024,3129.9,21.5,12737.7,0.6
517,Company_517,2025,3351.7,20.6,13244.7,7.1
518,Company_518,2015,440.3,6.0,320.6,
518,Company_518,2016,366.9,3.6,176.6,-16.7
518,Company_518,2017,365.2,4.4,165.8,-0.5
518,Company_518,2018,356.8,4.5,182.7,-2.3
518,Company_518,2019,350.1,5.5,183.5,-1.9
518,Company_518,2020,398.1,6.3,315.3,13.7
518,Company_518,2021,374.7,6.9,361.1,-5.9
518,Company_518,2022,353.6,6.4,203.9,-5.6
518,Company_518,2023,335.2,6.8,200.5,-5.2
518,Company_518,2024,340.4,4.0,114.8,1.5
518,Company_518,2025,345.2,3.9,170.4,1.4
519,Company_519,2015,932.7,3.9,494.6,
519,Company_519,2016,1056.0,5.0,1312.5,13.2
519,Company_519,2017,1128.8,4.3,1004.2,6.9
519,Company_519,2018,1084.0,2.7,436.6,-4.0
519,Company_519,2019,1243.2,2.1,480.5,14.7
519,Company_519,2020,1369.9,2.5,808.8,10.2
519,Company_519,2021,1594.8,2.6,716.7,16.4
519,Company_519,2022,1692.7,2.3,677.7,6.1
519,Company_519,2023,2004.8,4.1,863.9,18.4
519,Company_519,2024,2517.4,3.4,1564.4,25.6
519,Company_519,2025,2704.7,5.2,3255.3,7.4
520,Company_520,2015,1571.2,20.9,3231.8,
520,Company_520,2016,1503.2,20.2,5128.5,-4.3
520,Company_520,2017,1534.7,19.8,5466.0,2.1
520,Company_520,2018,1576.4,18.1,5096.3,2.7
520,Company_520,2019,1681.5,19.5,3189.1,6.7
520,Company_520,2020,1823.6,24.4,5342.6,8.5
520,Company_520,2021,2132.2,23.8,9950.5,16.9
520,Company_520,2022,1956.6,20.5,8368.8,-8.2
520,Company_520,2023,2223.6,21.6,9707.8,13.6
520,Company_520,2024,2358.6,21.5,10185.9,6.1
520,Company_520,2025,2636.6,23.3,9893.4,11.8
521,Company_521,2015,4105.0,20.9,26487.0,
521,Company_521,2016,4800.1,25.3,36998.0,16.9
521,Company_521,2017,5240.5,27.8,46774.7,9.2
521,Company_521,2018,5382.9,28.0,25786.9,2.7
521,Company_521,2019,6382.0,30.6,67138.3,18.6
521,Company_521,2020,7413.5,26.2,42284.4,16.2
521,Company_521,2021,7298.3,22.8,54029.0,-1.6
521,Company_521,2022,7441.0,22.9,28866.5,2.0
521,Company_521,2023,8480.0,20.8,42171.9,14.0
521,Company_521,2024,8754.6,18.7,35171.1,3.2
521,Company_521,2025,9643.8,10.7,36132.3,10.2
522,Company_522,2015,203.9,-0.5,788.7,
522,Company_522,2016,209.1,-2.5,296.7,2.5
522,Company_522,2017,225.0,-6.8,351.9,7.6
522,Company_522,2018,256.6,-3.3,826.6,14.1
522,Company_522,2019,255.3,-7.3,518.8,-0.5
522,Company_522,2020,238.6,-9.2,264.1,-6.5
522,Company_522,2021,262.6,-13.2,585.7,10.1
522,Company_522,2022,258.4,-15.8,909.9,-1.6
522,Company_522,2023,257.2,-11.9,1070.1,-0.5
522,Company_522,2024,252.0,-10.6,1211.3,-2.0
522,Company_522,2025,298.0,-11.6,463.2,18.3
523,Company_523,2015,969.9,10.8,1817.6,
523,Company_523,2016,946.7,11.5,1886.5,-2.4
523,Company_523,2017,964.2,13.1,1972.7,1.8
523,Company_523,2018,999.4,14.7,2460.8,3.6
523,Company_523,2019,1147.7,13.8,1770.9,14.8
523,Company_523,2020,1299.3,14.4,4415.9,13.2
523,Company_523,2021,1516.8,14.5,3590.1,16.7
523,Company_523,2022,1386.6,15.1,2868.7,-8.6
523,Company_523,2023,1510.0,15.7,4415.5,8.9
523,Company_523,2024,1531.0,14.8,2545.1,1.4
523,Company_523,2025,1642.3,16.7,4061.3,7.3
524,Company_524,2015,1779.9,8.3,1708.8,
524,Company_524,2016,1928.6,12.6,2025.1,8.4
524,Company_524,2017,2061.7,12.4,4624.0,6.9
524,Company_524,2018,1920.8,8.1,2668.4,-6.8
524,Company_524,2019,2140.6,6.3,1961.3,11.4
524,Company_524,2020,2089.6,9.3,2884.1,-2.4
524,Company_524,2021,2257.8,10.4,3055.5,8.1
524,Company_524,2022,2482.6,10.4,2971.8,10.0
524,Company_524,2023,2686.6,10.7,4811.0,8.2
524,Company_524,2024,2956.2,12.6,5696.1,10.0
524,Company_524,2025,2616.6,9.9,3957.5,-11.5
525,Company_525,2015,591.6,9.5,630.1,
525,Company_525,2016,608.2,10.5,520.1,2.8
525,Company_525,2017,565.6,10.5,526.2,-7.0
525,Company_525,2018,573.7,8.2,488.3,1.4
525,Company_525,2019,594.7,8.6,752.4,3.7
525,Company_525,2020,599.1,7.5,576.0,0.7
525,Company_525,2021,616.9,8.6,776.7,3.0
525,Company_525,2022,712.9,7.6,524.3,15.6
525,Company_525,2023,766.7,6.7,536.2,7.5
525,Company_525,2024,807.0,5.7,432.1,5.3
525,Company_525,2025,713.5,4.6,362.8,-11.6
526,Company_526,2015,312.2,11.6,460.2,
526,Company_526,2016,295.4,12.2,402.3,-5.4
526,Company_526,2017,300.1,11.5,513.6,1.6
526,Company_526,2018,282.9,9.1,282.6,-5.7
526,Company_526,2019,293.3,8.8,340.5,3.7
526,Company_526,2020,260.9,8.8,293.0,-11.0
526,Company_526,2021,270.1,9.8,311.3,3.5
526,Company_526,2022,257.2,8.5,304.2,-4.8
526,Company_526,2023,222.7,7.9,250.8,-13.4
526,Company_526,2024,227.0,10.3,327.9,1.9
526,Company_526,2025,208.3,9.2,209.1,-8.2
527,Company_527,2015,713.6,9.3,882.1,
527,Company_527,2016,778.9,9.4,963.6,9.2
527,Company_527,2017,841.8,8.6,1447.7,8.1
527,Company_527,2018,898.2,8.7,1595.6,6.7
527,Company_527,2019,939.0,9.4,1706.5,4.5
527,Company_527,2020,1088.6,9.9,1995.8,15.9
527,Company_527,2021,1070.9,9.8,2068.2,-1.6
527,Company_527,2022,912.9,9.8,940.2,-14.7
527,Company_527,2023,925.2,12.1,2357.5,1.3
527,Company_527,2024,957.9,12.9,1323.4,3.5
527,Company_527,2025,961.2,13.0,2151.6,0.3
528,Company_528,2015,633.3,10.0,857.5,
528,Company_528,2016,545.4,8.0,643.7,-13.9
528,Company_528,2017,534.2,4.9,334.8,-2.0
528,Company_528,2018,597.2,4.2,365.5,11.8
528,Company_528,2019,658.7,1.5,89.7,10.3
528,Company_528,2020,667.0,1.4,135.1,1.3
528,Company_528,2021,638.3,3.2,289.9,-4.3
528,Company_528,2022,683.0,0.4,34.3,7.0
528,Company_528,2023,785.3,-0.8,2565.2,15.0
528,Company_528,2024,712.3,0.3,31.7,-9.3
528,Company_528,2025,684.7,1.3,70.8,-3.9
529,Company_529,2015,11280.9,15.3,33810.3,
529,Company_529,2016,12440.2,11.8,24747.7,10.3
529,Company_529,2017,13870.0,12.4,28389.0,11.5
529,Company_529,2018,15019.0,15.9,29175.8,8.3
529,Company_529,2019,17584.6,14.6,45385.4,17.1
529,Company_529,2020,20706.6,14.1,42024.9,17.8
529,Company_529,2021,21165.3,12.9,41645.6,2.2
529,Company_529,2022,20991.1,14.0,39550.8,-0.8
529,Company_529,2023,20659.7,16.6,65291.4,-1.6
529,Company_529,2024,22080.8,13.1,44175.7,6.9
529,Company_529,2025,20080.1,14.9,26449.0,-9.1
530,Company_530,2015,455.2,4.5,178.7,
530,Company_530,2016,512.8,9.9,1092.9,12.6
530,Company_530,2017,610.8,9.8,780.4,19.1
530,Company_530,2018,734.0,8.5,1343.3,20.2
530,Company_530,2019,750.4,11.2,1056.8,2.2
530,Company_530,2020,857.9,11.8,1232.6,14.3
530,Company_530,2021,907.2,11.1,1665.2,5.7
530,Company_530,2022,922.7,16.5,1373.7,1.7
530,Company_530,2023,961.7,14.7,1648.9,4.2
530,Company_530,2024,1066.8,12.7,2324.1,10.9
530,Company_530,2025,1168.9,12.1,2534.5,9.6
531,Company_531,2015,682.3,5.3,615.3,
531,Company_531,2016,684.4,6.8,510.8,0.3
531,Company_531,2017,695.6,7.7,855.6,1.6
531,Company_531,2018,747.3,10.2,797.0,7.4
531,Company_531,2019,743.2,12.2,2172.7,-0.6
531,Company_531,2020,733.7,9.8,1436.4,-1.3
531,Company_531,2021,788.2,7.1,874.9,7.4
531,Company_531,2022,891.1,7.8,1076.0,13.1
531,Company_531,2023,1077.0,10.4,1178.4,20.9
531,Company_531,2024,1129.2,6.8,1223.5,4.8
531,Company_531,2025,1214.3,6.6,836.1,7.5
532,Company_532,2015,243.8,5.1,163.9,
532,Company_532,2016,270.7,9.8,528.6,11.0
532,Company_532,2017,277.5,9.8,618.5,2.5
532,Company_532,2018,335.6,9.4,716.1,20.9
532,Company_532,2019,350.7,8.3,668.8,4.5
532,Company_532,2020,381.2,7.4,510.7,8.7
532,Company_532,2021,415.9,9.7,578.5,9.1
532,Company_532,2022,452.3,11.3,607.1,8.8
532,Company_532,2023,443.8,11.0,949.2,-1.9
532,Company_532,2024,455.6,9.5,889.2,2.7
532,Company_532,2025,498.1,6.8,808.2,9.3
533,Company_533,2015,9331.7,19.9,53733.1,
533,Company_533,2016,8326.2,17.9,50785.7,-10.8
533,Company_533,2017,8275.7,13.6,37934.7,-0.6
533,Company_533,2018,9845.8,12.9,24172.5,19.0
533,Company_533,2019,11298.9,14.2,35915.8,14.8
533,Company_533,2020,12567.3,10.1,42413.2,11.2
533,Company_533,2021,13082.1,11.3,47147.4,4.1
533,Company_533,2022,14008.4,14.1,60424.7,7.1
533,Company_533,2023,14599.7,18.5,88738.4,4.2
533,Company_533,2024,16641.9,17.7,61424.2,14.0
533,Company_533,2025,18913.3,17.4,57158.2,13.6
534,Company_534,2015,1526.4,10.7,3178.2,
534,Company_534,2016,1574.7,10.6,2144.8,3.2
534,Company_534,2017,1500.0,6.9,1877.3,-4.7
534,Company_534,2018,1681.8,7.2,1992.0,12.1
534,Company_534,2019,1553.3,2.9,984.8,-7.6
534,Company_534,2020,1599.7,-0.4,4759.5,3.0
534,Company_534,2021,1715.8,0.2,68.8,7.3
534,Company_534,2022,1607.7,6.4,1027.1,-6.3
534,Company_534,2023,1362.1,5.3,1215.7,-15.3
534,Company_534,2024,1516.0,5.5,1657.4,11.3
534,Company_534,2025,1742.5,3.3,956.7,14.9
535,Company_535,2015,25114.8,3.0,11810.6,
535,Company_535,2016,25348.7,1.3,5316.7,0.9
535,Company_535,2017,30412.8,3.2,12300.4,20.0
535,Company_535,2018,29576.3,9.0,22163.6,-2.8
535,Company_535,2019,29210.5,11.5,43889.5,-1.2
535,Company_535,2020,30908.2,15.1,71468.4,5.8
535,Company_535,2021,34024.2,7.7,33070.7,10.1
535,Company_535,2022,38955.9,8.3,59589.6,14.5
535,Company_535,2023,47031.1,8.5,37257.6,20.7
535,Company_535,2024,56483.0,9.9,100792.2,20.1
535,Company_535,2025,59585.9,11.9,131084.1,5.5
536,Company_536,2015,709.4,14.4,1985.8,
536,Company_536,2016,612.5,17.2,1296.9,-13.7
536,Company_536,2017,670.4,17.7,1778.6,9.4
536,Company_536,2018,687.9,18.2,2147.6,2.6
536,Company_536,2019,566.8,15.1,1304.0,-17.6
536,Company_536,2020,436.7,15.6,563.7,-23.0
536,Company_536,2021,437.9,16.5,709.0,0.3
536,Company_536,2022,447.0,16.3,953.6,2.1
536,Company_536,2023,378.4,18.2,865.2,-15.4
536,Company_536,2024,402.1,23.4,1749.6,6.3
536,Company_536,2025,359.4,21.0,1432.1,-10.6
537,Company_537,2015,750.1,0.3,36.6,
537,Company_537,2016,711.8,1.1,112.6,-5.1
537,Company_537,2017,728.5,2.0,203.6,2.3
537,Company_537,2018,774.9,2.7,279.3,6.4
537,Company_537,2019,835.3,4.9,796.4,7.8
537,Company_537,2020,804.7,6.5,959.5,-3.7
537,Company_537,2021,895.8,7.3,1459.3,11.3
537,Company_537,2022,917.6,1.6,265.9,2.4
537,Company_537,2023,1062.0,2.1,427.9,15.7
537,Company_537,2024,1026.2,0.1,30.9,-3.4
537,Company_537,2025,1024.1,-1.6,3890.8,-0.2
538,Company_538,2015,862.2,8.7,811.0,
538,Company_538,2016,910.7,9.7,1240.8,5.6
538,Company_538,2017,814.5,9.4,800.1,-10.6
538,Company_538,2018,819.6,13.5,1899.8,0.6
538,Company_538,2019,964.2,15.9,2813.4,17.6
538,Company_538,2020,962.6,17.9,1470.0,-0.2
538,Company_538,2021,980.9,18.8,1610.8,1.9
538,Company_538,2022,969.5,16.7,2792.4,-1.2
538,Company_538,2023,1102.9,16.5,2317.8,13.8
538,Company_538,2024,1216.7,15.7,2935.9,10.3
538,Company_538,2025,1222.7,18.9,4611.5,0.5
539,Company_539,2015,3627.4,15.9,11172.5,
539,Company_539,2016,3794.8,20.0,8318.1,4.6
539,Company_539,2017,3567.5,19.6,7065.0,-6.0
539,Company_539,2018,3523.7,16.9,10418.6,-1.2
539,Company_539,2019,3848.6,18.0,7468.0,9.2
539,Company_539,2020,4097.0,22.4,22486.0,6.5
539,Company_539,2021,4405.8,22.7,21260.9,7.5
539,Company_539,2022,4421.8,25.6,12654.1,0.4
539,Company_539,2023,4331.7,28.6,15105.7,-2.0
539,Company_539,2024,4982.0,27.5,14145.6,15.0
539,Company_539,2025,5483.8,28.9,27646.9,10.1
540,Company_540,2015,1466.8,9.9,1212.8,
540,Company_540,2016,1476.2,8.7,1821.4,0.6
540,Company_540,2017,1643.5,6.8,1258.6,11.3
540,Company_540,2018,1715.7,8.9,1650.1,4.4
540,Company_540,2019,1759.3,8.5,1772.6,2.5
540,Company_540,2020,1721.9,9.7,2002.0,-2.1
540,Company_540,2021,1673.5,10.2,1445.0,-2.8
540,Company_540,2022,1803.4,8.9,2000.9,7.8
540,Company_540,2023,1887.2,7.9,2001.9,4.6
540,Company_540,2024,2007.2,8.8,1769.6,6.4
540,Company_540,2025,1932.6,7.8,1302.1,-3.7
541,Company_541,2015,1294.2,28.8,6930.0,
541,Company_541,2016,1369.2,32.4,13111.5,5.8
541,Company_541,2017,1387.4,34.3,12588.8,1.3
541,Company_541,2018,1693.7,33.1,16751.1,22.1
541,Company_541,2019,1733.8,30.4,12103.2,2.4
541,Company_541,2020,1888.6,29.6,12200.3,8.9
541,Company_541,2021,2260.3,28.4,20609.1,19.7
541,Company_541,2022,2660.6,28.3,19592.8,17.7
541,Company_541,2023,3202.9,32.0,17751.3,20.4
541,Company_541,2024,3215.0,29.0,32184.4,0.4
541,Company_541,2025,3035.3,32.2,29105.5,-5.6
542,Company_542,2015,349.0,-1.6,233.9,
542,Company_542,2016,373.8,0.5,30.8,7.1
542,Company_542,2017,429.6,1.7,67.2,14.9
542,Company_542,2018,471.0,1.4,127.6,9.7
542,Company_542,2019,546.4,-4.0,856.1,16.0
542,Company_542,2020,572.5,-5.7,1778.9,4.8
542,Company_542,2021,631.3,-7.3,2282.3,10.3
542,Company_542,2022,693.8,-7.3,2693.2,9.9
542,Company_542,2023,818.5,-7.6,3147.6,18.0
542,Company_542,2024,932.1,-3.4,4172.3,13.9
542,Company_542,2025,1082.2,-1.9,1288.9,16.1
543,Company_543,2015,21566.3,12.9,32769.5,
543,Company_543,2016,23323.9,8.4,28075.3,8.1
543,Company_543,2017,25056.8,8.7,37180.9,7.4
543,Company_543,2018,29715.3,15.8,74028.2,18.6
543,Company_543,2019,35951.9,14.9,71158.7,21.0
543,Company_543,2020,37995.0,21.0,124224.1,5.7
543,Company_543,2021,42603.7,20.9,73697.7,12.1
543,Company_543,2022,51804.7,13.9,89404.9,21.6
543,Company_543,2023,63755.1,15.1,125212.5,23.1
543,Company_543,2024,75744.5,21.5,306993.4,18.8
543,Company_543,2025,93522.7,20.9,309026.1,23.5
544,Company_544,2015,4393.5,4.9,3821.8,
544,Company_544,2016,4931.9,3.4,2627.6,12.3
544,Company_544,2017,5036.9,-1.5,18035.3,2.1
544,Company_544,2018,5411.9,-6.9,15605.1,7.4
544,Company_544,2019,6308.6,-9.2,21363.4,16.6
544,Company_544,2020,6480.3,-14.0,31021.2,2.7
544,Company_544,2021,8004.0,-17.3,14952.9,23.5
544,Company_544,2022,8022.1,-14.1,6194.7,0.2
544,Company_544,2023,8865.6,-13.1,24930.6,10.5
544,Company_544,2024,9917.3,-20.0,37027.8,11.9
544,Company_544,2025,11745.8,-20.0,46145.3,18.4
545,Company_545,2015,3852.5,6.8,5689.9,
545,Company_545,2016,4064.5,11.5,10130.1,5.5
545,Company_545,2017,4373.4,12.5,10255.9,7.6
545,Company_545,2018,5066.7,11.0,6097.8,15.9
545,Company_545,2019,5387.1,9.4,9306.4,6.3
545,Company_545,2020,5928.9,8.3,4101.4,10.1
545,Company_545,2021,6117.7,9.5,6849.0,3.2
545,Company_545,2022,6166.9,8.8,7043.6,0.8
545,Company_545,2023,6804.9,13.2,13160.7,10.3
545,Company_545,2024,6379.5,15.2,17265.6,-6.3
545,Company_545,2025,6202.3,14.5,9869.6,-2.8
546,Company_546,2015,1459.0,6.0,1682.0,
546,Company_546,2016,1514.8,7.1,1637.7,3.8
546,Company_546,2017,1358.4,12.0,3243.0,-10.3
546,Company_546,2018,1317.1,15.2,3293.0,-3.0
546,Company_546,2019,1038.2,14.8,2230.5,-21.2
546,Company_546,2020,999.1,11.1,1789.4,-3.8
546,Company_546,2021,951.6,11.1,1648.2,-4.7
546,Company_546,2022,814.4,8.4,881.9,-14.4
546,Company_546,2023,699.7,11.2,1100.8,-14.1
546,Company_546,2024,462.4,10.3,909.4,-33.9
546,Company_546,2025,367.0,21.9,887.4,-20.6
547,Company_547,2015,2044.0,22.3,7525.5,
547,Company_547,2016,1805.6,22.7,6961.5,-11.7
547,Company_547,2017,1839.1,25.1,7560.6,1.9
547,Company_547,2018,1774.4,29.1,8652.8,-3.5
547,Company_547,2019,1682.2,24.0,7827.6,-5.2
547,Company_547,2020,1659.8,24.2,3347.1,-1.3
547,Company_547,2021,1539.2,24.4,3361.7,-7.3
547,Company_547,2022,1466.0,27.3,6534.3,-4.8
547,Company_547,2023,1324.3,21.5,3208.8,-9.7
547,Company_547,2024,1127.1,25.1,3935.4,-14.9
547,Company_547,2025,951.3,18.2,2600.9,-15.6
548,Company_548,2015,2542.0,10.0,4018.7,
548,Company_548,2016,3157.4,10.3,4076.1,24.2
548,Company_548,2017,3316.7,10.5,3734.4,5.0
548,Company_548,2018,3343.4,9.4,5499.3,0.8
548,Company_548,2019,3881.0,10.1,9733.7,16.1
548,Company_548,2020,4391.8,9.9,9149.9,13.2
548,Company_548,2021,5241.0,8.0,7080.9,19.3
548,Company_548,2022,5650.8,8.9,10023.7,7.8
548,Company_548,2023,6425.1,9.6,15012.1,13.7
548,Company_548,2024,7428.9,7.9,13039.1,15.6
548,Company_548,2025,9800.9,7.8,7980.7,31.9
549,Company_549,2015,1716.1,8.4,1282.2,
549,Company_549,2016,1564.3,10.4,1308.0,-8.8
549,Company_549,2017,1494.1,13.2,1596.2,-4.5
549,Company_549,2018,1432.2,14.0,2039.1,-4.1
549,Company_549,2019,1513.0,13.4,2989.2,5.6
549,Company_549,2020,1556.5,10.1,1547.3,2.9
549,Company_549,2021,1565.1,11.3,1884.6,0.5
549,Company_549,2022,1719.8,13.0,2175.9,9.9
549,Company_549,2023,1731.3,11.4,2756.1,0.7
549,Company_549,2024,1728.4,10.3,2634.7,-0.2
549,Company_549,2025,1886.3,9.2,2027.1,9.1
550,Company_550,2015,716.5,12.8,1156.3,
550,Company_550,2016,733.0,12.5,2107.6,2.3
550,Company_550,2017,735.1,17.0,3026.0,0.3
550,Company_550,2018,815.5,21.2,2570.6,10.9
550,Company_550,2019,889.2,23.0,2715.9,9.0
550,Company_550,2020,1000.9,22.8,4526.7,12.6
550,Company_550,2021,1001.4,24.2,2886.0,0.0
550,Company_550,2022,1006.8,23.9,5386.5,0.5
550,Company_550,2023,1017.2,26.3,3254.9,1.0
550,Company_550,2024,1093.2,26.5,6692.4,7.5
550,Company_550,2025,1010.2,24.7,4527.5,-7.6
551,Company_551,2015,1931.1,8.0,1937.7,
551,Company_551,2016,1960.5,5.9,2690.4,1.5
551,Company_551,2017,1967.7,6.0,2875.9,0.4
551,Company_551,2018,1938.2,5.0,1575.6,-1.5
551,Company_551,2019,1998.6,7.3,3300.0,3.1
551,Company_551,2020,2010.9,8.3,3018.5,0.6
551,Company_551,2021,1970.0,6.7,1569.9,-2.0
551,Company_551,2022,1832.7,7.0,2645.3,-7.0
551,Company_551,2023,1868.2,9.0,2116.1,1.9
551,Company_551,2024,1795.7,8.6,2300.8,-3.9
551,Company_551,2025,1774.5,10.8,4418.6,-1.2
552,Company_552,2015,946.5,13.5,1984.8,
552,Company_552,2016,877.1,14.7,3084.7,-7.3
552,Company_552,2017,790.8,15.1,2869.9,-9.8
552,Company_552,2018,758.9,12.1,1570.9,-4.0
552,Company_552,2019,850.4,11.4,2391.5,12.1
552,Company_552,2020,874.4,13.0,2157.7,2.8
552,Company_552,2021,930.0,19.3,3194.6,6.4
552,Company_552,2022,944.9,19.0,3656.0,1.6
552,Company_552,2023,922.6,22.7,3465.4,-2.4
552,Company_552,2024,926.1,23.3,2662.1,0.4
552,Company_552,2025,861.5,22.9,4168.2,-7.0
553,Company_553,2015,2555.6,8.6,3779.2,
553,Company_553,2016,2639.5,7.5,3418.2,3.3
553,Company_553,2017,2999.9,8.0,5536.2,13.7
553,Company_553,2018,3048.2,8.0,2645.5,1.6
553,Company_553,2019,3309.7,5.9,4489.6,8.6
553,Company_553,2020,3045.6,7.5,3898.8,-8.0
553,Company_553,2021,3119.6,7.9,2820.7,2.4
553,Company_553,2022,3505.4,9.2,5618.9,12.4
553,Company_553,2023,3535.6,10.3,4063.4,0.9
553,Company_553,2024,3376.7,12.1,8419.4,-4.5
553,Company_553,2025,3308.7,10.3,5461.8,-2.0
554,Company_554,2015,895.7,9.6,1368.8,
554,Company_554,2016,998.7,8.9,866.3,11.5
554,Company_554,2017,1097.3,8.2,793.2,9.9
554,Company_554,2018,1095.5,4.2,1004.7,-0.2
554,Company_554,2019,1131.2,5.5,1148.6,3.3
554,Company_554,2020,1275.2,4.3,1137.6,12.7
554,Company_554,2021,1412.8,0.6,117.5,10.8
554,Company_554,2022,1500.1,0.6,91.6,6.2
554,Company_554,2023,1590.9,-4.1,2983.7,6.1
554,Company_554,2024,1902.9,-4.3,3641.2,19.6
554,Company_554,2025,2035.9,-6.4,5062.6,7.0
555,Company_555,2015,1666.8,16.4,3472.1,
555,Company_555,2016,1589.8,14.2,2870.6,-4.6
555,Company_555,2017,2061.4,12.2,4591.9,29.7
555,Company_555,2018,2144.8,18.8,6141.8,4.0
555,Company_555,2019,2402.2,16.4,5336.4,12.0
555,Company_555,2020,2504.4,18.6,4582.0,4.3
555,Company_555,2021,2756.1,20.4,9974.5,10.0
555,Company_555,2022,2684.0,26.7,12215.9,-2.6
555,Company_555,2023,2482.3,26.7,8768.2,-7.5
555,Company_555,2024,2359.3,23.9,7182.4,-5.0
555,Company_555,2025,2171.5,16.7,5617.9,-8.0
556,Company_556,2015,2500.0,6.6,1866.9,
556,Company_556,2016,2512.6,6.3,2983.3,0.5
556,Company_556,2017,2267.9,8.2,2676.9,-9.7
556,Company_556,2018,2191.7,7.6,1820.3,-3.4
556,Company_556,2019,2488.6,2.7,537.3,13.5
556,Company_556,2020,2480.7,0.5,235.8,-0.3
556,Company_556,2021,2396.8,-0.4,2054.6,-3.4
556,Company_556,2022,2746.4,1.2,346.5,14.6
556,Company_556,2023,2582.9,-1.5,5746.6,-6.0
556,Company_556,2024,2857.3,-0.5,12613.3,10.6
556,Company_556,2025,3052.8,2.9,1549.3,6.8
557,Company_557,2015,3963.9,1.6,1184.2,
557,Company_557,2016,4355.8,2.7,2188.5,9.9
557,Company_557,2017,4477.5,-2.5,19446.0,2.8
557,Company_557,2018,4658.2,-2.0,18476.6,4.0
557,Company_557,2019,5030.1,1.8,956.2,8.0
557,Company_557,2020,5775.1,-0.1,14719.2,14.8
557,Company_557,2021,6457.0,0.7,1118.2,11.8
557,Company_557,2022,7744.8,0.8,1110.3,19.9
557,Company_557,2023,8861.1,-1.1,25062.1,14.4
557,Company_557,2024,10128.7,1.9,3662.6,14.3
557,Company_557,2025,11534.9,3.3,4090.1,13.9
558,Company_558,2015,3944.8,10.0,3942.6,
558,Company_558,2016,4021.7,9.7,4696.0,1.9
558,Company_558,2017,3869.6,12.4,6177.6,-3.8
558,Company_558,2018,3723.5,8.5,5212.5,-3.8
558,Company_558,2019,3934.4,8.6,2853.2,5.7
558,Company_558,2020,4028.3,4.4,2030.5,2.4
558,Company_558,2021,4002.3,3.3,2352.2,-0.6
558,Company_558,2022,4593.6,1.8,831.9,14.8
558,Company_558,2023,5002.9,5.8,3060.3,8.9
558,Company_558,2024,4462.5,2.8,1443.2,-10.8
558,Company_558,2025,4629.6,2.9,2472.1,3.7
559,Company_559,2015,1719.6,20.4,3547.5,
559,Company_559,2016,1802.8,23.5,8673.5,4.8
559,Company_559,2017,2154.0,21.9,4707.0,19.5
559,Company_559,2018,2614.9,17.1,8757.2,21.4
559,Company_559,2019,2813.3,14.5,6328.6,7.6
559,Company_559,2020,3405.4,13.0,4424.2,21.0
559,Company_559,2021,3951.0,10.6,8571.0,16.0
559,Company_559,2022,4209.7,9.8,5097.9,6.5
559,Company_559,2023,4414.7,11.1,9739.3,4.9
559,Company_559,2024,4523.7,9.7,8664.3,2.5
559,Company_559,2025,4629.8,9.4,3908.8,2.3
560,Company_560,2015,1255.7,22.0,9087.9,
560,Company_560,2016,1548.0,21.8,10999.5,23.3
560,Company_560,2017,1989.4,21.0,13550.6,28.5
560,Company_560,2018,2297.6,22.5,13850.3,15.5
560,Company_560,2019,2891.7,17.3,16295.3,25.9
560,Company_560,2020,3395.9,12.2,9079.1,17.4
560,Company_560,2021,4160.8,14.9,13935.9,22.5
560,Company_560,2022,4499.4,18.0,13692.0,8.1
560,Company_560,2023,5461.8,16.4,19428.4,21.4
560,Company_560,2024,6132.7,17.4,17263.7,12.3
560,Company_560,2025,7364.4,16.1,24347.2,20.1
561,Company_561,2015,1484.6,15.4,3411.9,
561,Company_561,2016,1486.2,16.5,4895.7,0.1
561,Company_561,2017,1618.5,25.2,9108.8,8.9
561,Company_561,2018,1675.1,26.2,4986.5,3.5
561,Company_561,2019,2013.0,30.2,15021.9,20.2
561,Company_561,2020,1982.3,35.4,9394.4,-1.5
561,Company_561,2021,2417.2,34.9,12522.3,21.9
561,Company_561,2022,2657.0,33.4,13268.4,9.9
561,Company_561,2023,3394.4,33.6,15376.8,27.8
561,Company_561,2024,3400.8,29.5,19347.9,0.2
561,Company_561,2025,3898.4,29.1,11525.3,14.6
562,Company_562,2015,331.6,17.6,745.7,
562,Company_562,2016,322.8,16.7,890.0,-2.7
562,Company_562,2017,339.5,16.5,860.7,5.2
562,Company_562,2018,341.1,14.2,701.3,0.5
562,Company_562,2019,351.8,13.6,692.6,3.2
562,Company_562,2020,371.4,16.4,1178.4,5.6
562,Company_562,2021,356.9,16.1,1005.3,-3.9
562,Company_562,2022,412.3,18.3,1120.8,15.5
562,Company_562,2023,400.2,18.6,817.4,-3.0
562,Company_562,2024,414.5,19.9,1026.8,3.6
562,Company_562,2025,466.3,16.4,1293.5,12.5
563,Company_563,2015,2795.8,4.9,2243.7,
563,Company_563,2016,2983.2,6.6,1924.6,6.7
563,Company_563,2017,3133.4,3.4,943.4,5.0
563,Company_563,2018,3052.9,-6.9,10286.2,-2.6
563,Company_563,2019,2983.8,-4.9,4754.5,-2.3
563,Company_563,2020,3423.4,-8.3,13387.7,14.7
563,Company_563,2021,2847.3,-5.7,8761.1,-16.8
563,Company_563,2022,2856.1,-5.3,7970.3,0.3
563,Company_563,2023,3011.7,-13.0,13175.7,5.4
563,Company_563,2024,3031.4,-5.5,2918.8,0.7
563,Company_563,2025,3530.9,-6.4,12550.8,16.5
564,Company_564,2015,11842.7,5.6,5516.5,
564,Company_564,2016,11329.3,10.2,16147.2,-4.3
564,Company_564,2017,10860.9,3.7,3267.7,-4.1
564,Company_564,2018,9092.6,1.8,2092.2,-16.3
564,Company_564,2019,10002.0,8.8,12277.9,10.0
564,Company_564,2020,10064.1,3.0,4217.1,0.6
564,Company_564,2021,10440.4,13.2,25727.4,3.7
564,Company_564,2022,9543.3,6.1,10832.5,-8.6
564,Company_564,2023,9726.5,1.4,1500.5,1.9
564,Company_564,2024,10473.2,-2.1,29091.3,7.7
564,Company_564,2025,10246.7,4.2,8194.5,-2.2
565,Company_565,2015,1340.8,9.8,1800.4,
565,Company_565,2016,1380.7,7.6,1336.0,3.0
565,Company_565,2017,1370.5,6.9,1226.2,-0.7
565,Company_565,2018,1600.4,7.4,1189.6,16.8
565,Company_565,2019,1655.5,5.6,1167.5,3.4
565,Company_565,2020,1593.4,6.8,1583.7,-3.7
565,Company_565,2021,1668.8,4.9,1058.7,4.7
565,Company_565,2022,1770.4,5.1,939.0,6.1
565,Company_565,2023,1831.3,5.0,979.1,3.4
565,Company_565,2024,1697.8,2.8,555.8,-7.3
565,Company_565,2025,1772.0,3.2,838.9,4.4
566,Company_566,2015,1805.1,7.6,2995.8,
566,Company_566,2016,1928.5,12.5,4514.7,6.8
566,Company_566,2017,2188.6,11.2,3095.3,13.5
566,Company_566,2018,2313.5,7.0,2499.1,5.7
566,Company_566,2019,1994.7,7.1,2937.0,-13.8
566,Company_566,2020,2161.6,7.9,3195.7,8.4
566,Company_566,2021,2044.9,8.6,2379.6,-5.4
566,Company_566,2022,2243.5,15.0,5511.3,9.7
566,Company_566,2023,2419.1,14.3,6661.8,7.8
566,Company_566,2024,2531.3,15.9,4093.2,4.6
566,Company_566,2025,2584.5,15.0,6237.1,2.1
567,Company_567,2015,637.0,13.9,1914.2,
567,Company_567,2016,701.8,13.0,1725.8,10.2
567,Company_567,2017,804.1,13.3,1491.0,14.6
567,Company_567,2018,936.4,17.7,1715.1,16.5
567,Company_567,2019,1003.6,13.2,1970.9,7.2
567,Company_567,2020,1218.9,13.3,3897.8,21.5
567,Company_567,2021,1318.7,19.0,6239.6,8.2
567,Company_567,2022,1488.0,20.8,5150.0,12.8
567,Company_567,2023,1591.9,25.5,9914.9,7.0
567,Company_567,2024,1738.4,23.6,6675.5,9.2
567,Company_567,2025,1799.4,22.4,4342.3,3.5
568,Company_568,2015,2414.1,16.3,4155.1,
568,Company_568,2016,2056.7,15.3,5036.0,-14.8
568,Company_568,2017,1764.1,15.3,5203.8,-14.2
568,Company_568,2018,1534.4,17.0,4479.7,-13.0
568,Company_568,2019,1433.0,16.6,3730.3,-6.6
568,Company_568,2020,1593.2,17.9,6619.0,11.2
568,Company_568,2021,1399.4,15.6,4506.5,-12.2
568,Company_568,2022,1355.1,19.7,6420.2,-3.2
568,Company_568,2023,1207.1,18.4,2799.4,-10.9
568,Company_568,2024,1168.1,16.9,4189.6,-3.2
568,Company_568,2025,1116.4,17.8,3499.0,-4.4
569,Company_569,2015,8982.8,16.1,16079.5,
569,Company_569,2016,8637.4,22.5,33127.3,-3.8
569,Company_569,2017,8666.0,27.3,25608.0,0.3
569,Company_569,2018,9053.2,31.3,46350.0,4.5
569,Company_569,2019,10237.5,39.2,79658.5,13.1
569,Company_569,2020,11699.6,39.2,41003.7,14.3
569,Company_569,2021,10837.9,27.7,55773.7,-7.4
569,Company_569,2022,10920.4,21.3,28342.5,0.8
569,Company_569,2023,12722.7,17.9,20186.4,16.5
569,Company_569,2024,13702.1,17.3,31721.1,7.7
569,Company_569,2025,12923.3,6.0,7536.8,-5.7
570,Company_570,2015,887.2,14.6,1825.9,
570,Company_570,2016,738.6,13.7,1218.7,-16.8
570,Company_570,2017,808.9,12.6,1881.1,9.5
570,Company_570,2018,709.0,5.0,627.6,-12.3
570,Company_570,2019,611.5,16.9,1565.3,-13.8
570,Company_570,2020,576.2,21.4,1037.3,-5.8
570,Company_570,2021,604.6,18.5,1802.5,4.9
570,Company_570,2022,557.7,17.6,1135.1,-7.7
570,Company_570,2023,549.2,12.2,869.2,-1.5
570,Company_570,2024,557.5,7.9,816.3,1.5
570,Company_570,2025,554.7,1.3,83.6,-0.5
571,Company_571,2015,3910.1,0.4,327.1,
571,Company_571,2016,3787.7,-2.6,18929.8,-3.1
571,Company_571,2017,3597.3,-1.5,2733.4,-5.0
571,Company_571,2018,3650.2,-3.2,6883.1,1.5
571,Company_571,2019,3499.8,-2.3,11103.0,-4.1
571,Company_571,2020,3425.2,-2.2,15594.8,-2.1
571,Company_571,2021,2693.0,-2.0,5161.8,-21.4
571,Company_571,2022,2880.6,-1.0,2001.7,7.0
571,Company_571,2023,2980.6,-1.1,11132.1,3.5
571,Company_571,2024,3022.7,-0.6,8967.4,1.4
571,Company_571,2025,3435.3,-0.9,10542.9,13.6
572,Company_572,2015,1937.4,9.0,2128.7,
572,Company_572,2016,1903.9,7.0,2766.9,-1.7
572,Company_572,2017,1913.5,7.0,2234.4,0.5
572,Company_572,2018,1902.6,6.5,1824.2,-0.6
572,Company_572,2019,2110.1,5.7,1248.1,10.9
572,Company_572,2020,2359.6,6.7,2572.2,11.8
572,Company_572,2021,2076.5,7.5,3751.5,-12.0
572,Company_572,2022,2031.9,9.9,4186.4,-2.1
572,Company_572,2023,2152.8,8.8,4532.9,5.9
572,Company_572,2024,2504.4,7.9,4062.6,16.3
572,Company_572,2025,2697.3,9.6,4659.3,7.7
573,Company_573,2015,7007.0,25.7,14931.4,
573,Company_573,2016,5765.8,26.1,24596.4,-17.7
573,Company_573,2017,5297.1,29.2,23978.7,-8.1
573,Company_573,2018,4612.7,25.4,11297.5,-12.9
573,Company_573,2019,4649.2,16.9,9347.8,0.8
573,Company_573,2020,4431.4,27.3,14784.0,-4.7
573,Company_573,2021,3598.9,25.7,9121.1,-18.8
573,Company_573,2022,3303.6,24.3,7423.4,-8.2
573,Company_573,2023,2666.2,16.6,8729.7,-19.3
573,Company_573,2024,2486.3,22.6,7423.3,-6.7
573,Company_573,2025,2385.7,14.8,6382.7,-4.0
574,Company_574,2015,1530.5,10.1,2726.4,
574,Company_574,2016,1650.6,8.3,1920.6,7.8
574,Company_574,2017,1633.0,7.6,1074.5,-1.1
574,Company_574,2018,1735.2,9.7,2000.8,6.3
574,Company_574,2019,1598.0,11.5,2501.0,-7.9
574,Company_574,2020,1800.7,7.6,1282.9,12.7
574,Company_574,2021,1867.2,1.4,358.0,3.7
574,Company_574,2022,1528.3,4.0,892.5,-18.1
574,Company_574,2023,1756.1,3.2,934.9,14.9
574,Company_574,2024,1980.4,-1.5,4202.5,12.8
574,Company_574,2025,1971.9,-3.9,8002.5,-0.4
575,Company_575,2015,2250.5,15.0,6069.3,
575,Company_575,2016,1900.1,7.4,2643.2,-15.6
575,Company_575,2017,1779.1,2.7,420.0,-6.4
575,Company_575,2018,1777.8,-1.1,1382.0,-0.1
575,Company_575,2019,1555.6,-4.1,5670.0,-12.5
575,Company_575,2020,1702.0,-0.4,4220.2,9.4
575,Company_575,2021,1516.9,4.1,816.8,-10.9
575,Company_575,2022,1274.6,-4.3,1937.3,-16.0
575,Company_575,2023,1256.1,3.0,651.0,-1.5
575,Company_575,2024,1188.3,11.3,1467.9,-5.4
575,Company_575,2025,881.1,5.7,896.1,-25.9
576,Company_576,2015,4021.1,13.2,7951.5,
576,Company_576,2016,3680.0,15.6,4834.1,-8.5
576,Company_576,2017,4128.3,14.2,10432.2,12.2
576,Company_576,2018,4092.1,15.3,7280.9,-0.9
576,Company_576,2019,4069.2,14.9,6864.0,-0.6
576,Company_576,2020,3642.3,14.6,10247.5,-10.5
576,Company_576,2021,3579.0,12.4,5847.2,-1.7
576,Company_576,2022,3404.6,11.4,5545.2,-4.9
576,Company_576,2023,3704.3,10.8,5741.9,8.8
576,Company_576,2024,3797.2,7.8,5412.2,2.5
576,Company_576,2025,3575.9,10.7,5141.6,-5.8
577,Company_577,2015,353.7,2.1,132.0,
577,Company_577,2016,391.4,0.9,56.6,10.7
577,Company_577,2017,415.6,-0.9,711.7,6.2
577,Company_577,2018,431.1,2.3,125.4,3.7
577,Company_577,2019,439.4,1.7,64.9,1.9
577,Company_577,2020,429.1,1.3,109.3,-2.3
577,Company_577,2021,407.9,2.2,144.9,-5.0
577,Company_577,2022,449.7,2.4,104.9,10.3
577,Company_577,2023,437.2,7.1,664.6,-2.8
577,Company_577,2024,471.4,2.9,199.1,7.8
577,Company_577,2025,449.2,0.9,75.8,-4.7
578,Company_578,2015,888.2,8.8,634.5,
578,Company_578,2016,1034.8,7.4,1128.8,16.5
578,Company_578,2017,1183.3,8.7,1493.0,14.3
578,Company_578,2018,1392.1,9.7,1514.0,17.7
578,Company_578,2019,1551.5,9.9,2449.9,11.4
578,Company_578,2020,1643.9,8.4,2611.5,6.0
578,Company_578,2021,1787.5,10.1,1715.2,8.7
578,Company_578,2022,1728.1,5.0,1695.6,-3.3
578,Company_578,2023,1670.7,2.8,881.1,-3.3
578,Company_578,2024,1936.4,3.5,1342.2,15.9
578,Company_578,2025,1828.3,-0.2,7564.1,-5.6
579,Company_579,2015,582.2,2.4,139.7,
579,Company_579,2016,645.2,1.7,276.6,10.8
579,Company_579,2017,718.7,1.2,119.8,11.4
579,Company_579,2018,777.6,0.9,158.1,8.2
579,Company_579,2019,832.9,3.7,584.5,7.1
579,Company_579,2020,984.7,3.9,555.9,18.2
579,Company_579,2021,1009.7,5.0,675.2,2.5
579,Company_579,2022,989.5,3.5,769.2,-2.0
579,Company_579,2023,1082.6,4.1,828.4,9.4
579,Company_579,2024,1217.0,5.1,1404.7,12.4
579,Company_579,2025,1491.3,5.1,1620.0,22.5
580,Company_580,2015,1284.8,9.4,3062.2,
580,Company_580,2016,1258.4,7.2,2734.3,-2.1
580,Company_580,2017,1349.5,7.1,2641.5,7.2
580,Company_580,2018,1539.5,7.7,3033.3,14.1
580,Company_580,2019,1577.3,6.1,2213.9,2.5
580,Company_580,2020,1695.1,1.9,903.9,7.5
580,Company_580,2021,2046.9,0.2,57.7,20.8
580,Company_580,2022,2548.4,2.2,1580.3,24.5
580,Company_580,2023,2809.4,0.7,439.7,10.2
580,Company_580,2024,3038.4,0.4,250.8,8.2
580,Company_580,2025,3320.8,1.6,1399.5,9.3
581,Company_581,2015,1842.4,12.3,1859.1,
581,Company_581,2016,2127.3,11.5,2514.1,15.5
581,Company_581,2017,2361.9,-0.8,2161.9,11.0
581,Company_581,2018,2747.7,-1.0,4012.6,16.3
581,Company_581,2019,3298.8,2.1,1231.3,20.1
581,Company_581,2020,3743.5,-7.3,6061.5,13.5
581,Company_581,2021,4889.4,-3.5,11916.0,30.6
581,Company_581,2022,6264.8,-10.7,26857.8,28.1
581,Company_581,2023,7543.6,-9.8,18139.2,20.4
581,Company_581,2024,9720.3,-3.9,18557.1,28.9
581,Company_581,2025,11619.0,1.4,2148.2,19.5
582,Company_582,2015,2148.2,21.5,4974.7,
582,Company_582,2016,2236.1,15.2,5063.4,4.1
582,Company_582,2017,2191.0,12.0,5207.3,-2.0
582,Company_582,2018,2304.9,13.2,6949.2,5.2
582,Company_582,2019,2569.0,13.1,4405.8,11.5
582,Company_582,2020,2540.5,14.6,7785.9,-1.1
582,Company_582,2021,2706.2,16.7,11179.9,6.5
582,Company_582,2022,3200.2,18.2,13750.7,18.3
582,Company_582,2023,3387.4,18.7,10008.1,5.8
582,Company_582,2024,3960.4,19.6,11659.9,16.9
582,Company_582,2025,4532.4,19.1,13841.9,14.4
583,Company_583,2015,2930.6,13.2,6657.9,
583,Company_583,2016,3402.9,17.3,11580.9,16.1
583,Company_583,2017,4058.0,18.2,17552.6,19.3
583,Company_583,2018,3701.9,18.8,11604.5,-8.8
583,Company_583,2019,4291.0,18.8,17899.0,15.9
583,Company_583,2020,4825.7,19.6,19883.2,12.5
583,Company_583,2021,4891.8,26.4,23897.2,1.4
583,Company_583,2022,5436.6,21.3,14775.2,11.1
583,Company_583,2023,6845.7,20.9,22823.3,25.9
583,Company_583,2024,7740.6,18.2,28637.9,13.1
583,Company_583,2025,9455.1,17.0,16535.3,22.1
584,Company_584,2015,1874.7,11.4,2761.8,
584,Company_584,2016,2225.0,12.6,5343.2,18.7
584,Company_584,2017,2388.7,10.4,5090.6,7.4
584,Company_584,2018,2509.5,13.9,7502.3,5.1
584,Company_584,2019,2894.2,8.3,4200.0,15.3
584,Company_584,2020,3099.2,12.2,9098.0,7.1
584,Company_584,2021,3368.6,11.8,8718.3,8.7
584,Company_584,2022,4038.0,11.3,8944.5,19.9
584,Company_584,2023,4293.3,10.1,6797.4,6.3
584,Company_584,2024,4897.8,9.1,6945.9,14.1
584,Company_584,2025,5001.4,9.3,8950.4,2.1
585,Company_585,2015,5305.9,11.2,6215.6,
585,Company_585,2016,6014.4,6.2,4416.1,13.4
585,Company_585,2017,6080.6,12.3,6156.5,1.1
585,Company_585,2018,6293.6,14.1,10886.4,3.5
585,Company_585,2019,6754.1,11.2,12896.5,7.3
585,Company_585,2020,7591.3,18.9,15455.7,12.4
585,Company_585,2021,7947.2,16.2,19959.4,4.7
585,Company_585,2022,7889.0,24.1,28212.1,-0.7
585,Company_585,2023,9464.1,26.4,48247.7,20.0
585,Company_585,2024,11302.4,25.7,57107.2,19.4
585,Company_585,2025,12717.0,27.4,41446.7,12.5
586,Company_586,2015,793.6,4.2,361.8,
586,Company_586,2016,682.8,6.1,355.5,-14.0
586,Company_586,2017,726.9,2.8,301.7,6.5
586,Company_586,2018,749.0,-4.7,1064.2,3.0
586,Company_586,2019,772.5,-7.7,966.8,3.1
586,Company_586,2020,792.6,-10.1,2590.9,2.6
586,Company_586,2021,770.6,-12.7,2510.9,-2.8
586,Company_586,2022,793.7,-10.4,2102.3,3.0
586,Company_586,2023,796.3,-10.9,3408.9,0.3
586,Company_586,2024,878.7,-13.4,3322.5,10.3
586,Company_586,2025,988.1,-16.0,1251.0,12.5
587,Company_587,2015,1939.4,11.5,3829.3,
587,Company_587,2016,2273.4,12.8,3672.7,17.2
587,Company_587,2017,2700.0,15.2,6232.7,18.8
587,Company_587,2018,2558.7,18.3,7697.3,-5.2
587,Company_587,2019,2835.0,18.6,8549.6,10.8
587,Company_587,2020,2845.2,20.0,14039.4,0.4
587,Company_587,2021,3239.5,23.7,10764.3,13.9
587,Company_587,2022,3451.2,20.0,15946.6,6.5
587,Company_587,2023,3776.3,21.4,15043.0,9.4
587,Company_587,2024,4132.8,22.6,13580.9,9.4
587,Company_587,2025,4663.1,25.9,28688.9,12.8
588,Company_588,2015,13143.4,16.2,38167.2,
588,Company_588,2016,13452.2,6.8,11083.8,2.3
588,Company_588,2017,14878.6,7.6,11585.8,10.6
588,Company_588,2018,15830.4,13.4,19365.6,6.4
588,Company_588,2019,15898.5,13.0,20593.7,0.4
588,Company_588,2020,12988.0,13.6,30963.0,-18.3
588,Company_588,2021,11795.2,15.8,18044.2,-9.2
588,Company_588,2022,12462.7,23.5,44650.2,5.7
588,Company_588,2023,13116.2,28.0,54479.4,5.2
588,Company_588,2024,13587.5,31.5,39295.3,3.6
588,Company_588,2025,15231.5,28.6,56754.9,12.1
589,Company_589,2015,2754.3,6.9,1769.8,
589,Company_589,2016,2848.9,6.4,2985.2,3.4
589,Company_589,2017,2865.4,11.0,6170.0,0.6
589,Company_589,2018,3234.8,10.4,5363.5,12.9
589,Company_589,2019,3451.2,9.1,5243.5,6.7
589,Company_589,2020,3634.8,8.3,2730.4,5.3
589,Company_589,2021,3594.9,5.3,2938.5,-1.1
589,Company_589,2022,3871.6,2.9,1477.6,7.7
589,Company_589,2023,3982.3,7.0,5484.7,2.9
589,Company_589,2024,3774.9,7.4,3947.4,-5.2
589,Company_589,2025,3808.6,11.7,6694.7,0.9
590,Company_590,2015,2178.3,12.7,2766.2,
590,Company_590,2016,2349.5,14.9,3242.8,7.9
590,Company_590,2017,2432.5,12.4,4697.7,3.5
590,Company_590,2018,2304.0,14.7,6926.8,-5.3
590,Company_590,2019,2453.9,13.7,5070.9,6.5
590,Company_590,2020,2583.0,17.2,8793.7,5.3
590,Company_590,2021,2326.6,21.4,10862.0,-9.9
590,Company_590,2022,2419.9,24.6,10377.7,4.0
590,Company_590,2023,2617.0,24.8,11582.9,8.1
590,Company_590,2024,2702.4,22.2,12549.9,3.3
590,Company_590,2025,2649.3,21.6,10090.7,-2.0
591,Company_591,2015,568.6,-8.3,2683.3,
591,Company_591,2016,698.4,-6.7,836.4,22.8
591,Company_591,2017,836.0,-2.9,1481.6,19.7
591,Company_591,2018,983.2,-4.6,2304.1,17.6
591,Company_591,2019,1083.6,0.3,54.9,10.2
591,Company_591,2020,1217.4,-1.7,4481.6,12.3
591,Company_591,2021,1313.6,-2.0,1605.7,7.9
591,Company_591,2022,1541.5,-1.0,1845.7,17.3
591,Company_591,2023,1699.2,-1.3,3508.4,10.2
591,Company_591,2024,1951.0,-1.1,8809.9,14.8
591,Company_591,2025,2138.3,-0.7,5162.5,9.6
592,Company_592,2015,1462.1,8.9,1213.1,
592,Company_592,2016,1433.0,9.7,1915.0,-2.0
592,Company_592,2017,1553.8,10.5,1879.0,8.4
592,Company_592,2018,1418.8,10.3,1318.0,-8.7
592,Company_592,2019,1420.2,9.7,2063.9,0.1
592,Company_592,2020,1584.8,9.1,1918.4,11.6
592,Company_592,2021,1515.3,7.3,1354.2,-4.4
592,Company_592,2022,1664.8,6.0,1146.4,9.9
592,Company_592,2023,1880.6,7.3,1349.7,13.0
592,Company_592,2024,1931.7,8.4,1461.7,2.7
592,Company_592,2025,1880.2,7.1,1510.8,-2.7
593,Company_593,2015,1640.9,7.0,2086.3,
593,Company_593,2016,1864.7,7.0,1130.9,13.6
593,Company_593,2017,2184.6,11.4,4101.8,17.2
593,Company_593,2018,2587.9,14.6,7646.0,18.5
593,Company_593,2019,2931.5,11.1,6525.5,13.3
593,Company_593,2020,3745.7,11.8,7536.8,27.8
593,Company_593,2021,4939.5,14.3,6219.6,31.9
593,Company_593,2022,5588.4,13.4,10197.6,13.1
593,Company_593,2023,6870.7,12.3,18304.6,22.9
593,Company_593,2024,7314.8,10.9,13381.7,6.5
593,Company_593,2025,7945.7,12.3,8971.5,8.6
594,Company_594,2015,2701.2,10.8,2467.9,
594,Company_594,2016,2288.9,12.8,2360.9,-15.3
594,Company_594,2017,2265.2,14.3,4365.7,-1.0
594,Company_594,2018,2534.2,10.6,2717.4,11.9
594,Company_594,2019,2391.6,13.6,2737.2,-5.6
594,Company_594,2020,2427.3,12.0,3686.4,1.5
594,Company_594,2021,2372.6,11.8,2865.7,-2.3
594,Company_594,2022,2460.4,13.6,3645.5,3.7
594,Company_594,2023,1678.7,10.8,2423.2,-31.8
594,Company_594,2024,1552.8,8.9,1805.9,-7.5
594,Company_594,2025,1557.2,9.4,1962.2,0.3
595,Company_595,2015,2295.7,14.2,4859.5,
595,Company_595,2016,2449.9,14.4,6508.5,6.7
595,Company_595,2017,2720.3,18.1,9480.3,11.0
595,Company_595,2018,3034.0,21.3,8551.9,11.5
595,Company_595,2019,3099.7,19.9,9040.8,2.2
595,Company_595,2020,3034.1,22.0,15263.0,-2.1
595,Company_595,2021,2984.9,24.5,12365.2,-1.6
595,Company_595,2022,3356.2,25.6,20158.3,12.4
595,Company_595,2023,3567.1,27.7,17365.2,6.3
595,Company_595,2024,3621.7,28.1,17075.4,1.5
595,Company_595,2025,3953.5,34.9,33046.3,9.2
596,Company_596,2015,22195.8,19.4,132073.7,
596,Company_596,2016,25570.9,17.5,106007.7,15.2
596,Company_596,2017,31781.8,17.9,191713.2,24.3
596,Company_596,2018,36927.7,14.2,126461.9,16.2
596,Company_596,2019,45189.5,15.2,212044.9,22.4
596,Company_596,2020,57632.4,18.0,197751.3,27.5
596,Company_596,2021,72099.8,17.4,244870.2,25.1
596,Company_596,2022,83443.0,19.8,357755.1,15.7
596,Company_596,2023,91303.1,17.7,324554.5,9.4
596,Company_596,2024,103304.3,17.9,408116.4,13.1
596,Company_596,2025,119460.4,15.3,471228.1,15.6
597,Company_597,2015,791.0,13.1,2291.2,
597,Company_597,2016,773.7,12.5,1839.6,-2.2
597,Company_597,2017,885.7,12.5,1190.5,14.5
597,Company_597,2018,888.9,13.5,2375.3,0.4
597,Company_597,2019,1025.0,13.1,1903.8,15.3
597,Company_597,2020,1043.9,13.4,2988.5,1.8
597,Company_597,2021,1244.6,12.7,2890.8,19.2
597,Company_597,2022,1404.7,11.2,2139.6,12.9
597,Company_597,2023,1405.5,13.7,3944.0,0.1
597,Company_597,2024,1401.2,11.5,3446.3,-0.3
597,Company_597,2025,1704.7,10.1,2208.4,21.7
598,Company_598,2015,1227.1,9.7,1533.9,
598,Company_598,2016,1104.2,9.5,1043.7,-10.0
598,Company_598,2017,1146.5,10.5,1613.7,3.8
598,Company_598,2018,1113.5,12.4,2069.2,-2.9
598,Company_598,2019,1270.1,13.5,1431.8,14.1
598,Company_598,2020,1356.1,16.0,2662.7,6.8
598,Company_598,2021,1249.6,14.8,2538.6,-7.9
598,Company_598,2022,1226.4,14.9,2706.0,-1.9
598,Company_598,2023,1118.6,14.3,1337.3,-8.8
598,Company_598,2024,1267.3,14.5,1811.3,13.3
598,Company_598,2025,1219.5,12.1,2001.2,-3.8
599,Company_599,2015,868.6,-0.9,3623.2,
599,Company_599,2016,825.0,1.7,248.4,-5.0
599,Company_599,2017,642.1,0.3,36.2,-22.2
599,Company_599,2018,606.0,-5.4,2316.1,-5.6
599,Company_599,2019,484.1,-4.4,2110.2,-20.1
599,Company_599,2020,414.3,-3.6,1855.8,-14.4
599,Company_599,2021,332.8,-2.8,1652.0,-19.7
599,Company_599,2022,266.5,-1.8,1236.1,-19.9
599,Company_599,2023,257.6,-0.3,910.6,-3.3
599,Company_599,2024,239.6,0.1,2.0,-7.0
599,Company_599,2025,209.8,3.4,95.1,-12.5
600,Company_600,2015,3598.3,16.3,16976.7,
600,Company_600,2016,4169.2,15.7,22631.6,15.9
600,Company_600,2017,4249.7,12.2,8331.7,1.9
600,Company_600,2018,4196.7,9.9,8390.1,-1.2
600,Company_600,2019,4559.5,12.8,15032.8,8.6
600,Company_600,2020,4661.1,10.0,7694.6,2.2
600,Company_600,2021,5087.4,11.8,20945.1,9.1
600,Company_600,2022,5188.9,8.4,15167.3,2.0
600,Company_600,2023,5535.4,3.6,5008.0,6.7
600,Company_600,2024,6033.8,6.0,12645.4,9.0
600,Company_600,2025,6755.8,8.2,19089.6,12.0
601,Company_601,2015,675.1,9.2,888.3,
601,Company_601,2016,677.6,8.2,1103.8,0.4
601,Company_601,2017,611.5,6.7,559.3,-9.8
601,Company_601,2018,646.5,5.4,647.1,5.7
601,Company_601,2019,650.4,2.7,224.6,0.6
601,Company_601,2020,678.2,2.5,426.4,4.3
601,Company_601,2021,712.1,-0.5,1978.6,5.0
601,Company_601,2022,691.9,-0.8,1738.4,-2.8
601,Company_601,2023,700.2,1.5,249.7,1.2
601,Company_601,2024,757.6,-1.1,1546.4,8.2
601,Company_601,2025,706.0,-2.0,3156.8,-6.8
602,Company_602,2015,6449.8,15.9,35598.6,
602,Company_602,2016,6540.4,13.1,20271.9,1.4
602,Company_602,2017,6930.4,13.3,28751.6,6.0
602,Company_602,2018,6592.1,13.7,24567.2,-4.9
602,Company_602,2019,6811.8,13.4,30347.8,3.3
602,Company_602,2020,7794.7,11.2,15880.9,14.4
602,Company_602,2021,8137.7,11.6,25392.4,4.4
602,Company_602,2022,9251.3,9.9,18292.7,13.7
602,Company_602,2023,9920.2,10.5,21292.9,7.2
602,Company_602,2024,11123.3,8.0,28311.1,12.1
602,Company_602,2025,11698.9,6.1,16387.3,5.2
603,Company_603,2015,823.2,12.1,826.3,
603,Company_603,2016,943.6,12.8,1586.7,14.6
603,Company_603,2017,929.9,9.8,762.1,-1.5
603,Company_603,2018,970.1,9.2,1003.6,4.3
603,Company_603,2019,910.1,9.3,868.1,-6.2
603,Company_603,2020,849.4,11.5,800.5,-6.7
603,Company_603,2021,885.2,12.3,896.9,4.2
603,Company_603,2022,969.5,11.7,1003.9,9.5
603,Company_603,2023,877.3,13.1,1187.8,-9.5
603,Company_603,2024,781.4,12.6,1246.4,-10.9
603,Company_603,2025,752.9,15.2,1651.0,-3.7
604,Company_604,2015,743.5,8.5,704.2,
604,Company_604,2016,700.9,10.7,1358.2,-5.7
604,Company_604,2017,748.6,12.1,1960.3,6.8
604,Company_604,2018,726.5,12.0,1285.5,-3.0
604,Company_604,2019,807.7,16.1,2486.8,11.2
604,Company_604,2020,840.0,19.2,2684.4,4.0
604,Company_604,2021,850.1,18.2,3616.2,1.2
604,Company_604,2022,831.3,15.9,1693.8,-2.2
604,Company_604,2023,943.6,15.0,1812.9,13.5
604,Company_604,2024,923.6,13.2,1370.9,-2.1
604,Company_604,2025,972.5,12.8,2914.2,5.3
605,Company_605,2015,13031.7,15.8,27417.7,
605,Company_605,2016,12708.9,16.7,34041.1,-2.5
605,Company_605,2017,13266.4,23.5,49183.5,4.4
605,Company_605,2018,12806.6,32.3,68456.4,-3.5
605,Company_605,2019,14076.8,37.2,81062.4,9.9
605,Company_605,2020,15441.8,41.2,86127.3,9.7
605,Company_605,2021,14944.1,39.0,86228.8,-3.2
605,Company_605,2022,15235.5,42.6,89525.3,2.0
605,Company_605,2023,13986.1,31.5,50861.1,-8.2
605,Company_605,2024,14070.0,32.3,85604.0,0.6
605,Company_605,2025,12648.6,34.8,71488.6,-10.1
606,Company_606,2015,1158.6,-0.1,2084.8,
606,Company_606,2016,1475.4,-3.1,7169.9,27.3
606,Company_606,2017,1562.2,-4.9,4361.0,5.9
606,Company_606,2018,1781.0,-3.3,3474.8,14.0
606,Company_606,2019,2183.9,0.5,95.9,22.6
606,Company_606,2020,2523.6,-0.6,8119.6,15.6
606,Company_606,2021,3165.4,3.4,2042.7,25.4
606,Company_606,2022,3499.2,3.5,1963.6,10.5
606,Company_606,2023,4612.3,4.6,3664.5,31.8
606,Company_606,2024,4665.0,1.5,711.0,1.1
606,Company_606,2025,5758.4,1.1,959.5,23.4
607,Company_607,2015,16260.7,20.8,37105.0,
607,Company_607,2016,17752.0,21.7,39782.0,9.2
607,Company_607,2017,19606.1,19.7,72696.0,10.4
607,Company_607,2018,21885.2,20.0,64236.9,11.6
607,Company_607,2019,25037.0,23.5,100048.8,14.4
607,Company_607,2020,28391.2,24.6,134652.2,13.4
607,Company_607,2021,35031.7,26.9,201165.6,23.4
607,Company_607,2022,40482.2,26.8,241827.3,15.6
607,Company_607,2023,48335.6,22.6,159279.0,19.4
607,Company_607,2024,52461.9,24.7,284635.6,8.5
607,Company_607,2025,61413.6,24.6,220364.6,17.1
608,Company_608,2015,12433.8,15.6,31129.5,
608,Company_608,2016,12921.8,12.5,26813.4,3.9
608,Company_608,2017,13231.4,13.8,28933.5,2.4
608,Company_608,2018,12278.2,11.9,19915.8,-7.2
608,Company_608,2019,10348.8,12.8,23543.3,-15.7
608,Company_608,2020,9573.0,15.4,19496.1,-7.5
608,Company_608,2021,10059.9,17.0,14328.7,5.1
608,Company_608,2022,9885.4,15.7,19897.2,-1.7
608,Company_608,2023,8911.8,16.7,12553.7,-9.8
608,Company_608,2024,9115.0,19.2,26928.8,2.3
608,Company_608,2025,9153.0,22.8,35644.3,0.4
609,Company_609,2015,4016.5,6.6,3256.0,
609,Company_609,2016,4512.2,2.8,1056.7,12.3
609,Company_609,2017,4351.2,3.9,1677.3,-3.6
609,Company_609,2018,4485.3,6.4,5840.1,3.1
609,Company_609,2019,4888.1,8.4,4627.0,9.0
609,Company_609,2020,5556.3,6.7,3720.9,13.7
609,Company_609,2021,5636.8,6.7,8003.0,1.4
609,Company_609,2022,6181.3,11.1,14381.9,9.7
609,Company_609,2023,6284.8,13.4,17076.9,1.7
609,Company_609,2024,5647.7,17.2,10912.9,-10.1
609,Company_609,2025,6094.2,16.8,18952.1,7.9
610,Company_610,2015,3223.2,31.1,34774.0,
610,Company_610,2016,3781.2,29.8,37542.8,17.3
610,Company_610,2017,4290.7,28.1,28400.1,13.5
610,Company_610,2018,4466.1,26.1,23507.8,4.1
610,Company_610,2019,4963.3,26.2,28518.3,11.1
610,Company_610,2020,5615.6,27.3,32156.8,13.1
610,Company_610,2021,6258.7,25.1,34515.6,11.5
610,Company_610,2022,6071.9,19.9,29528.7,-3.0
610,Company_610,2023,7160.3,20.0,45689.4,17.9
610,Company_610,2024,7386.0,17.8,43303.6,3.2
610,Company_610,2025,7669.6,18.0,40322.7,3.8
611,Company_611,2015,7344.9,19.1,18785.9,
611,Company_611,2016,7844.3,19.1,17621.8,6.8
611,Company_611,2017,9237.1,24.9,40708.1,17.8
611,Company_611,2018,10564.7,24.6,41485.1,14.4
611,Company_611,2019,10253.4,28.2,40889.3,-2.9
611,Company_611,2020,11915.7,22.1,26822.9,16.2
611,Company_611,2021,13613.2,23.4,61701.5,14.2
611,Company_611,2022,15567.0,25.5,63524.6,14.4
611,Company_611,2023,16601.9,23.8,77923.5,6.6
611,Company_611,2024,19818.4,26.7,60146.4,19.4
611,Company_611,2025,22642.5,30.5,115357.9,14.3
612,Company_612,2015,571.4,1.4,111.9,
612,Company_612,2016,591.8,2.2,177.9,3.6
612,Company_612,2017,591.6,4.9,429.7,-0.0
612,Company_612,2018,586.8,4.7,350.3,-0.8
612,Company_612,2019,612.7,2.8,249.9,4.4
612,Company_612,2020,590.4,1.8,95.9,-3.6
612,Company_612,2021,573.8,1.0,87.1,-2.8
612,Company_612,2022,583.1,1.5,89.7,1.6
612,Company_612,2023,717.5,2.4,143.9,23.1
612,Company_612,2024,641.6,4.1,389.4,-10.6
612,Company_612,2025,575.7,5.1,237.8,-10.3
613,Company_613,2015,2899.3,15.6,6288.3,
613,Company_613,2016,2909.8,19.2,12488.0,0.4
613,Company_613,2017,3021.6,21.5,12939.1,3.8
613,Company_613,2018,3108.8,23.3,12768.3,2.9
613,Company_613,2019,2953.5,22.7,16273.9,-5.0
613,Company_613,2020,3235.4,22.1,15469.4,9.5
613,Company_613,2021,3206.5,20.1,14280.4,-0.9
613,Company_613,2022,3823.8,21.7,19805.0,19.3
613,Company_613,2023,4069.4,24.0,20253.9,6.4
613,Company_613,2024,4696.0,24.6,23996.3,15.4
613,Company_613,2025,4774.7,24.3,15545.9,1.7
614,Company_614,2015,3938.6,13.1,6105.9,
614,Company_614,2016,4215.3,11.5,5524.8,7.0
614,Company_614,2017,4203.2,12.2,8569.7,-0.3
614,Company_614,2018,4514.6,11.3,5308.6,7.4
614,Company_614,2019,5029.2,8.1,6379.1,11.4
614,Company_614,2020,5475.1,4.3,2074.7,8.9
614,Company_614,2021,6044.4,4.2,4848.1,10.4
614,Company_614,2022,5862.6,2.0,2326.2,-3.0
614,Company_614,2023,6387.7,1.6,1721.9,9.0
614,Company_614,2024,7213.5,4.2,4867.8,12.9
614,Company_614,2025,7904.7,1.8,2263.2,9.6
615,Company_615,2015,758.8,-4.2,978.1,
615,Company_615,2016,733.5,-1.2,1078.4,-3.3
615,Company_615,2017,808.4,-1.1,875.9,10.2
615,Company_615,2018,862.8,-4.1,2615.7,6.7
615,Company_615,2019,877.1,-3.5,821.6,1.7
615,Company_615,2020,910.7,-5.3,2541.4,3.8
615,Company_615,2021,922.2,-4.9,1983.7,1.3
615,Company_615,2022,988.0,-8.8,1720.5,7.1
615,Company_615,2023,1011.1,-4.2,3984.4,2.3
615,Company_615,2024,1109.9,-12.3,1184.8,9.8
615,Company_615,2025,1136.3,-15.6,1483.1,2.4
616,Company_616,2015,2152.8,3.9,1282.4,
616,Company_616,2016,1765.3,4.2,1625.5,-18.0
616,Company_616,2017,1583.5,2.1,755.6,-10.3
616,Company_616,2018,1294.5,1.0,178.8,-18.2
616,Company_616,2019,1270.1,-0.5,1641.7,-1.9
616,Company_616,2020,1488.0,0.1,14.7,17.2
616,Company_616,2021,1370.6,0.9,215.6,-7.9
616,Company_616,2022,1396.4,1.6,458.8,1.9
616,Company_616,2023,1529.8,1.0,243.4,9.6
616,Company_616,2024,1643.8,2.1,686.4,7.5
616,Company_616,2025,1738.0,3.0,1006.3,5.7
617,Company_617,2015,2055.8,5.0,1932.7,
617,Company_617,2016,2445.3,6.5,1781.1,18.9
617,Company_617,2017,2898.3,3.1,1944.9,18.5
617,Company_617,2018,3200.0,3.7,1467.1,10.4
617,Company_617,2019,3982.8,4.3,1919.0,24.5
617,Company_617,2020,5125.4,1.8,2060.3,28.7
617,Company_617,2021,6030.9,-1.4,14578.1,17.7
617,Company_617,2022,6866.8,-3.7,25557.3,13.9
617,Company_617,2023,7526.2,-8.0,31113.8,9.6
617,Company_617,2024,8717.3,-5.3,23734.6,15.8
617,Company_617,2025,9950.0,-2.8,41331.4,14.1
618,Company_618,2015,1067.9,12.3,1709.2,
618,Company_618,2016,877.7,13.3,1439.5,-17.8
618,Company_618,2017,912.0,15.2,1739.6,3.9
618,Company_618,2018,947.0,15.0,1978.2,3.8
618,Company_618,2019,926.7,18.3,2499.1,-2.1
618,Company_618,2020,811.0,17.6,1478.1,-12.5
618,Company_618,2021,875.8,17.7,2178.1,8.0
618,Company_618,2022,965.4,17.3,1661.6,10.2
618,Company_618,2023,877.1,19.0,2203.1,-9.1
618,Company_618,2024,948.1,22.1,2600.1,8.1
618,Company_618,2025,1065.2,18.7,1623.9,12.4
619,Company_619,2015,998.1,6.7,842.8,
619,Company_619,2016,1136.2,6.3,900.8,13.8
619,Company_619,2017,1016.5,3.6,857.7,-10.5
619,Company_619,2018,967.9,3.7,512.3,-4.8
619,Company_619,2019,1006.7,3.8,640.2,4.0
619,Company_619,2020,1058.5,2.4,369.1,5.1
619,Company_619,2021,1122.3,2.0,435.2,6.0
619,Company_619,2022,1023.5,5.1,711.6,-8.8
619,Company_619,2023,975.7,6.9,1406.9,-4.7
619,Company_619,2024,982.2,8.7,1995.3,0.7
619,Company_619,2025,977.3,9.2,981.2,-0.5
620,Company_620,2015,1424.1,4.9,837.3,
620,Company_620,2016,1590.3,7.2,2180.6,11.7
620,Company_620,2017,1628.7,6.4,1696.3,2.4
620,Company_620,2018,1725.2,5.3,1722.5,5.9
620,Company_620,2019,1904.2,4.3,1753.0,10.4
620,Company_620,2020,2043.4,3.7,954.7,7.3
620,Company_620,2021,2085.2,4.3,1077.8,2.0
620,Company_620,2022,2292.9,5.4,1415.0,10.0
620,Company_620,2023,2697.0,6.0,1683.9,17.6
620,Company_620,2024,3252.7,6.7,4856.2,20.6
620,Company_620,2025,3556.8,8.8,3345.7,9.4
621,Company_621,2015,594.3,6.7,511.5,
621,Company_621,2016,561.0,2.5,132.6,-5.6
621,Company_621,2017,574.0,6.5,332.4,2.3
621,Company_621,2018,514.0,5.8,457.7,-10.5
621,Company_621,2019,418.4,2.7,90.3,-18.6
621,Company_621,2020,439.4,2.4,165.4,5.0
621,Company_621,2021,392.3,4.3,331.7,-10.7
621,Company_621,2022,367.5,6.7,212.0,-6.3
621,Company_621,2023,350.9,3.5,118.5,-4.5
621,Company_621,2024,342.9,7.8,324.5,-2.3
621,Company_621,2025,368.1,13.0,445.7,7.4
622,Company_622,2015,1624.0,3.8,1091.8,
622,Company_622,2016,1747.3,5.0,997.6,7.6
622,Company_622,2017,1486.3,5.3,1297.0,-14.9
622,Company_622,2018,1675.3,5.4,1430.2,12.7
622,Company_622,2019,1535.4,8.0,1643.9,-8.4
622,Company_622,2020,1629.2,8.1,1860.1,6.1
622,Company_622,2021,1591.2,8.8,1809.0,-2.3
622,Company_622,2022,1570.1,10.5,2173.5,-1.3
622,Company_622,2023,1596.2,13.7,2121.5,1.7
622,Company_622,2024,1734.2,15.0,2753.6,8.6
622,Company_622,2025,1726.2,10.1,1787.0,-0.5
623,Company_623,2015,592.8,9.6,1061.9,
623,Company_623,2016,583.4,8.1,597.6,-1.6
623,Company_623,2017,655.4,7.6,1035.8,12.3
623,Company_623,2018,676.9,8.3,1106.7,3.3
623,Company_623,2019,670.3,7.0,770.9,-1.0
623,Company_623,2020,703.8,7.8,972.7,5.0
623,Company_623,2021,835.0,8.6,1291.8,18.6
623,Company_623,2022,867.6,7.9,1137.4,3.9
623,Company_623,2023,965.7,7.4,748.4,11.3
623,Company_623,2024,1013.8,6.2,1464.4,5.0
623,Company_623,2025,1161.1,5.8,835.7,14.5
624,Company_624,2015,1302.7,17.3,4801.8,
624,Company_624,2016,1526.4,17.0,6118.8,17.2
624,Company_624,2017,1583.7,17.5,5798.6,3.8
624,Company_624,2018,1671.1,17.0,2995.0,5.5
624,Company_624,2019,1651.8,13.0,4765.3,-1.2
624,Company_624,2020,1866.2,15.0,3951.6,13.0
624,Company_624,2021,2064.1,17.1,7677.0,10.6
624,Company_624,2022,2105.1,22.2,10092.9,2.0
624,Company_624,2023,2094.9,19.5,6054.3,-0.5
624,Company_624,2024,2254.0,20.7,5616.8,7.6
624,Company_624,2025,2518.7,20.0,10931.4,11.7
625,Company_625,2015,6232.1,-19.0,3192.4,
625,Company_625,2016,6006.3,-14.4,12988.2,-3.6
625,Company_625,2017,5082.5,-9.4,8013.5,-15.4
625,Company_625,2018,5250.6,6.5,4610.4,3.3
625,Company_625,2019,5479.8,7.8,7573.7,4.4
625,Company_625,2020,5129.5,6.4,6389.3,-6.4
625,Company_625,2021,5427.4,1.7,1536.5,5.8
625,Company_625,2022,5672.7,6.3,4780.7,4.5
625,Company_625,2023,6004.3,-4.2,28513.8,5.8
625,Company_625,2024,5478.2,2.9,1527.5,-8.8
625,Company_625,2025,5455.1,3.4,2044.2,-0.4
626,Company_626,2015,3514.5,15.0,7413.8,
626,Company_626,2016,3744.4,14.5,8819.8,6.5
626,Company_626,2017,4385.8,14.2,13347.5,17.1
626,Company_626,2018,4479.7,9.3,9082.8,2.1
626,Company_626,2019,4835.8,12.7,9500.9,7.9
626,Company_626,2020,5343.0,11.3,10252.4,10.5
626,Company_626,2021,5799.4,6.0,6697.2,8.5
626,Company_626,2022,7407.2,3.6,6600.9,27.7
626,Company_626,2023,8707.1,2.5,2525.6,17.5
626,Company_626,2024,9702.6,0.5,439.0,11.4
626,Company_626,2025,10774.6,6.7,16096.9,11.0
627,Company_627,2015,544.1,3.3,277.3,
627,Company_627,2016,576.6,7.2,522.5,6.0
627,Company_627,2017,591.8,10.4,900.7,2.6
627,Company_627,2018,608.9,13.1,998.7,2.9
627,Company_627,2019,597.6,12.3,810.6,-1.9
627,Company_627,2020,622.6,10.9,1341.9,4.2
627,Company_627,2021,642.4,11.7,1387.5,3.2
627,Company_627,2022,682.2,13.1,1528.4,6.2
627,Company_627,2023,707.7,9.2,530.2,3.7
627,Company_627,2024,808.3,11.5,1199.6,14.2
627,Company_627,2025,823.6,15.1,2019.5,1.9
628,Company_628,2015,10106.3,4.1,6674.3,
628,Company_628,2016,9972.5,6.9,12235.0,-1.3
628,Company_628,2017,9641.4,1.6,2816.7,-3.3
628,Company_628,2018,8247.9,2.2,1880.6,-14.5
628,Company_628,2019,7287.0,2.4,2997.7,-11.6
628,Company_628,2020,6172.5,7.1,5404.6,-15.3
628,Company_628,2021,5576.7,8.4,5404.9,-9.7
628,Company_628,2022,4742.1,13.7,7741.8,-15.0
628,Company_628,2023,4360.4,12.6,4894.8,-8.0
628,Company_628,2024,4093.7,16.2,10954.1,-6.1
628,Company_628,2025,4072.9,13.2,10088.6,-0.5
629,Company_629,2015,807.5,6.0,853.1,
629,Company_629,2016,871.6,4.4,609.1,7.9
629,Company_629,2017,999.1,5.3,1038.3,14.6
629,Company_629,2018,1178.9,6.3,1486.5,18.0
629,Company_629,2019,1215.9,8.8,1765.0,3.1
629,Company_629,2020,1420.1,10.1,1669.6,16.8
629,Company_629,2021,1632.1,9.4,2299.7,14.9
629,Company_629,2022,1850.1,9.4,2834.6,13.4
629,Company_629,2023,1866.0,13.4,6132.4,0.9
629,Company_629,2024,2140.4,10.1,3373.5,14.7
629,Company_629,2025,2555.2,12.3,4403.8,19.4
630,Company_630,2015,655.9,15.0,1528.3,
630,Company_630,2016,696.3,10.0,886.7,6.2
630,Company_630,2017,744.6,8.5,1191.4,6.9
630,Company_630,2018,717.8,7.7,714.4,-3.6
630,Company_630,2019,708.3,10.4,1756.9,-1.3
630,Company_630,2020,689.9,10.7,1208.6,-2.6
630,Company_630,2021,717.2,8.2,1260.2,4.0
630,Company_630,2022,743.0,6.6,1115.3,3.6
630,Company_630,2023,721.8,8.8,871.2,-2.9
630,Company_630,2024,706.7,9.4,1639.2,-2.1
630,Company_630,2025,740.8,12.4,2150.2,4.8
631,Company_631,2015,708.3,7.0,558.5,
631,Company_631,2016,683.8,8.1,788.5,-3.5
631,Company_631,2017,684.0,9.2,613.0,0.0
631,Company_631,2018,648.5,6.3,501.6,-5.2
631,Company_631,2019,730.1,7.0,462.7,12.6
631,Company_631,2020,739.3,4.0,375.7,1.3
631,Company_631,2021,842.3,2.0,355.7,13.9
631,Company_631,2022,785.7,4.5,484.6,-6.7
631,Company_631,2023,838.1,6.2,1097.3,6.7
631,Company_631,2024,1094.9,7.1,1444.5,30.6
631,Company_631,2025,1157.2,5.2,568.1,5.7
632,Company_632,2015,2024.2,3.8,1121.1,
632,Company_632,2016,2107.1,6.5,1461.0,4.1
632,Company_632,2017,1906.2,9.5,3027.6,-9.5
632,Company_632,2018,2079.0,5.6,1993.9,9.1
632,Company_632,2019,1796.6,4.0,980.9,-13.6
632,Company_632,2020,1917.1,-1.3,9225.8,6.7
632,Company_632,2021,2102.0,-3.3,6153.9,9.6
632,Company_632,2022,1962.8,-4.7,8815.5,-6.6
632,Company_632,2023,2205.8,-4.9,5787.9,12.4
632,Company_632,2024,2185.3,-5.6,10271.8,-0.9
632,Company_632,2025,2232.6,-5.0,2337.0,2.2
633,Company_633,2015,270.0,11.2,260.8,
633,Company_633,2016,293.5,8.6,223.4,8.7
633,Company_633,2017,264.0,10.3,370.7,-10.0
633,Company_633,2018,255.9,8.8,327.3,-3.1
633,Company_633,2019,285.5,10.0,418.2,11.6
633,Company_633,2020,293.3,9.0,270.8,2.7
633,Company_633,2021,312.6,11.5,439.2,6.6
633,Company_633,2022,344.9,14.5,719.7,10.3
633,Company_633,2023,331.7,12.3,555.0,-3.8
633,Company_633,2024,356.5,11.8,357.4,7.5
633,Company_633,2025,412.1,12.1,575.1,15.6
634,Company_634,2015,1316.6,18.7,3223.9,
634,Company_634,2016,1487.1,16.3,2638.0,12.9
634,Company_634,2017,1777.1,18.5,4347.0,19.5
634,Company_634,2018,1541.0,22.2,4933.4,-13.3
634,Company_634,2019,1433.2,20.8,6821.7,-7.0
634,Company_634,2020,1548.3,22.4,8124.4,8.0
634,Company_634,2021,1622.3,25.3,5903.0,4.8
634,Company_634,2022,1634.1,26.5,7807.4,0.7
634,Company_634,2023,1769.5,28.1,7566.4,8.3
634,Company_634,2024,1623.6,25.4,9394.2,-8.2
634,Company_634,2025,1595.4,26.4,8025.8,-1.7
635,Company_635,2015,922.2,4.5,569.6,
635,Company_635,2016,880.7,2.9,219.6,-4.5
635,Company_635,2017,823.0,1.1,127.5,-6.6
635,Company_635,2018,801.4,-0.2,2928.4,-2.6
635,Company_635,2019,730.7,-2.1,873.2,-8.8
635,Company_635,2020,749.8,-4.5,2367.7,2.6
635,Company_635,2021,808.7,-3.0,4007.4,7.9
635,Company_635,2022,768.4,-2.7,2838.6,-5.0
635,Company_635,2023,811.2,-0.7,2398.8,5.6
635,Company_635,2024,891.0,4.0,446.9,9.8
635,Company_635,2025,870.1,3.1,246.8,-2.3
636,Company_636,2015,860.6,-1.8,1894.6,
636,Company_636,2016,792.7,-4.3,1365.2,-7.9
636,Company_636,2017,897.4,-4.9,1161.4,13.2
636,Company_636,2018,934.2,-6.2,3880.6,4.1
636,Company_636,2019,995.2,-5.3,1464.0,6.5
636,Company_636,2020,1038.5,-6.2,3460.7,4.4
636,Company_636,2021,1069.3,-5.0,2327.8,3.0
636,Company_636,2022,1080.3,-3.2,1006.1,1.0
636,Company_636,2023,1131.3,-1.2,1738.8,4.7
636,Company_636,2024,1106.3,0.4,81.9,-2.2
636,Company_636,2025,1138.3,-3.5,2622.3,2.9
637,Company_637,2015,534.8,10.9,557.6,
637,Company_637,2016,626.3,10.8,770.7,17.1
637,Company_637,2017,602.9,11.5,610.2,-3.7
637,Company_637,2018,646.1,11.4,975.2,7.2
637,Company_637,2019,661.5,11.5,1071.8,2.4
637,Company_637,2020,760.5,14.9,1353.2,15.0
637,Company_637,2021,748.6,14.1,1168.9,-1.6
637,Company_637,2022,820.5,14.7,1452.7,9.6
637,Company_637,2023,973.1,13.7,1663.2,18.6
637,Company_637,2024,1058.4,14.0,1765.1,8.8
637,Company_637,2025,1192.4,12.9,1606.9,12.7
638,Company_638,2015,3568.6,14.9,10817.8,
638,Company_638,2016,4062.3,13.6,10926.0,13.8
638,Company_638,2017,4566.0,15.2,14603.8,12.4
638,Company_638,2018,4568.9,16.1,15567.7,0.1
638,Company_638,2019,5102.4,17.4,10139.7,11.7
638,Company_638,2020,5866.3,16.8,17687.5,15.0
638,Company_638,2021,6421.3,19.1,18167.3,9.5
638,Company_638,2022,7104.8,20.1,17590.0,10.6
638,Company_638,2023,7506.2,19.3,22004.1,5.7
638,Company_638,2024,8091.0,17.1,26379.6,7.8
638,Company_638,2025,10604.8,20.0,42129.2,31.1
639,Company_639,2015,970.9,10.1,2058.9,
639,Company_639,2016,980.0,9.3,2114.8,0.9
639,Company_639,2017,1136.8,8.8,2228.0,16.0
639,Company_639,2018,1047.8,7.2,1266.2,-7.8
639,Company_639,2019,1285.0,-0.3,1560.2,22.6
639,Company_639,2020,1312.0,-1.9,3419.2,2.1
639,Company_639,2021,1512.9,-3.1,5762.2,15.3
639,Company_639,2022,1744.5,-3.6,3124.6,15.3
639,Company_639,2023,2059.7,-2.9,7884.4,18.1
639,Company_639,2024,2528.9,-0.7,4274.1,22.8
639,Company_639,2025,2788.2,-0.0,2530.4,10.3
640,Company_640,2015,15335.6,7.0,12149.7,
640,Company_640,2016,15841.7,4.8,14696.5,3.3
640,Company_640,2017,15207.6,6.9,9965.6,-4.0
640,Company_640,2018,15383.9,7.9,22929.5,1.2
640,Company_640,2019,15715.2,10.3,30756.7,2.2
640,Company_640,2020,19674.8,12.9,40539.2,25.2
640,Company_640,2021,20278.9,13.3,43053.2,3.1
640,Company_640,2022,21386.9,12.5,38647.2,5.5
640,Company_640,2023,20857.1,12.5,32349.0,-2.5
640,Company_640,2024,22027.0,14.0,33959.0,5.6
640,Company_640,2025,21627.6,14.9,59943.4,-1.8
641,Company_641,2015,499.7,10.8,1187.2,
641,Company_641,2016,488.4,7.7,487.1,-2.3
641,Company_641,2017,549.2,10.3,997.1,12.5
641,Company_641,2018,604.4,11.1,1087.7,10.1
641,Company_641,2019,644.6,12.6,784.7,6.6
641,Company_641,2020,772.5,13.2,1565.0,19.8
641,Company_641,2021,874.9,17.4,3102.0,13.3
641,Company_641,2022,957.5,15.0,2499.1,9.4
641,Company_641,2023,979.4,18.9,1529.3,2.3
641,Company_641,2024,1106.9,19.0,3861.3,13.0
641,Company_641,2025,1163.4,18.3,2009.3,5.1
642,Company_642,2015,2121.5,3.2,834.9,
642,Company_642,2016,2090.2,2.2,542.6,-1.5
642,Company_642,2017,2287.6,4.2,1416.9,9.4
642,Company_642,2018,2533.4,6.4,2567.4,10.7
642,Company_642,2019,2188.2,6.0,3058.5,-13.6
642,Company_642,2020,2395.9,4.2,1543.0,9.5
642,Company_642,2021,2137.9,4.6,2039.2,-10.8
642,Company_642,2022,1964.6,7.7,2240.6,-8.1
642,Company_642,2023,1896.3,8.1,2606.3,-3.5
642,Company_642,2024,1814.8,6.7,2641.6,-4.3
642,Company_642,2025,1619.5,5.8,1293.9,-10.8
643,Company_643,2015,14608.1,0.7,1372.5,
643,Company_643,2016,15460.7,0.7,2127.0,5.8
643,Company_643,2017,15700.4,3.5,10989.9,1.6
643,Company_643,2018,17044.9,5.5,15618.5,8.6
643,Company_643,2019,17229.2,8.3,28100.7,1.1
643,Company_643,2020,17488.4,7.6,26564.7,1.5
643,Company_643,2021,17001.0,9.8,20937.8,-2.8
643,Company_643,2022,16205.3,9.3,24169.4,-4.7
643,Company_643,2023,17672.5,2.8,7322.3,9.1
643,Company_643,2024,18101.9,0.9,3528.0,2.4
643,Company_643,2025,16492.3,-0.8,47716.7,-8.9
644,Company_644,2015,1143.2,6.0,926.0,
644,Company_644,2016,1031.9,11.0,1993.9,-9.7
644,Company_644,2017,1114.4,11.8,1242.2,8.0
644,Company_644,2018,1334.3,11.8,2656.4,19.7
644,Company_644,2019,1360.0,13.8,2039.3,1.9
644,Company_644,2020,1280.0,15.3,3585.8,-5.9
644,Company_644,2021,1402.9,18.2,5061.2,9.6
644,Company_644,2022,1523.1,16.6,3048.9,8.6
644,Company_644,2023,1395.0,13.2,1498.9,-8.4
644,Company_644,2024,1574.7,9.8,1968.2,12.9
644,Company_644,2025,1680.7,7.7,1512.0,6.7
645,Company_645,2015,13929.0,13.2,30056.6,
645,Company_645,2016,14963.5,8.7,13203.8,7.4
645,Company_645,2017,15053.1,6.3,7616.1,0.6
645,Company_645,2018,14511.3,3.5,8280.8,-3.6
645,Company_645,2019,14365.6,3.2,8300.6,-1.0
645,Company_645,2020,15528.2,7.0,8890.8,8.1
645,Company_645,2021,16372.5,9.3,18548.9,5.4
645,Company_645,2022,17782.8,9.5,26461.9,8.6
645,Company_645,2023,18044.3,6.2,20903.9,1.5
645,Company_645,2024,17539.8,6.3,9490.7,-2.8
645,Company_645,2025,18672.2,13.0,29909.9,6.5
646,Company_646,2015,46160.7,-5.3,46132.5,
646,Company_646,2016,47017.5,-6.7,112607.0,1.9
646,Company_646,2017,56726.5,-2.5,279577.5,20.6
646,Company_646,2018,68193.4,4.8,64943.7,20.2
646,Company_646,2019,73892.8,7.1,49971.6,8.4
646,Company_646,2020,78101.7,11.9,79013.8,5.7
646,Company_646,2021,86045.3,13.4,186857.7,10.2
646,Company_646,2022,88672.6,6.0,75729.7,3.1
646,Company_646,2023,101403.9,7.3,147180.2,14.4
646,Company_646,2024,116015.7,11.6,210231.9,14.4
646,Company_646,2025,134253.3,11.6,300465.1,15.7
647,Company_647,2015,15830.0,10.5,31342.1,
647,Company_647,2016,13513.5,3.6,6287.2,-14.6
647,Company_647,2017,14084.4,-3.2,30541.7,4.2
647,Company_647,2018,12590.4,-0.5,50434.2,-10.6
647,Company_647,2019,10735.2,-0.3,38370.6,-14.7
647,Company_647,2020,8762.6,1.5,2484.4,-18.4
647,Company_647,2021,8446.4,-4.5,38665.0,-3.6
647,Company_647,2022,7401.2,0.1,50.8,-12.4
647,Company_647,2023,6555.7,-1.3,17444.5,-11.4
647,Company_647,2024,6034.1,-1.3,23799.7,-8.0
647,Company_647,2025,5405.8,-4.2,16091.5,-10.4
648,Company_648,2015,303.8,7.8,267.0,
648,Company_648,2016,277.3,8.7,297.6,-8.7
648,Company_648,2017,280.2,9.0,297.1,1.1
648,Company_648,2018,279.2,8.5,246.2,-0.4
648,Company_648,2019,285.0,7.7,249.9,2.1
648,Company_648,2020,264.2,6.9,257.1,-7.3
648,Company_648,2021,283.8,6.2,162.1,7.4
648,Company_648,2022,264.6,7.1,163.2,-6.8
648,Company_648,2023,304.8,8.3,319.5,15.2
648,Company_648,2024,306.0,10.8,271.8,0.4
648,Company_648,2025,332.1,11.2,389.6,8.5
649,Company_649,2015,8164.5,11.5,13183.4,
649,Company_649,2016,8344.1,11.4,14345.7,2.2
649,Company_649,2017,9121.0,8.9,9203.1,9.3
649,Company_649,2018,9751.0,6.1,6436.1,6.9
649,Company_649,2019,10495.5,6.9,10651.6,7.6
649,Company_649,2020,11842.0,5.6,8249.6,12.8
649,Company_649,2021,11825.4,6.8,12286.9,-0.1
649,Company_649,2022,11632.0,6.4,12458.9,-1.6
649,Company_649,2023,13413.5,7.2,18102.4,15.3
649,Company_649,2024,14660.6,4.9,10719.9,9.3
649,Company_649,2025,16331.7,3.8,8345.7,11.4
650,Company_650,2015,2928.0,16.4,6022.3,
650,Company_650,2016,3002.6,18.0,12997.0,2.5
650,Company_650,2017,3207.5,18.5,10778.2,6.8
650,Company_650,2018,3014.3,20.8,14690.5,-6.0
650,Company_650,2019,3290.9,22.5,18474.4,9.2
650,Company_650,2020,3185.5,26.3,19950.2,-3.2
650,Company_650,2021,3182.9,29.4,13420.6,-0.1
650,Company_650,2022,2940.8,29.2,10022.8,-7.6
650,Company_650,2023,2997.2,29.5,11382.9,1.9
650,Company_650,2024,2803.2,27.5,13791.3,-6.5
650,Company_650,2025,2996.5,27.3,16525.3,6.9
651,Company_651,2015,26012.1,25.2,82842.0,
651,Company_651,2016,22870.6,28.3,128043.4,-12.1
651,Company_651,2017,21097.3,21.9,74761.5,-7.8
651,Company_651,2018,21510.7,26.0,92147.4,2.0
651,Company_651,2019,21882.3,23.5,65743.0,1.7
651,Company_651,2020,21505.2,22.5,45306.0,-1.7
651,Company_651,2021,20711.8,21.8,61791.5,-3.7
651,Company_651,2022,19671.8,27.9,91593.9,-5.0
651,Company_651,2023,19084.5,20.9,42253.4,-3.0
651,Company_651,2024,15949.4,14.9,19033.0,-16.4
651,Company_651,2025,13587.0,19.8,34993.9,-14.8
652,Company_652,2015,2953.4,19.6,9244.3,
652,Company_652,2016,3123.1,23.6,13713.7,5.7
652,Company_652,2017,3073.4,26.8,15717.7,-1.6
652,Company_652,2018,3509.7,27.4,17483.6,14.2
652,Company_652,2019,3826.0,23.0,8571.5,9.0
652,Company_652,2020,4233.9,23.9,13293.7,10.7
652,Company_652,2021,4778.6,26.0,10487.9,12.9
652,Company_652,2022,5479.2,24.6,25492.7,14.7
652,Company_652,2023,5626.5,21.8,18246.6,2.7
652,Company_652,2024,5807.1,19.3,18927.8,3.2
652,Company_652,2025,6030.1,16.8,8534.3,3.8
653,Company_653,2015,135.6,10.5,222.8,
653,Company_653,2016,134.1,4.4,70.5,-1.1
653,Company_653,2017,119.2,4.2,79.8,-11.1
653,Company_653,2018,92.4,2.0,35.8,-22.5
653,Company_653,2019,82.2,6.3,100.5,-11.1
653,Company_653,2020,76.2,13.1,131.9,-7.3
653,Company_653,2021,68.9,24.3,314.5,-9.6
653,Company_653,2022,58.4,18.8,207.3,-15.3
653,Company_653,2023,51.9,18.5,163.5,-11.1
653,Company_653,2024,42.5,27.5,169.5,-18.2
653,Company_653,2025,35.9,29.5,103.3,-15.6
654,Company_654,2015,3075.8,19.0,7781.5,
654,Company_654,2016,2948.3,21.8,11207.5,-4.1
654,Company_654,2017,2532.2,23.7,8054.6,-14.1
654,Company_654,2018,2414.2,31.7,7956.1,-4.7
654,Company_654,2019,2354.1,20.7,4529.5,-2.5
654,Company_654,2020,2033.6,15.0,4419.4,-13.6
654,Company_654,2021,1943.8,4.0,800.5,-4.4
654,Company_654,2022,1787.5,-0.7,6025.0,-8.0
654,Company_654,2023,1496.5,3.6,664.8,-16.3
654,Company_654,2024,1473.8,2.6,452.9,-1.5
654,Company_654,2025,1441.7,5.4,1182.8,-2.2
655,Company_655,2015,1959.9,23.6,6703.5,
655,Company_655,2016,2209.4,23.0,10011.2,12.7
655,Company_655,2017,2641.6,24.9,8649.6,19.6
655,Company_655,2018,2869.5,23.5,11484.4,8.6
655,Company_655,2019,2893.7,26.3,10353.1,0.8
655,Company_655,2020,2927.3,27.4,11082.1,1.2
655,Company_655,2021,3275.0,21.4,6137.3,11.9
655,Company_655,2022,3698.8,21.3,13300.0,12.9
655,Company_655,2023,4140.6,20.6,13841.5,11.9
655,Company_655,2024,4183.3,19.2,13796.7,1.0
655,Company_655,2025,4569.2,20.0,14780.4,9.2
656,Company_656,2015,1457.5,12.9,2385.0,
656,Company_656,2016,1407.6,13.4,3331.0,-3.4
656,Company_656,2017,1312.4,16.6,2276.4,-6.8
656,Company_656,2018,1376.8,13.0,3463.7,4.9
656,Company_656,2019,1544.0,15.9,2465.1,12.1
656,Company_656,2020,1608.6,12.1,2836.8,4.2
656,Company_656,2021,1828.4,12.9,1970.5,13.7
656,Company_656,2022,1848.1,12.3,1961.0,1.1
656,Company_656,2023,1727.4,9.1,2987.4,-6.5
656,Company_656,2024,1731.4,8.4,1843.9,0.2
656,Company_656,2025,1873.1,7.9,1924.1,8.2
657,Company_657,2015,350.2,16.7,473.6,
657,Company_657,2016,405.5,14.9,788.5,15.8
657,Company_657,2017,415.4,18.4,1563.8,2.4
657,Company_657,2018,425.5,15.5,858.8,2.4
657,Company_657,2019,465.6,12.2,648.2,9.4
657,Company_657,2020,440.1,8.5,625.8,-5.5
657,Company_657,2021,456.7,6.6,269.8,3.8
657,Company_657,2022,481.6,5.9,229.6,5.4
657,Company_657,2023,505.0,1.4,65.8,4.9
657,Company_657,2024,486.9,-2.0,630.8,-3.6
657,Company_657,2025,492.6,-4.6,2366.7,1.2
658,Company_658,2015,1792.6,11.6,2978.3,
658,Company_658,2016,1745.8,11.9,2162.1,-2.6
658,Company_658,2017,1856.4,12.4,2137.1,6.3
658,Company_658,2018,1940.5,14.2,4067.3,4.5
658,Company_658,2019,2171.7,13.7,3086.2,11.9
658,Company_658,2020,2071.8,13.9,2753.1,-4.6
658,Company_658,2021,2442.5,15.1,3099.6,17.9
658,Company_658,2022,2556.7,17.1,5930.2,4.7
658,Company_658,2023,2888.8,13.7,3335.5,13.0
658,Company_658,2024,3004.1,14.8,4795.3,4.0
658,Company_658,2025,3433.2,13.2,4562.5,14.3
659,Company_659,2015,3833.4,17.6,12883.9,
659,Company_659,2016,3635.1,17.2,14654.5,-5.2
659,Company_659,2017,3584.2,18.9,14952.4,-1.4
659,Company_659,2018,3925.3,20.7,24660.9,9.5
659,Company_659,2019,4471.7,19.9,29138.1,13.9
659,Company_659,2020,5320.3,19.9,22013.8,19.0
659,Company_659,2021,6382.9,22.5,50007.5,20.0
659,Company_659,2022,6788.4,24.3,33455.0,6.4
659,Company_659,2023,7130.5,28.4,38276.5,5.0
659,Company_659,2024,8101.6,29.2,63793.9,13.6
659,Company_659,2025,8177.9,33.0,78802.9,0.9
660,Company_660,2015,1897.4,17.4,6707.3,
660,Company_660,2016,1950.0,15.0,6215.5,2.8
660,Company_660,2017,2011.5,16.2,5037.4,3.2
660,Company_660,2018,2224.6,16.3,5021.4,10.6
660,Company_660,2019,2412.0,13.6,6774.5,8.4
660,Company_660,2020,2530.6,13.6,6606.9,4.9
660,Company_660,2021,2607.0,16.4,8459.4,3.0
660,Company_660,2022,2515.3,18.4,5969.6,-3.5
660,Company_660,2023,2871.2,20.3,8786.9,14.2
660,Company_660,2024,3208.3,19.5,7082.2,11.7
660,Company_660,2025,3396.3,21.2,14109.3,5.9
661,Company_661,2015,1697.8,6.7,1619.6,
661,Company_661,2016,1813.6,6.0,1657.6,6.8
661,Company_661,2017,1866.3,6.7,2933.3,2.9
661,Company_661,2018,1874.5,6.8,2160.4,0.4
661,Company_661,2019,1935.7,8.6,3444.6,3.3
661,Company_661,2020,1973.8,10.5,2625.1,2.0
661,Company_661,2021,1930.3,9.5,2542.2,-2.2
661,Company_661,2022,2011.7,10.8,3003.1,4.2
661,Company_661,2023,1878.2,8.3,3651.5,-6.6
661,Company_661,2024,1891.5,7.9,1939.3,0.7
661,Company_661,2025,1973.9,10.2,4889.2,4.4
662,Company_662,2015,12460.3,5.2,9256.4,
662,Company_662,2016,13128.1,0.5,594.3,5.4
662,Company_662,2017,13184.1,-1.2,25418.7,0.4
662,Company_662,2018,14254.0,0.1,130.7,8.1
662,Company_662,2019,16190.4,0.5,914.4,13.6
662,Company_662,2020,18114.3,-0.3,65397.3,11.9
662,Company_662,2021,18539.5,-0.9,89156.0,2.3
662,Company_662,2022,18705.6,-0.4,37330.5,0.9
662,Company_662,2023,21109.5,-0.9,10710.9,12.9
662,Company_662,2024,20181.4,-0.0,57621.6,-4.4
662,Company_662,2025,21719.8,-1.3,21150.9,7.6
663,Company_663,2015,8939.0,17.1,12845.0,
663,Company_663,2016,10340.4,13.9,16715.7,15.7
663,Company_663,2017,13016.6,12.6,22618.3,25.9
663,Company_663,2018,13494.8,13.1,26766.8,3.7
663,Company_663,2019,14510.2,11.4,20883.4,7.5
663,Company_663,2020,16579.2,10.3,31117.8,14.3
663,Company_663,2021,18298.9,14.4,42802.3,10.4
663,Company_663,2022,18480.5,17.8,48901.3,1.0
663,Company_663,2023,20470.2,16.6,64520.4,10.8
663,Company_663,2024,21631.2,17.5,71833.6,5.7
663,Company_663,2025,24586.2,21.6,77634.9,13.7
664,Company_664,2015,8022.3,12.3,12764.0,
664,Company_664,2016,8605.4,12.0,12756.6,7.3
664,Company_664,2017,8332.3,11.6,11284.6,-3.2
664,Company_664,2018,7864.6,12.8,14378.9,-5.6
664,Company_664,2019,7151.4,13.2,9870.9,-9.1
664,Company_664,2020,7198.7,13.9,15462.3,0.7
664,Company_664,2021,7274.2,16.4,20577.7,1.0
664,Company_664,2022,6950.0,17.8,12107.4,-4.5
664,Company_664,2023,7774.0,18.5,26353.2,11.9
664,Company_664,2024,7897.3,15.2,18434.3,1.6
664,Company_664,2025,7642.8,16.3,17831.4,-3.2
665,Company_665,2015,6200.5,12.0,18197.4,
665,Company_665,2016,6815.9,11.2,16339.0,9.9
665,Company_665,2017,7473.8,14.9,24078.1,9.7
665,Company_665,2018,7796.7,15.3,31148.5,4.3
665,Company_665,2019,8115.6,15.7,36843.2,4.1
665,Company_665,2020,7351.6,17.2,37797.6,-9.4
665,Company_665,2021,7943.4,17.3,41116.9,8.1
665,Company_665,2022,9340.4,16.9,42806.0,17.6
665,Company_665,2023,10127.6,19.0,52892.4,8.4
665,Company_665,2024,11691.3,14.7,31566.1,15.4
665,Company_665,2025,11384.2,16.3,53652.1,-2.6
666,Company_666,2015,5664.9,11.9,10262.7,
666,Company_666,2016,6261.1,13.1,11692.6,10.5
666,Company_666,2017,6891.9,9.8,10256.8,10.1
666,Company_666,2018,6292.0,10.5,9862.0,-8.7
666,Company_666,2019,6397.0,9.8,11262.0,1.7
666,Company_666,2020,6372.8,7.9,7259.8,-0.4
666,Company_666,2021,7136.4,8.5,11951.8,12.0
666,Company_666,2022,7714.4,6.3,9479.8,8.1
666,Company_666,2023,7584.1,9.5,10447.6,-1.7
666,Company_666,2024,8056.8,8.2,6494.4,6.2
666,Company_666,2025,7614.6,9.0,13315.1,-5.5
667,Company_667,2015,1195.0,7.8,1880.7,
667,Company_667,2016,1203.6,5.7,1283.2,0.7
667,Company_667,2017,952.5,1.4,292.8,-20.9
667,Company_667,2018,1147.2,0.7,116.1,20.4
667,Company_667,2019,1170.4,1.1,266.9,2.0
667,Company_667,2020,1344.1,3.1,953.6,14.8
667,Company_667,2021,1396.9,4.6,1213.9,3.9
667,Company_667,2022,1491.6,3.9,958.0,6.8
667,Company_667,2023,1547.6,3.7,892.1,3.8
667,Company_667,2024,1565.3,1.9,458.4,1.1
667,Company_667,2025,1665.2,1.6,354.2,6.4
668,Company_668,2015,1792.5,8.8,2750.3,
668,Company_668,2016,1902.7,8.7,2452.3,6.1
668,Company_668,2017,2276.2,9.6,3907.9,19.6
668,Company_668,2018,2690.6,8.4,4219.7,18.2
668,Company_668,2019,2945.7,10.3,6717.4,9.5
668,Company_668,2020,3309.7,11.4,5511.2,12.4
668,Company_668,2021,3450.7,12.6,10816.4,4.3
668,Company_668,2022,3977.8,12.5,9789.8,15.3
668,Company_668,2023,4605.4,11.3,5329.6,15.8
668,Company_668,2024,5871.3,11.5,14701.8,27.5
668,Company_668,2025,6691.6,13.3,19768.5,14.0
669,Company_669,2015,653.9,9.7,846.5,
669,Company_669,2016,616.7,9.9,715.5,-5.7
669,Company_669,2017,632.7,10.7,1483.5,2.6
669,Company_669,2018,624.2,12.1,1465.3,-1.4
669,Company_669,2019,525.2,14.6,1292.8,-15.9
669,Company_669,2020,499.0,12.6,1294.2,-5.0
669,Company_669,2021,575.7,12.9,1228.7,15.4
669,Company_669,2022,535.3,13.8,1650.9,-7.0
669,Company_669,2023,572.8,15.0,947.7,7.0
669,Company_669,2024,539.7,16.6,2081.6,-5.8
669,Company_669,2025,431.5,15.0,1004.2,-20.1
670,Company_670,2015,28141.6,24.6,209373.5,
670,Company_670,2016,25523.0,23.1,131714.2,-9.3
670,Company_670,2017,24029.0,28.1,210128.2,-5.9
670,Company_670,2018,25960.0,29.1,126138.4,8.0
670,Company_670,2019,28189.9,26.6,154583.8,8.6
670,Company_670,2020,27888.0,25.2,191534.9,-1.1
670,Company_670,2021,26830.7,28.2,149303.6,-3.8
670,Company_670,2022,25977.3,29.2,185555.2,-3.2
670,Company_670,2023,27272.1,29.1,252167.4,5.0
670,Company_670,2024,28354.3,30.0,291395.3,4.0
670,Company_670,2025,25759.0,24.8,206573.8,-9.2
671,Company_671,2015,6584.2,20.6,23043.9,
671,Company_671,2016,7786.9,15.6,42275.0,18.3
671,Company_671,2017,8460.5,18.6,37664.5,8.7
671,Company_671,2018,9076.8,18.9,26966.2,7.3
671,Company_671,2019,9705.8,14.2,29217.0,6.9
671,Company_671,2020,10975.5,13.6,39923.7,13.1
671,Company_671,2021,12472.5,13.5,48879.6,13.6
671,Company_671,2022,14819.8,13.4,45574.5,18.8
671,Company_671,2023,15994.8,13.7,60648.0,7.9
671,Company_671,2024,16723.1,16.9,98257.9,4.6
671,Company_671,2025,19454.9,17.2,72743.4,16.3
672,Company_672,2015,5480.0,7.1,5435.1,
672,Company_672,2016,5860.4,6.4,5836.4,6.9
672,Company_672,2017,6609.1,4.7,4438.0,12.8
672,Company_672,2018,7603.5,0.8,1179.8,15.0
672,Company_672,2019,8003.3,0.4,401.6,5.3
672,Company_672,2020,7851.0,-1.2,25405.2,-1.9
672,Company_672,2021,8812.9,2.2,1603.6,12.3
672,Company_672,2022,10229.8,1.8,1652.4,16.1
672,Company_672,2023,10823.4,-0.3,32961.5,5.8
672,Company_672,2024,12445.1,2.7,4739.7,15.0
672,Company_672,2025,14134.9,0.6,1389.5,13.6
673,Company_673,2015,1583.5,12.3,1978.1,
673,Company_673,2016,1737.2,10.9,4437.7,9.7
673,Company_673,2017,1850.4,7.1,3225.5,6.5
673,Company_673,2018,2109.6,13.3,5496.6,14.0
673,Company_673,2019,2111.4,11.4,4146.3,0.1
673,Company_673,2020,2211.6,9.8,3086.3,4.7
673,Company_673,2021,2036.7,12.1,5530.3,-7.9
673,Company_673,2022,2364.2,9.1,3291.3,16.1
673,Company_673,2023,2327.2,9.4,2407.6,-1.6
673,Company_673,2024,2320.5,7.8,3634.0,-0.3
673,Company_673,2025,2465.1,6.8,2949.8,6.2
674,Company_674,2015,1056.0,12.1,1892.1,
674,Company_674,2016,1092.0,9.4,1490.4,3.4
674,Company_674,2017,1152.3,9.7,1218.6,5.5
674,Company_674,2018,1045.3,10.6,1306.6,-9.3
674,Company_674,2019,1068.1,8.5,1470.4,2.2
674,Company_674,2020,1134.2,12.4,1859.0,6.2
674,Company_674,2021,1106.1,14.0,2429.9,-2.5
674,Company_674,2022,1234.7,15.7,2078.3,11.6
674,Company_674,2023,1201.6,15.5,3440.6,-2.7
674,Company_674,2024,1231.9,18.7,4148.0,2.5
674,Company_674,2025,1203.1,20.3,4423.9,-2.3
675,Company_675,2015,1640.4,-1.0,6538.0,
675,Company_675,2016,1757.4,0.9,253.9,7.1
675,Company_675,2017,1936.0,1.0,322.0,10.2
675,Company_675,2018,2291.8,-3.9,2282.9,18.4
675,Company_675,2019,2348.7,0.4,146.5,2.5
675,Company_675,2020,2569.6,3.1,742.9,9.4
675,Company_675,2021,2577.2,7.1,3565.6,0.3
675,Company_675,2022,2818.2,1.9,548.6,9.3
675,Company_675,2023,2736.4,2.6,1399.3,-2.9
675,Company_675,2024,2601.0,0.4,110.0,-4.9
675,Company_675,2025,2790.4,3.3,962.6,7.3
676,Company_676,2015,1096.3,-7.7,665.0,
676,Company_676,2016,956.3,-4.7,3921.3,-12.8
676,Company_676,2017,896.6,-2.9,2512.8,-6.2
676,Company_676,2018,884.3,-3.2,4124.3,-1.4
676,Company_676,2019,694.4,-6.0,1942.6,-21.5
676,Company_676,2020,732.0,-0.5,1433.1,5.4
676,Company_676,2021,795.0,0.5,47.3,8.6
676,Company_676,2022,834.9,0.2,20.7,5.0
676,Company_676,2023,748.4,3.3,429.1,-10.4
676,Company_676,2024,720.5,2.5,336.3,-3.7
676,Company_676,2025,660.8,0.4,19.8,-8.3
677,Company_677,2015,3683.2,8.2,3220.5,
677,Company_677,2016,3451.5,10.7,4506.6,-6.3
677,Company_677,2017,3266.6,10.2,3451.3,-5.4
677,Company_677,2018,3172.0,9.7,3126.1,-2.9
677,Company_677,2019,3337.6,7.3,3363.8,5.2
677,Company_677,2020,3078.1,10.2,3634.5,-7.8
677,Company_677,2021,3267.3,12.4,4114.6,6.1
677,Company_677,2022,3665.9,13.2,6307.7,12.2
677,Company_677,2023,4107.1,14.9,9055.8,12.0
677,Company_677,2024,3913.2,14.3,6750.7,-4.7
677,Company_677,2025,4226.4,11.6,3946.8,8.0
678,Company_678,2015,1161.1,6.5,910.6,
678,Company_678,2016,1443.3,5.3,999.0,24.3
678,Company_678,2017,1792.3,3.5,1274.3,24.2
678,Company_678,2018,1911.0,2.0,798.8,6.6
678,Company_678,2019,2149.2,1.9,917.8,12.5
678,Company_678,2020,2647.5,0.5,183.6,23.2
678,Company_678,2021,3100.5,0.8,642.7,17.1
678,Company_678,2022,3600.5,-0.4,14229.4,16.1
678,Company_678,2023,3947.1,0.9,821.7,9.6
678,Company_678,2024,4782.3,1.2,740.2,21.2
678,Company_678,2025,4851.3,-0.7,6252.0,1.4
679,Company_679,2015,677.0,4.3,381.9,
679,Company_679,2016,771.9,2.9,257.3,14.0
679,Company_679,2017,727.0,2.9,346.0,-5.8
679,Company_679,2018,785.3,4.4,628.1,8.0
679,Company_679,2019,765.6,5.4,674.1,-2.5
679,Company_679,2020,823.4,5.1,602.3,7.5
679,Company_679,2021,938.8,4.0,644.5,14.0
679,Company_679,2022,941.5,5.9,645.4,0.3
679,Company_679,2023,1077.7,5.6,901.0,14.5
679,Company_679,2024,1112.6,6.3,736.6,3.2
679,Company_679,2025,1150.2,6.7,931.7,3.4
680,Company_680,2015,2487.4,18.9,8327.6,
680,Company_680,2016,2920.9,19.6,8046.9,17.4
680,Company_680,2017,3160.9,19.7,12952.2,8.2
680,Company_680,2018,3446.7,22.4,17573.8,9.0
680,Company_680,2019,3118.2,24.6,13647.2,-9.5
680,Company_680,2020,3313.4,22.3,16294.7,6.3
680,Company_680,2021,3780.6,24.2,14041.1,14.1
680,Company_680,2022,4059.4,26.7,16692.6,7.4
680,Company_680,2023,4577.3,25.3,13256.7,12.8
680,Company_680,2024,4903.0,23.5,24256.3,7.1
680,Company_680,2025,4976.8,22.7,15025.2,1.5
681,Company_681,2015,1553.1,13.1,3222.6,
681,Company_681,2016,1661.6,14.0,3608.6,7.0
681,Company_681,2017,2074.4,18.5,6058.0,24.8
681,Company_681,2018,2108.3,18.1,5353.1,1.6
681,Company_681,2019,2395.2,17.7,5324.5,13.6
681,Company_681,2020,2368.6,19.8,7837.7,-1.1
681,Company_681,2021,2495.9,21.0,11008.6,5.4
681,Company_681,2022,2438.0,22.9,11622.2,-2.3
681,Company_681,2023,2640.6,21.0,9810.0,8.3
681,Company_681,2024,2707.2,17.5,7928.0,2.5
681,Company_681,2025,3100.3,16.3,6585.6,14.5
682,Company_682,2015,5004.1,18.4,17909.9,
682,Company_682,2016,5179.6,16.2,22153.0,3.5
682,Company_682,2017,5640.1,17.0,28197.6,8.9
682,Company_682,2018,6460.7,16.6,19568.9,14.5
682,Company_682,2019,6475.1,16.6,36324.6,0.2
682,Company_682,2020,5898.2,15.5,23695.2,-8.9
682,Company_682,2021,7280.6,16.0,18761.2,23.4
682,Company_682,2022,8121.9,14.1,19014.6,11.6
682,Company_682,2023,9213.4,14.7,30047.7,13.4
682,Company_682,2024,9648.8,18.5,51587.0,4.7
682,Company_682,2025,8909.8,20.1,30737.5,-7.7
683,Company_683,2015,624.3,16.3,1575.6,
683,Company_683,2016,704.9,12.3,1043.7,12.9
683,Company_683,2017,708.4,10.1,1512.6,0.5
683,Company_683,2018,694.9,8.7,1167.1,-1.9
683,Company_683,2019,825.5,7.6,1168.0,18.8
683,Company_683,2020,987.6,8.7,947.3,19.6
683,Company_683,2021,1059.2,8.1,1204.2,7.2
683,Company_683,2022,1112.4,5.2,534.7,5.0
683,Company_683,2023,1165.3,6.2,1041.2,4.8
683,Company_683,2024,1412.2,4.0,792.2,21.2
683,Company_683,2025,1616.0,1.3,438.5,14.4
684,Company_684,2015,939.7,15.6,1607.6,
684,Company_684,2016,956.4,16.8,1957.6,1.8
684,Company_684,2017,1023.2,17.6,2261.9,7.0
684,Company_684,2018,1113.5,18.4,3533.8,8.8
684,Company_684,2019,1218.5,16.2,2908.3,9.4
684,Company_684,2020,1280.7,15.4,1632.0,5.1
684,Company_684,2021,1298.9,16.1,3014.0,1.4
684,Company_684,2022,1456.1,14.7,2898.0,12.1
684,Company_684,2023,1544.5,13.0,3570.3,6.1
684,Company_684,2024,1657.2,15.2,4314.4,7.3
684,Company_684,2025,1801.3,14.1,2511.8,8.7
685,Company_685,2015,3521.4,14.3,7457.7,
685,Company_685,2016,3963.6,-0.2,16766.7,12.6
685,Company_685,2017,4440.8,-2.2,18516.6,12.0
685,Company_685,2018,5885.6,0.1,116.0,32.5
685,Company_685,2019,6307.3,-11.5,5587.4,7.2
685,Company_685,2020,7268.1,-13.8,5381.4,15.2
685,Company_685,2021,7637.6,-11.8,13682.8,5.1
685,Company_685,2022,8360.8,-7.6,10365.4,9.5
685,Company_685,2023,10138.5,-8.1,13214.8,21.3
685,Company_685,2024,12323.3,-10.5,31687.8,21.5
685,Company_685,2025,13754.1,-16.7,49790.7,11.6
686,Company_686,2015,675.3,1.2,119.0,
686,Company_686,2016,619.4,3.5,422.0,-8.3
686,Company_686,2017,490.0,4.1,350.5,-20.9
686,Company_686,2018,502.3,1.0,39.3,2.5
686,Company_686,2019,448.5,-0.4,596.1,-10.7
686,Company_686,2020,409.7,0.6,37.5,-8.7
686,Company_686,2021,394.7,-2.2,1925.2,-3.7
686,Company_686,2022,450.7,-3.2,419.4,14.2
686,Company_686,2023,376.7,-6.5,1618.5,-16.4
686,Company_686,2024,351.2,-6.1,248.2,-6.8
686,Company_686,2025,350.0,-1.1,719.6,-0.4
687,Company_687,2015,3061.5,3.7,1318.1,
687,Company_687,2016,3497.8,5.1,4335.5,14.3
687,Company_687,2017,4212.9,2.7,1524.3,20.4
687,Company_687,2018,5247.7,3.5,3926.7,24.6
687,Company_687,2019,5679.1,3.6,5080.0,8.2
687,Company_687,2020,6350.2,2.3,2088.8,11.8
687,Company_687,2021,6678.7,1.0,866.1,5.2
687,Company_687,2022,7626.1,1.2,1830.9,14.2
687,Company_687,2023,7899.9,2.0,3010.0,3.6
687,Company_687,2024,8473.7,2.1,4125.4,7.3
687,Company_687,2025,9088.5,0.0,56.0,7.3
688,Company_688,2015,693.3,10.4,1491.6,
688,Company_688,2016,785.2,15.2,2244.9,13.2
688,Company_688,2017,1045.9,18.5,2947.1,33.2
688,Company_688,2018,1173.5,19.1,5858.4,12.2
688,Company_688,2019,1388.3,18.8,5006.3,18.3
688,Company_688,2020,1521.3,17.0,6539.6,9.6
688,Company_688,2021,1986.5,18.0,12185.2,30.6
688,Company_688,2022,2306.6,15.7,5623.1,16.1
688,Company_688,2023,2406.7,17.0,12261.1,4.3
688,Company_688,2024,2767.7,11.9,5979.2,15.0
688,Company_688,2025,3467.4,12.2,7887.1,25.3
689,Company_689,2015,1000.0,15.8,2731.0,
689,Company_689,2016,966.0,16.1,2418.7,-3.4
689,Company_689,2017,941.9,14.0,2352.1,-2.5
689,Company_689,2018,960.3,15.0,2735.5,2.0
689,Company_689,2019,1097.6,14.0,2238.9,14.3
689,Company_689,2020,1130.9,9.4,885.7,3.0
689,Company_689,2021,1270.0,9.3,1404.7,12.3
689,Company_689,2022,1428.2,8.3,2276.4,12.5
689,Company_689,2023,1551.0,3.5,935.8,8.6
689,Company_689,2024,1759.8,6.7,1671.1,13.5
689,Company_689,2025,1822.3,9.3,1828.7,3.5
690,Company_690,2015,2744.1,13.4,4767.9,
690,Company_690,2016,2929.4,14.3,3562.9,6.8
690,Company_690,2017,3081.8,18.1,4569.6,5.2
690,Company_690,2018,3053.2,17.9,9725.5,-0.9
690,Company_690,2019,3256.2,13.7,4457.7,6.7
690,Company_690,2020,3219.4,13.9,8681.2,-1.1
690,Company_690,2021,3445.2,15.6,9996.7,7.0
690,Company_690,2022,3469.6,10.9,4090.0,0.7
690,Company_690,2023,3528.3,9.7,5236.5,1.7
690,Company_690,2024,3952.4,10.3,4898.2,12.0
690,Company_690,2025,4073.9,12.9,7164.3,3.1
691,Company_691,2015,2721.8,15.6,6196.2,
691,Company_691,2016,3304.9,13.1,4792.4,21.4
691,Company_691,2017,3602.4,16.4,10531.8,9.0
691,Company_691,2018,3923.5,15.1,7336.6,8.9
691,Company_691,2019,4150.3,14.4,6342.2,5.8
691,Company_691,2020,4770.4,14.5,7341.4,14.9
691,Company_691,2021,5407.5,15.3,20172.8,13.4
691,Company_691,2022,6071.5,16.8,22267.5,12.3
691,Company_691,2023,6313.2,17.9,23387.8,4.0
691,Company_691,2024,7168.2,18.5,16119.7,13.5
691,Company_691,2025,7986.6,17.2,15634.1,11.4
692,Company_692,2015,817.8,8.3,937.5,
692,Company_692,2016,956.3,10.3,1074.6,16.9
692,Company_692,2017,1005.0,9.8,1690.6,5.1
692,Company_692,2018,1195.5,4.3,978.3,18.9
692,Company_692,2019,1346.4,3.6,577.7,12.6
692,Company_692,2020,1475.2,6.4,1314.9,9.6
692,Company_692,2021,1645.9,4.4,1764.0,11.6
692,Company_692,2022,1986.8,0.5,181.9,20.7
692,Company_692,2023,2164.6,-1.9,9310.9,9.0
692,Company_692,2024,2389.7,-2.7,8081.2,10.4
692,Company_692,2025,2820.5,1.6,654.5,18.0
693,Company_693,2015,509.0,2.5,132.7,
693,Company_693,2016,563.0,-2.0,1695.0,10.6
693,Company_693,2017,544.9,0.6,71.4,-3.2
693,Company_693,2018,562.1,1.1,127.4,3.2
693,Company_693,2019,577.4,1.9,211.7,2.7
693,Company_693,2020,693.7,4.3,684.9,20.1
693,Company_693,2021,805.9,2.8,360.1,16.2
693,Company_693,2022,704.2,2.4,361.5,-12.6
693,Company_693,2023,604.5,1.6,215.3,-14.2
693,Company_693,2024,653.0,1.7,144.7,8.0
693,Company_693,2025,709.8,1.2,108.9,8.7
694,Company_694,2015,1815.2,11.2,3933.5,
694,Company_694,2016,2077.7,8.9,4573.4,14.5
694,Company_694,2017,2679.1,6.9,2911.9,28.9
694,Company_694,2018,3008.4,6.4,3280.3,12.3
694,Company_694,2019,2994.0,5.7,2875.1,-0.5
694,Company_694,2020,3310.8,5.9,4429.2,10.6
694,Company_694,2021,3882.6,7.1,6507.3,17.3
694,Company_694,2022,4775.2,9.2,10654.4,23.0
694,Company_694,2023,5067.4,11.5,6276.1,6.1
694,Company_694,2024,5875.4,13.3,14285.5,15.9
694,Company_694,2025,6571.9,11.4,11217.6,11.9
695,Company_695,2015,653.5,11.8,1609.2,
695,Company_695,2016,679.4,12.3,1786.8,4.0
695,Company_695,2017,750.3,11.4,1230.6,10.4
695,Company_695,2018,716.1,9.0,545.7,-4.6
695,Company_695,2019,744.1,6.7,895.8,3.9
695,Company_695,2020,867.7,7.7,812.7,16.6
695,Company_695,2021,873.0,8.6,1047.7,0.6
695,Company_695,2022,881.9,8.5,624.5,1.0
695,Company_695,2023,843.1,6.3,623.1,-4.4
695,Company_695,2024,814.5,7.7,1335.1,-3.4
695,Company_695,2025,834.7,4.7,475.4,2.5
696,Company_696,2015,1621.5,13.8,5604.0,
696,Company_696,2016,1773.6,13.5,5412.6,9.4
696,Company_696,2017,2195.4,13.1,5666.9,23.8
696,Company_696,2018,2427.3,11.3,5302.9,10.6
696,Company_696,2019,2552.0,10.8,6850.1,5.1
696,Company_696,2020,3057.4,13.8,7033.2,19.8
696,Company_696,2021,3288.0,14.5,9450.3,7.5
696,Company_696,2022,3584.6,14.9,13117.9,9.0
696,Company_696,2023,4001.8,13.0,9461.6,11.6
696,Company_696,2024,3630.2,12.8,10472.8,-9.3
696,Company_696,2025,3939.9,13.3,5933.4,8.5
697,Company_697,2015,1933.6,10.0,2131.2,
697,Company_697,2016,2032.8,11.2,3933.1,5.1
697,Company_697,2017,2112.0,12.2,5692.2,3.9
697,Company_697,2018,2188.5,6.0,3177.2,3.6
697,Company_697,2019,2118.0,9.2,2516.9,-3.2
697,Company_697,2020,2044.0,7.8,2057.6,-3.5
697,Company_697,2021,1959.3,9.1,1890.6,-4.1
697,Company_697,2022,2168.3,6.1,1564.1,10.7
697,Company_697,2023,1988.6,5.7,1357.1,-8.3
697,Company_697,2024,2200.7,5.8,1690.3,10.7
697,Company_697,2025,2102.3,6.6,3153.0,-4.5
698,Company_698,2015,3175.4,2.0,1493.4,
698,Company_698,2016,2928.0,2.4,745.6,-7.8
698,Company_698,2017,3030.3,1.4,1070.6,3.5
698,Company_698,2018,2911.9,1.4,654.3,-3.9
698,Company_698,2019,2966.7,5.0,3695.3,1.9
698,Company_698,2020,3155.9,5.9,3254.7,6.4
698,Company_698,2021,3147.2,5.8,2891.1,-0.3
698,Company_698,2022,2953.1,6.4,3332.0,-6.2
698,Company_698,2023,2934.9,6.5,4435.3,-0.6
698,Company_698,2024,2809.5,3.9,2103.5,-4.3
698,Company_698,2025,2719.7,3.6,1796.2,-3.2
699,Company_699,2015,600.2,2.3,169.8,
699,Company_699,2016,592.6,4.0,329.7,-1.3
699,Company_699,2017,661.7,-0.4,2559.2,11.7
699,Company_699,2018,603.8,-2.7,616.9,-8.7
699,Company_699,2019,660.9,-5.1,3184.9,9.5
699,Company_699,2020,675.3,-3.1,2814.1,2.2
699,Company_699,2021,704.9,-5.0,1380.0,4.4
699,Company_699,2022,768.9,-8.1,613.7,9.1
699,Company_699,2023,809.1,-9.1,1150.3,5.2
699,Company_699,2024,840.2,-12.0,923.4,3.8
699,Company_699,2025,845.0,-8.5,1751.1,0.6
700,Company_700,2015,7161.7,11.3,24526.8,
700,Company_700,2016,7881.1,12.0,22780.0,10.0
700,Company_700,2017,8574.1,18.5,28672.1,8.8
700,Company_700,2018,9364.4,19.8,55851.0,9.2
700,Company_700,2019,11018.5,20.2,64329.9,17.7
700,Company_700,2020,12646.1,23.3,77584.5,14.8
700,Company_700,2021,14189.6,21.4,54268.1,12.2
700,Company_700,2022,15671.3,23.9,90574.1,10.4
700,Company_700,2023,16737.0,24.5,80831.2,6.8
700,Company_700,2024,16665.2,22.1,112203.9,-0.4
700,Company_700,2025,18422.8,17.9,84897.5,10.5
701,Company_701,2015,256.2,-7.6,1067.8,
701,Company_701,2016,249.1,-5.0,800.0,-2.8
701,Company_701,2017,237.7,-3.5,1165.5,-4.6
701,Company_701,2018,235.4,-2.7,655.8,-1.0
701,Company_701,2019,210.9,-2.7,339.5,-10.4
701,Company_701,2020,211.0,-1.6,351.8,0.0
701,Company_701,2021,204.5,1.7,31.7,-3.1
701,Company_701,2022,173.2,2.9,57.2,-15.3
701,Company_701,2023,167.8,3.0,75.5,-3.1
701,Company_701,2024,157.7,-0.3,407.6,-6.0
701,Company_701,2025,170.0,0.7,19.9,7.8
702,Company_702,2015,2662.7,10.2,2327.3,
702,Company_702,2016,2671.0,11.9,4786.4,0.3
702,Company_702,2017,2645.6,11.0,5205.9,-0.9
702,Company_702,2018,2663.0,9.9,2567.7,0.7
702,Company_702,2019,2925.8,10.9,2649.8,9.9
702,Company_702,2020,3382.2,6.4,3365.4,15.6
702,Company_702,2021,3300.3,11.9,7477.1,-2.4
702,Company_702,2022,3341.1,6.0,2536.6,1.2
702,Company_702,2023,3011.3,6.2,1760.2,-9.9
702,Company_702,2024,3017.7,10.4,5385.4,0.2
702,Company_702,2025,2702.9,8.2,2800.3,-10.4
703,Company_703,2015,604.4,9.1,1235.8,
703,Company_703,2016,643.2,8.7,615.8,6.4
703,Company_703,2017,673.7,8.6,1391.9,4.7
703,Company_703,2018,738.0,10.4,1709.1,9.5
703,Company_703,2019,759.0,12.5,1170.1,2.9
703,Company_703,2020,794.5,14.4,1885.0,4.7
703,Company_703,2021,864.9,13.5,2539.5,8.9
703,Company_703,2022,932.3,9.8,2261.0,7.8
703,Company_703,2023,786.2,10.0,1129.5,-15.7
703,Company_703,2024,798.6,9.6,843.4,1.6
703,Company_703,2025,835.0,10.5,997.0,4.6
704,Company_704,2015,621.1,10.4,815.2,
704,Company_704,2016,567.2,11.5,728.9,-8.7
704,Company_704,2017,535.4,10.6,485.1,-5.6
704,Company_704,2018,509.8,11.2,563.3,-4.8
704,Company_704,2019,491.4,11.6,501.7,-3.6
704,Company_704,2020,522.1,13.3,1013.5,6.3
704,Company_704,2021,525.1,14.2,1110.5,0.6
704,Company_704,2022,580.1,12.4,961.2,10.5
704,Company_704,2023,656.7,11.1,623.3,13.2
704,Company_704,2024,718.0,12.3,780.3,9.3
704,Company_704,2025,709.7,14.4,1434.1,-1.2
705,Company_705,2015,1172.6,19.1,5257.6,
705,Company_705,2016,1086.5,18.8,4592.8,-7.3
705,Company_705,2017,1219.6,21.2,5718.9,12.3
705,Company_705,2018,1297.0,20.6,3227.1,6.3
705,Company_705,2019,1552.6,20.8,5086.8,19.7
705,Company_705,2020,1842.9,18.7,8496.8,18.7
705,Company_705,2021,2300.2,19.3,4805.9,24.8
705,Company_705,2022,2473.9,15.5,5347.0,7.5
705,Company_705,2023,2604.0,15.3,6701.0,5.3
705,Company_705,2024,2925.2,14.4,7099.6,12.3
705,Company_705,2025,3301.0,16.2,12716.8,12.8
706,Company_706,2015,3900.9,10.3,7011.3,
706,Company_706,2016,4722.5,11.3,6355.9,21.1
706,Company_706,2017,5148.7,12.7,15531.1,9.0
706,Company_706,2018,5404.3,11.1,10615.9,5.0
706,Company_706,2019,5576.6,10.5,10875.6,3.2
706,Company_706,2020,6679.8,11.5,16508.1,19.8
706,Company_706,2021,7709.9,14.5,13619.4,15.4
706,Company_706,2022,8667.4,12.3,14895.6,12.4
706,Company_706,2023,9343.4,12.9,24338.5,7.8
706,Company_706,2024,9825.8,15.0,36232.4,5.2
706,Company_706,2025,10314.8,15.6,16377.1,5.0
707,Company_707,2015,1413.8,7.7,1313.7,
707,Company_707,2016,1532.4,8.0,1029.4,8.4
707,Company_707,2017,1670.8,6.3,1484.8,9.0
707,Company_707,2018,1599.7,6.0,1395.7,-4.3
707,Company_707,2019,1691.1,7.7,1624.2,5.7
707,Company_707,2020,1871.1,3.8,998.8,10.6
707,Company_707,2021,1995.5,2.7,660.4,6.6
707,Company_707,2022,1898.6,3.8,1055.1,-4.9
707,Company_707,2023,1881.6,5.9,1621.4,-0.9
707,Company_707,2024,1929.9,7.7,1627.6,2.6
707,Company_707,2025,2038.2,4.1,917.4,5.6
708,Company_708,2015,708.6,7.9,864.5,
708,Company_708,2016,719.9,9.0,754.5,1.6
708,Company_708,2017,759.3,9.1,1088.3,5.5
708,Company_708,2018,733.4,10.0,1208.4,-3.4
708,Company_708,2019,697.8,11.5,1740.3,-4.9
708,Company_708,2020,772.9,13.4,1961.3,10.8
708,Company_708,2021,669.8,13.0,2143.8,-13.3
708,Company_708,2022,611.5,13.7,986.1,-8.7
708,Company_708,2023,673.5,14.9,1651.1,10.1
708,Company_708,2024,679.5,13.4,1261.3,0.9
708,Company_708,2025,639.8,13.0,1721.2,-5.9
709,Company_709,2015,5270.5,17.6,16881.9,
709,Company_709,2016,5158.7,17.2,16362.8,-2.1
709,Company_709,2017,5325.9,17.4,8710.8,3.2
709,Company_709,2018,6005.0,18.0,11943.1,12.8
709,Company_709,2019,6413.8,19.0,19256.8,6.8
709,Company_709,2020,6350.2,17.4,9263.6,-1.0
709,Company_709,2021,6333.8,18.3,21848.8,-0.3
709,Company_709,2022,7001.6,19.9,20258.0,10.5
709,Company_709,2023,7380.9,20.5,29324.7,5.4
709,Company_709,2024,7564.2,20.2,19480.3,2.5
709,Company_709,2025,8986.6,18.2,28238.6,18.8
710,Company_710,2015,3100.8,6.7,2821.4,
710,Company_710,2016,3251.9,8.6,2790.5,4.9
710,Company_710,2017,3226.9,11.2,5881.0,-0.8
710,Company_710,2018,3448.7,13.9,10407.0,6.9
710,Company_710,2019,3923.0,14.4,5790.0,13.8
710,Company_710,2020,4058.2,14.8,11366.7,3.4
710,Company_710,2021,4322.4,14.5,5610.7,6.5
710,Company_710,2022,3675.8,12.5,7960.5,-15.0
710,Company_710,2023,3830.2,9.6,3058.9,4.2
710,Company_710,2024,3457.8,10.2,5645.5,-9.7
710,Company_710,2025,3731.9,12.0,3662.9,7.9
711,Company_711,2015,3757.7,10.3,4171.0,
711,Company_711,2016,3829.0,13.4,9143.2,1.9
711,Company_711,2017,4070.3,11.4,10019.2,6.3
711,Company_711,2018,4060.2,10.6,4624.9,-0.2
711,Company_711,2019,3955.0,7.3,6630.6,-2.6
711,Company_711,2020,4055.0,9.1,5080.8,2.5
711,Company_711,2021,4502.4,11.4,5249.3,11.0
711,Company_711,2022,4448.4,11.3,8427.8,-1.2
711,Company_711,2023,3560.2,11.2,4912.1,-20.0
711,Company_711,2024,3898.0,10.0,8358.3,9.5
711,Company_711,2025,4091.6,7.8,7317.1,5.0
712,Company_712,2015,2566.6,13.2,4689.1,
712,Company_712,2016,2806.0,16.8,11787.7,9.3
712,Company_712,2017,2679.1,17.0,5040.2,-4.5
712,Company_712,2018,3021.3,15.8,5793.0,12.8
712,Company_712,2019,3253.8,20.6,10649.0,7.7
712,Company_712,2020,3514.1,18.7,12882.7,8.0
712,Company_712,2021,3824.1,19.7,16504.7,8.8
712,Company_712,2022,3854.2,17.8,12860.6,0.8
712,Company_712,2023,3655.8,21.9,17526.8,-5.1
712,Company_712,2024,3732.2,26.6,11413.2,2.1
712,Company_712,2025,4173.7,24.7,13086.8,11.8
713,Company_713,2015,3709.8,3.9,1793.1,
713,Company_713,2016,3609.0,2.3,769.6,-2.7
713,Company_713,2017,3285.2,4.1,2153.2,-9.0
713,Company_713,2018,3145.4,-1.3,8217.6,-4.3
713,Company_713,2019,2733.4,-3.1,4620.6,-13.1
713,Company_713,2020,2403.0,-9.9,9202.4,-12.1
713,Company_713,2021,2069.0,-12.0,1213.6,-13.9
713,Company_713,2022,1971.3,-16.8,1724.5,-4.7
713,Company_713,2023,1879.0,-20.0,4001.2,-4.7
713,Company_713,2024,2002.8,-11.9,4001.9,6.6
713,Company_713,2025,1794.8,-5.8,8035.3,-10.4
714,Company_714,2015,343.4,7.0,421.7,
714,Company_714,2016,296.6,8.0,388.8,-13.7
714,Company_714,2017,256.4,13.3,482.4,-13.5
714,Company_714,2018,241.7,13.7,406.6,-5.7
714,Company_714,2019,229.0,12.7,376.5,-5.3
714,Company_714,2020,195.0,7.6,195.4,-14.9
714,Company_714,2021,203.1,9.5,199.7,4.2
714,Company_714,2022,219.1,9.3,354.7,7.9
714,Company_714,2023,173.2,7.5,115.6,-20.9
714,Company_714,2024,152.1,10.6,187.6,-12.2
714,Company_714,2025,131.4,12.5,182.2,-13.6
715,Company_715,2015,2416.9,23.0,11869.4,
715,Company_715,2016,2381.3,22.3,18534.2,-1.5
715,Company_715,2017,2645.1,23.7,9828.2,11.1
715,Company_715,2018,3000.0,23.0,11313.3,13.4
715,Company_715,2019,3254.3,19.1,9822.2,8.5
715,Company_715,2020,3655.8,19.3,19870.4,12.3
715,Company_715,2021,3516.5,19.0,15843.1,-3.8
715,Company_715,2022,3517.9,21.6,23772.2,0.0
715,Company_715,2023,3865.4,29.3,34989.2,9.9
715,Company_715,2024,4642.1,31.3,48029.1,20.1
715,Company_715,2025,4688.2,26.4,38828.0,1.0
716,Company_716,2015,311.2,6.6,469.7,
716,Company_716,2016,298.7,7.9,537.4,-4.0
716,Company_716,2017,304.3,6.4,371.5,1.8
716,Company_716,2018,303.6,6.6,464.0,-0.2
716,Company_716,2019,336.6,5.4,313.1,10.9
716,Company_716,2020,318.8,4.7,215.5,-5.3
716,Company_716,2021,340.8,5.3,347.7,6.9
716,Company_716,2022,348.1,5.1,287.4,2.1
716,Company_716,2023,321.4,0.1,7.4,-7.7
716,Company_716,2024,371.3,-1.6,736.9,15.5
716,Company_716,2025,389.9,0.4,22.2,5.0
717,Company_717,2015,5608.5,13.0,13522.3,
717,Company_717,2016,6858.9,16.3,19092.7,22.3
717,Company_717,2017,7745.1,23.2,24386.7,12.9
717,Company_717,2018,9138.4,16.7,26541.4,18.0
717,Company_717,2019,9802.4,32.6,61453.8,7.3
717,Company_717,2020,12376.7,26.7,44431.5,26.3
717,Company_717,2021,14339.6,32.9,73560.9,15.9
717,Company_717,2022,16740.2,43.1,124067.5,16.7
717,Company_717,2023,19346.6,42.7,101461.0,15.6
717,Company_717,2024,24236.2,48.6,188051.1,25.3
717,Company_717,2025,24550.0,50.0,219723.9,1.3
718,Company_718,2015,1161.4,18.7,3896.7,
718,Company_718,2016,1277.8,23.6,4336.9,10.0
718,Company_718,2017,1582.8,24.2,4564.9,23.9
718,Company_718,2018,1588.4,25.8,6565.7,0.4
718,Company_718,2019,1626.5,25.0,7147.9,2.4
718,Company_718,2020,1672.1,23.4,5108.3,2.8
718,Company_718,2021,1679.5,22.5,4657.2,0.4
718,Company_718,2022,1575.7,23.0,6526.0,-6.2
718,Company_718,2023,1629.6,24.6,8227.6,3.4
718,Company_718,2024,1585.9,23.1,7732.9,-2.7
718,Company_718,2025,1532.1,25.4,6829.1,-3.4
719,Company_719,2015,441.6,7.2,784.9,
719,Company_719,2016,470.7,7.7,722.1,6.6
719,Company_719,2017,485.2,6.8,645.9,3.1
719,Company_719,2018,549.9,8.8,921.0,13.3
719,Company_719,2019,635.2,6.1,615.5,15.5
719,Company_719,2020,657.6,7.6,851.6,3.5
719,Company_719,2021,742.7,4.9,823.5,13.0
719,Company_719,2022,756.1,4.6,672.7,1.8
719,Company_719,2023,877.2,2.8,397.9,16.0
719,Company_719,2024,913.4,2.3,342.4,4.1
719,Company_719,2025,853.3,2.8,312.8,-6.6
720,Company_720,2015,7026.6,4.3,2610.7,
720,Company_720,2016,7492.4,3.9,4020.3,6.6
720,Company_720,2017,8411.1,1.1,898.7,12.3
720,Company_720,2018,8750.9,6.5,5863.3,4.0
720,Company_720,2019,9290.6,9.1,12235.6,6.2
720,Company_720,2020,9624.0,10.1,15815.8,3.6
720,Company_720,2021,10611.1,15.1,24211.7,10.3
720,Company_720,2022,11796.7,12.9,17814.8,11.2
720,Company_720,2023,11981.7,16.8,32312.3,1.6
720,Company_720,2024,12898.0,16.4,25826.3,7.6
720,Company_720,2025,14775.2,18.9,28934.8,14.6
721,Company_721,2015,632.9,4.2,533.1,
721,Company_721,2016,658.7,2.5,285.2,4.1
721,Company_721,2017,686.3,3.6,531.5,4.2
721,Company_721,2018,706.0,2.4,295.8,2.9
721,Company_721,2019,616.4,9.0,730.2,-12.7
721,Company_721,2020,623.6,10.8,1366.1,1.2
721,Company_721,2021,675.4,11.2,1494.9,8.3
721,Company_721,2022,676.2,14.5,1678.8,0.1
721,Company_721,2023,773.4,18.4,2766.5,14.4
721,Company_721,2024,782.1,19.0,2809.2,1.1
721,Company_721,2025,771.4,20.4,2534.1,-1.4
722,Company_722,2015,1207.8,17.0,4442.9,
722,Company_722,2016,1532.7,13.5,4204.4,26.9
722,Company_722,2017,1862.5,11.8,2904.3,21.5
722,Company_722,2018,2087.5,11.4,3983.9,12.1
722,Company_722,2019,2612.8,9.7,4943.5,25.2
722,Company_722,2020,2905.6,8.6,3177.8,11.2
722,Company_722,2021,2895.7,8.6,5284.7,-0.3
722,Company_722,2022,3566.4,7.7,6438.1,23.2
722,Company_722,2023,3815.7,7.4,3893.8,7.0
722,Company_722,2024,4318.4,12.9,11641.5,13.2
722,Company_722,2025,5365.9,13.4,16521.2,24.3
723,Company_723,2015,4964.3,16.6,10171.9,
723,Company_723,2016,5176.0,18.6,11118.7,4.3
723,Company_723,2017,6087.4,17.6,22485.7,17.6
723,Company_723,2018,6317.3,16.4,18132.4,3.8
723,Company_723,2019,6796.1,16.9,19151.3,7.6
723,Company_723,2020,7951.0,18.4,14745.1,17.0
723,Company_723,2021,9209.9,14.7,27872.4,15.8
723,Company_723,2022,9847.5,16.9,35200.5,6.9
723,Company_723,2023,11593.2,16.4,37633.0,17.7
723,Company_723,2024,13421.7,13.8,28909.3,15.8
723,Company_723,2025,15963.6,13.0,24604.3,18.9
724,Company_724,2015,242.8,4.0,107.6,
724,Company_724,2016,241.2,4.5,267.2,-0.7
724,Company_724,2017,243.2,5.5,178.1,0.9
724,Company_724,2018,266.6,7.4,338.5,9.6
724,Company_724,2019,286.6,8.6,410.1,7.5
724,Company_724,2020,313.8,9.4,393.9,9.5
724,Company_724,2021,326.9,10.3,718.2,4.1
724,Company_724,2022,382.0,13.0,550.8,16.9
724,Company_724,2023,400.1,13.1,593.4,4.7
724,Company_724,2024,423.0,14.2,1091.8,5.7
724,Company_724,2025,433.9,14.7,1144.4,2.6
725,Company_725,2015,8346.7,13.4,21012.7,
725,Company_725,2016,7838.7,15.0,17155.1,-6.1
725,Company_725,2017,7713.3,14.5,15813.5,-1.6
725,Company_725,2018,8581.9,13.2,18862.6,11.3
725,Company_725,2019,8794.9,11.7,13494.9,2.5
725,Company_725,2020,8688.6,12.2,12366.4,-1.2
725,Company_725,2021,9430.3,16.7,13238.1,8.5
725,Company_725,2022,9000.5,17.4,15061.8,-4.6
725,Company_725,2023,8471.8,18.3,27147.1,-5.9
725,Company_725,2024,7312.2,15.8,9306.5,-13.7
725,Company_725,2025,7860.0,17.8,21244.8,7.5
726,Company_726,2015,3100.4,23.2,16169.9,
726,Company_726,2016,3169.3,22.5,10668.6,2.2
726,Company_726,2017,3182.8,17.0,9983.2,0.4
726,Company_726,2018,3365.5,12.4,8395.2,5.7
726,Company_726,2019,3093.6,17.6,10518.9,-8.1
726,Company_726,2020,3591.9,14.2,8439.6,16.1
726,Company_726,2021,3227.9,16.5,12699.8,-10.1
726,Company_726,2022,3485.6,16.2,12256.8,8.0
726,Company_726,2023,3717.5,15.6,12247.2,6.7
726,Company_726,2024,3198.2,20.4,14761.0,-14.0
726,Company_726,2025,3204.0,23.7,11817.4,0.2
727,Company_727,2015,1003.4,7.0,1705.7,
727,Company_727,2016,1126.9,4.7,943.8,12.3
727,Company_727,2017,1200.9,3.4,755.2,6.6
727,Company_727,2018,1348.0,1.4,472.5,12.2
727,Company_727,2019,1330.6,3.2,954.3,-1.3
727,Company_727,2020,1535.2,5.3,950.7,15.4
727,Company_727,2021,1676.2,4.8,1176.3,9.2
727,Company_727,2022,1928.1,7.6,2163.8,15.0
727,Company_727,2023,2059.8,6.9,1517.2,6.8
727,Company_727,2024,2267.8,4.5,1834.8,10.1
727,Company_727,2025,2543.6,1.2,402.0,12.2
728,Company_728,2015,1552.8,5.8,1076.0,
728,Company_728,2016,1732.8,5.3,1583.8,11.6
728,Company_728,2017,1960.9,6.2,2647.8,13.2
728,Company_728,2018,2301.3,6.1,1530.8,17.4
728,Company_728,2019,2717.7,7.6,5050.2,18.1
728,Company_728,2020,2752.5,10.8,5127.1,1.3
728,Company_728,2021,2792.7,12.2,7030.4,1.5
728,Company_728,2022,3391.8,13.5,8049.8,21.5
728,Company_728,2023,3514.0,13.0,7398.6,3.6
728,Company_728,2024,4041.2,14.2,7689.2,15.0
728,Company_728,2025,3793.2,13.8,6688.1,-6.1
729,Company_729,2015,5723.4,6.8,7781.1,
729,Company_729,2016,6856.2,2.8,4134.6,19.8
729,Company_729,2017,7170.4,3.1,2350.9,4.6
729,Company_729,2018,8250.9,1.8,3339.2,15.1
729,Company_729,2019,7709.6,0.5,646.1,-6.6
729,Company_729,2020,8109.4,-0.6,6344.7,5.2
729,Company_729,2021,8450.1,1.9,3060.1,4.2
729,Company_729,2022,9071.7,0.4,618.7,7.4
729,Company_729,2023,9065.3,-1.1,37536.1,-0.1
729,Company_729,2024,9508.8,-0.2,12631.2,4.9
729,Company_729,2025,9345.4,0.7,1147.1,-1.7
730,Company_730,2015,611.1,5.4,280.4,
730,Company_730,2016,579.9,2.8,181.6,-5.1
730,Company_730,2017,548.6,-1.5,702.1,-5.4
730,Company_730,2018,485.2,2.5,183.9,-11.6
730,Company_730,2019,477.8,2.4,152.6,-1.5
730,Company_730,2020,400.1,3.8,315.2,-16.3
730,Company_730,2021,326.4,0.5,19.1,-18.4
730,Company_730,2022,307.1,3.2,145.6,-5.9
730,Company_730,2023,287.1,2.1,58.5,-6.5
730,Company_730,2024,292.8,-1.0,578.9,2.0
730,Company_730,2025,332.5,-0.3,1126.9,13.6
731,Company_731,2015,3032.4,17.7,7232.4,
731,Company_731,2016,3045.9,20.7,11062.0,0.4
731,Company_731,2017,3317.4,18.3,8288.1,8.9
731,Company_731,2018,4035.3,18.4,12514.7,21.6
731,Company_731,2019,4351.4,20.3,13690.7,7.8
731,Company_731,2020,4678.0,20.6,10385.8,7.5
731,Company_731,2021,4972.0,21.4,19507.9,6.3
731,Company_731,2022,5532.0,21.9,19372.6,11.3
731,Company_731,2023,6386.7,21.1,25422.9,15.5
731,Company_731,2024,7069.7,24.5,30906.5,10.7
731,Company_731,2025,7717.8,23.2,17061.7,9.2
732,Company_732,2015,601.0,2.0,202.4,
732,Company_732,2016,746.4,-2.9,2491.4,24.2
732,Company_732,2017,813.0,-6.1,2541.8,8.9
732,Company_732,2018,1003.7,-9.1,1401.4,23.5
732,Company_732,2019,1226.3,-3.9,6087.3,22.2
732,Company_732,2020,1549.9,-3.4,4759.5,26.4
732,Company_732,2021,1816.3,-2.9,1719.5,17.2
732,Company_732,2022,1949.4,-7.7,6804.0,7.3
732,Company_732,2023,2487.2,-10.3,9196.3,27.6
732,Company_732,2024,2975.2,-11.5,3904.9,19.6
732,Company_732,2025,3310.2,-11.6,6477.3,11.3
733,Company_733,2015,972.9,8.4,966.7,
733,Company_733,2016,1100.2,8.0,1225.9,13.1
733,Company_733,2017,1202.8,7.1,1040.1,9.3
733,Company_733,2018,1204.3,8.2,1094.8,0.1
733,Company_733,2019,1290.4,10.2,1224.0,7.2
733,Company_733,2020,1422.0,10.4,1645.2,10.2
733,Company_733,2021,1449.4,10.1,1523.2,1.9
733,Company_733,2022,1385.3,10.2,1644.8,-4.4
733,Company_733,2023,1473.4,10.1,1296.4,6.4
733,Company_733,2024,1620.6,10.3,2320.8,10.0
733,Company_733,2025,1296.2,7.2,1342.7,-20.0
734,Company_734,2015,866.6,8.1,1731.4,
734,Company_734,2016,885.3,7.7,1092.6,2.2
734,Company_734,2017,880.8,7.9,1548.9,-0.5
734,Company_734,2018,903.9,9.8,1943.8,2.6
734,Company_734,2019,989.6,7.3,1203.6,9.5
734,Company_734,2020,1105.2,6.0,1491.9,11.7
734,Company_734,2021,1198.6,4.7,1403.2,8.5
734,Company_734,2022,1218.5,8.2,1016.0,1.7
734,Company_734,2023,1268.4,10.1,1765.9,4.1
734,Company_734,2024,1564.2,9.6,2801.2,23.3
734,Company_734,2025,1690.8,8.1,2062.8,8.1
735,Company_735,2015,3811.0,14.4,8602.0,
735,Company_735,2016,4025.7,15.1,6614.0,5.6
735,Company_735,2017,3485.6,17.1,11098.2,-13.4
735,Company_735,2018,3405.2,19.6,7824.0,-2.3
735,Company_735,2019,3298.2,18.0,7035.7,-3.1
735,Company_735,2020,3307.9,12.2,6974.8,0.3
735,Company_735,2021,2888.8,10.5,3686.8,-12.7
735,Company_735,2022,3201.2,8.4,3450.9,10.8
735,Company_735,2023,3321.3,6.8,2365.7,3.8
735,Company_735,2024,3160.7,10.9,5211.1,-4.8
735,Company_735,2025,3168.8,11.6,7284.6,0.3
736,Company_736,2015,1617.0,12.2,2718.5,
736,Company_736,2016,1663.1,14.8,2228.3,2.8
736,Company_736,2017,1772.1,11.7,2456.0,6.6
736,Company_736,2018,1712.8,10.3,1545.6,-3.3
736,Company_736,2019,1814.1,12.1,3036.2,5.9
736,Company_736,2020,1784.1,11.7,1856.4,-1.7
736,Company_736,2021,1668.8,12.2,3682.2,-6.5
736,Company_736,2022,1682.1,13.1,2975.8,0.8
736,Company_736,2023,1521.4,16.1,4380.6,-9.6
736,Company_736,2024,1456.7,16.1,3374.4,-4.3
736,Company_736,2025,1565.1,16.2,2496.1,7.4
737,Company_737,2015,2126.0,22.6,10029.1,
737,Company_737,2016,2309.8,24.6,16835.4,8.6
737,Company_737,2017,2552.7,24.9,20463.3,10.5
737,Company_737,2018,2870.2,26.2,21811.5,12.4
737,Company_737,2019,2576.4,25.1,18263.3,-10.2
737,Company_737,2020,2805.9,28.1,20190.7,8.9
737,Company_737,2021,3209.6,25.6,16123.6,14.4
737,Company_737,2022,3590.2,24.8,22481.1,11.9
737,Company_737,2023,4397.0,25.5,36149.7,22.5
737,Company_737,2024,5121.0,29.3,30216.3,16.5
737,Company_737,2025,5984.4,27.7,57582.9,16.9
738,Company_738,2015,616.9,14.1,1980.2,
738,Company_738,2016,602.4,12.9,1209.0,-2.3
738,Company_738,2017,604.5,13.7,1411.8,0.4
738,Company_738,2018,637.6,17.6,2171.8,5.5
738,Company_738,2019,714.2,17.6,2431.6,12.0
738,Company_738,2020,589.8,20.5,1291.1,-17.4
738,Company_738,2021,581.2,18.2,1565.1,-1.5
738,Company_738,2022,663.3,19.3,2480.8,14.1
738,Company_738,2023,534.5,19.7,1495.0,-19.4
738,Company_738,2024,558.3,22.4,1688.3,4.4
738,Company_738,2025,548.4,21.9,2734.2,-1.8
739,Company_739,2015,1132.4,9.0,869.0,
739,Company_739,2016,1042.5,8.5,934.5,-7.9
739,Company_739,2017,1176.3,7.6,976.9,12.8
739,Company_739,2018,1214.6,6.7,1147.2,3.3
739,Company_739,2019,1285.7,7.0,1175.6,5.8
739,Company_739,2020,1080.0,7.3,659.8,-16.0
739,Company_739,2021,1174.8,7.0,691.3,8.8
739,Company_739,2022,1109.7,5.4,746.9,-5.5
739,Company_739,2023,1055.8,7.3,621.0,-4.9
739,Company_739,2024,1158.4,6.9,738.9,9.7
739,Company_739,2025,1066.0,6.4,678.8,-8.0
740,Company_740,2015,504.4,9.6,853.5,
740,Company_740,2016,533.6,7.9,870.4,5.8
740,Company_740,2017,519.4,12.2,976.8,-2.7
740,Company_740,2018,474.1,13.8,846.3,-8.7
740,Company_740,2019,521.1,18.0,875.8,9.9
740,Company_740,2020,527.6,17.9,1681.3,1.2
740,Company_740,2021,512.2,13.3,1194.6,-2.9
740,Company_740,2022,533.4,18.0,1375.5,4.1
740,Company_740,2023,574.5,15.3,995.7,7.7
740,Company_740,2024,584.0,17.9,1045.9,1.7
740,Company_740,2025,607.4,12.8,1132.3,4.0
741,Company_741,2015,683.3,11.1,1352.6,
741,Company_741,2016,793.4,12.6,1841.4,16.1
741,Company_741,2017,875.0,10.8,2272.7,10.3
741,Company_741,2018,964.1,12.6,2716.3,10.2
741,Company_741,2019,1005.7,11.4,1541.1,4.3
741,Company_741,2020,1018.5,10.9,2318.0,1.3
741,Company_741,2021,1048.4,15.2,3010.5,2.9
741,Company_741,2022,1024.1,15.8,2845.4,-2.3
741,Company_741,2023,1039.1,13.2,3123.9,1.5
741,Company_741,2024,1059.2,12.8,2362.8,1.9
741,Company_741,2025,1051.2,11.9,2464.0,-0.8
742,Company_742,2015,611.1,-4.5,607.9,
742,Company_742,2016,635.9,0.2,25.6,4.1
742,Company_742,2017,678.2,3.6,325.9,6.7
742,Company_742,2018,866.4,4.0,445.3,27.7
742,Company_742,2019,842.2,5.7,904.0,-2.8
742,Company_742,2020,973.5,7.3,1277.0,15.6
742,Company_742,2021,1023.9,6.9,837.5,5.2
742,Company_742,2022,1100.8,4.3,476.2,7.5
742,Company_742,2023,1314.6,2.8,453.5,19.4
742,Company_742,2024,1374.6,8.9,2093.7,4.6
742,Company_742,2025,1653.7,9.9,3255.9,20.3
743,Company_743,2015,6515.8,13.8,17932.2,
743,Company_743,2016,7723.6,12.6,7971.0,18.5
743,Company_743,2017,8379.8,13.8,16990.1,8.5
743,Company_743,2018,9330.2,15.9,20015.3,11.3
743,Company_743,2019,9868.7,18.8,34683.4,5.8
743,Company_743,2020,12208.3,16.0,28516.1,23.7
743,Company_743,2021,13634.7,18.9,20819.0,11.7
743,Company_743,2022,14892.1,19.8,28903.3,9.2
743,Company_743,2023,13553.0,17.5,22402.6,-9.0
743,Company_743,2024,14639.7,15.2,26793.1,8.0
743,Company_743,2025,15533.8,16.4,41485.4,6.1
744,Company_744,2015,1757.3,1.4,266.9,
744,Company_744,2016,2191.4,5.9,2120.4,24.7
744,Company_744,2017,2322.9,6.7,2227.4,6.0
744,Company_744,2018,2701.6,5.9,2456.1,16.3
744,Company_744,2019,2975.3,7.6,2977.3,10.1
744,Company_744,2020,3413.4,10.6,3314.4,14.7
744,Company_744,2021,3389.4,9.0,3839.3,-0.7
744,Company_744,2022,3910.5,6.5,3028.9,15.4
744,Company_744,2023,3854.7,8.5,4780.5,-1.4
744,Company_744,2024,4167.3,3.4,1452.5,8.1
744,Company_744,2025,4228.7,6.3,3373.5,1.5
745,Company_745,2015,3253.5,12.3,3729.1,
745,Company_745,2016,3399.0,12.9,4412.6,4.5
745,Company_745,2017,3225.5,14.9,6362.7,-5.1
745,Company_745,2018,2888.4,15.0,5998.0,-10.4
745,Company_745,2019,2822.5,15.0,5803.0,-2.3
745,Company_745,2020,2853.0,15.7,5492.6,1.1
745,Company_745,2021,3316.1,17.3,7956.0,16.2
745,Company_745,2022,3074.3,16.8,7002.1,-7.3
745,Company_745,2023,3376.8,16.2,4943.7,9.8
745,Company_745,2024,4213.0,15.0,9260.5,24.8
745,Company_745,2025,3808.0,18.5,7900.7,-9.6
746,Company_746,2015,775.8,4.4,449.7,
746,Company_746,2016,989.0,7.2,800.3,27.5
746,Company_746,2017,1000.9,9.7,872.1,1.2
746,Company_746,2018,1094.8,12.9,2815.6,9.4
746,Company_746,2019,1181.7,15.1,2653.7,7.9
746,Company_746,2020,1311.0,9.3,1493.5,10.9
746,Company_746,2021,1312.4,7.7,927.2,0.1
746,Company_746,2022,1319.6,4.7,1200.9,0.5
746,Company_746,2023,1386.0,2.3,521.2,5.0
746,Company_746,2024,1538.1,0.4,83.6,11.0
746,Company_746,2025,1698.2,1.2,225.2,10.4
747,Company_747,2015,1653.7,9.0,1464.5,
747,Company_747,2016,1641.4,13.0,2841.1,-0.7
747,Company_747,2017,1525.5,13.7,2353.2,-7.1
747,Company_747,2018,1509.3,15.5,2795.2,-1.1
747,Company_747,2019,1690.3,19.9,2861.5,12.0
747,Company_747,2020,1723.5,14.7,4789.7,2.0
747,Company_747,2021,1691.5,13.4,1930.6,-1.9
747,Company_747,2022,1936.3,14.7,3063.2,14.5
747,Company_747,2023,2062.1,12.1,2009.0,6.5
747,Company_747,2024,1945.4,11.7,3355.5,-5.7
747,Company_747,2025,1771.6,11.6,3164.8,-8.9
748,Company_748,2015,687.3,19.7,2419.0,
748,Company_748,2016,718.5,19.0,1417.4,4.5
748,Company_748,2017,684.1,14.8,2410.1,-4.8
748,Company_748,2018,596.5,14.3,1168.4,-12.8
748,Company_748,2019,675.0,20.4,2865.2,13.2
748,Company_748,2020,762.7,15.9,1521.7,13.0
748,Company_748,2021,824.6,18.0,2723.3,8.1
748,Company_748,2022,822.3,18.3,2769.2,-0.3
748,Company_748,2023,895.4,23.6,3701.1,8.9
748,Company_748,2024,906.2,19.3,1968.3,1.2
748,Company_748,2025,1035.8,18.8,3094.7,14.3
749,Company_749,2015,336.4,2.3,85.5,
749,Company_749,2016,316.0,0.5,33.4,-6.1
749,Company_749,2017,325.1,-0.1,1521.6,2.9
749,Company_749,2018,341.9,-0.7,1192.4,5.2
749,Company_749,2019,331.5,-3.0,1257.2,-3.0
749,Company_749,2020,376.3,-1.7,1401.2,13.5
749,Company_749,2021,353.9,-3.1,511.1,-6.0
749,Company_749,2022,378.7,-3.3,209.2,7.0
749,Company_749,2023,387.6,-5.3,206.0,2.4
749,Company_749,2024,406.6,-7.3,1880.9,4.9
749,Company_749,2025,475.0,-7.7,1322.0,16.8
750,Company_750,2015,5669.6,19.3,11429.1,
750,Company_750,2016,6070.3,20.5,24515.1,7.1
750,Company_750,2017,6671.9,22.6,28191.4,9.9
750,Company_750,2018,6475.6,23.7,26985.1,-2.9
750,Company_750,2019,7325.4,23.9,22969.1,13.1
750,Company_750,2020,6676.5,23.1,22987.9,-8.9
750,Company_750,2021,6925.3,25.7,22232.8,3.7
750,Company_750,2022,6316.1,25.1,23086.7,-8.8
750,Company_750,2023,6200.4,24.6,26235.4,-1.8
750,Company_750,2024,6341.4,24.0,21064.7,2.3
750,Company_750,2025,6425.2,22.0,22187.0,1.3
751,Company_751,2015,303.9,-5.1,1301.3,
751,Company_751,2016,277.6,-2.3,557.4,-8.6
751,Company_751,2017,246.8,-0.4,718.9,-11.1
751,Company_751,2018,268.5,-4.3,953.1,8.8
751,Company_751,2019,230.3,-2.0,1094.1,-14.2
751,Company_751,2020,219.9,-4.5,251.2,-4.5
751,Company_751,2021,192.0,-4.4,295.7,-12.7
751,Company_751,2022,187.9,-2.2,928.6,-2.1
751,Company_751,2023,195.0,-2.7,348.5,3.8
751,Company_751,2024,215.6,-1.5,421.6,10.6
751,Company_751,2025,223.8,-0.7,411.9,3.8
752,Company_752,2015,5902.0,9.5,12830.3,
752,Company_752,2016,7076.5,12.5,20287.7,19.9
752,Company_752,2017,7956.3,14.2,26786.8,12.4
752,Company_752,2018,9016.7,13.4,21705.9,13.3
752,Company_752,2019,10907.6,10.8,21897.0,21.0
752,Company_752,2020,12285.8,8.8,26497.2,12.6
752,Company_752,2021,13181.2,5.4,7985.0,7.3
752,Company_752,2022,12888.0,5.0,15801.8,-2.2
752,Company_752,2023,14543.1,2.9,4902.3,12.8
752,Company_752,2024,16478.4,-1.2,22384.3,13.3
752,Company_752,2025,15349.4,-2.6,8201.5,-6.9
753,Company_753,2015,1296.7,20.4,6472.7,
753,Company_753,2016,1375.7,22.1,3987.0,6.1
753,Company_753,2017,1275.9,26.1,4437.2,-7.3
753,Company_753,2018,1372.7,23.2,7323.8,7.6
753,Company_753,2019,1310.2,21.1,3617.2,-4.6
753,Company_753,2020,1340.2,21.3,4943.5,2.3
753,Company_753,2021,1340.1,23.0,6085.3,-0.0
753,Company_753,2022,1376.2,28.1,8786.2,2.7
753,Company_753,2023,1428.7,34.4,9761.6,3.8
753,Company_753,2024,1246.7,33.8,4457.4,-12.7
753,Company_753,2025,1327.0,35.7,6368.2,6.4
754,Company_754,2015,1050.1,4.6,774.2,
754,Company_754,2016,1074.7,-0.1,1670.8,2.3
754,Company_754,2017,1119.6,5.6,616.9,4.2
754,Company_754,2018,1195.4,6.5,1471.7,6.8
754,Company_754,2019,1288.6,11.2,2643.3,7.8
754,Company_754,2020,1394.2,10.2,2203.5,8.2
754,Company_754,2021,1390.5,7.3,1826.8,-0.3
754,Company_754,2022,1607.4,5.4,1443.1,15.6
754,Company_754,2023,1860.7,8.3,2024.4,15.8
754,Company_754,2024,2091.3,7.1,2720.1,12.4
754,Company_754,2025,2340.5,10.0,4312.7,11.9
755,Company_755,2015,4630.3,17.6,6523.5,
755,Company_755,2016,4675.9,15.6,12179.9,1.0
755,Company_755,2017,5074.8,15.4,14713.6,8.5
755,Company_755,2018,5415.6,12.8,11606.3,6.7
755,Company_755,2019,6204.0,11.5,12509.7,14.6
755,Company_755,2020,6778.1,9.0,5582.5,9.3
755,Company_755,2021,6632.4,8.1,5237.5,-2.2
755,Company_755,2022,7088.7,4.5,2890.4,6.9
755,Company_755,2023,6870.3,3.6,3460.9,-3.1
755,Company_755,2024,7165.8,6.6,4103.2,4.3
755,Company_755,2025,7730.0,3.3,3216.7,7.9
756,Company_756,2015,9861.9,27.6,69036.2,
756,Company_756,2016,10824.1,29.0,81582.8,9.8
756,Company_756,2017,11851.5,29.5,89203.0,9.5
756,Company_756,2018,12058.1,26.6,108211.0,1.7
756,Company_756,2019,11696.0,24.5,49770.5,-3.0
756,Company_756,2020,12471.2,23.6,44475.3,6.6
756,Company_756,2021,13900.3,30.1,123489.6,11.5
756,Company_756,2022,14516.0,27.5,125656.2,4.4
756,Company_756,2023,16301.3,29.8,111498.4,12.3
756,Company_756,2024,17932.0,30.9,86264.3,10.0
756,Company_756,2025,18906.3,28.7,124839.8,5.4
757,Company_757,2015,651.8,1.1,78.4,
757,Company_757,2016,649.1,-2.9,1056.8,-0.4
757,Company_757,2017,577.6,-6.3,1018.9,-11.0
757,Company_757,2018,569.3,-2.7,2285.9,-1.4
757,Company_757,2019,589.5,-4.0,2801.2,3.6
757,Company_757,2020,599.1,-2.4,1257.3,1.6
757,Company_757,2021,559.7,-3.2,940.1,-6.6
757,Company_757,2022,568.6,-2.6,287.8,1.6
757,Company_757,2023,544.7,-4.8,2550.5,-4.2
757,Company_757,2024,478.3,-4.0,759.9,-12.2
757,Company_757,2025,551.5,-2.4,1030.7,15.3
758,Company_758,2015,13993.1,12.5,30572.2,
758,Company_758,2016,17437.2,10.9,41824.1,24.6
758,Company_758,2017,18574.6,9.5,26937.6,6.5
758,Company_758,2018,20657.4,10.4,27344.6,11.2
758,Company_758,2019,22843.3,10.0,35095.2,10.6
758,Company_758,2020,26343.0,8.6,35280.7,15.3
758,Company_758,2021,25307.6,8.6,30589.1,-3.9
758,Company_758,2022,24735.7,8.4,50676.4,-2.3
758,Company_758,2023,27688.8,11.3,64614.8,11.9
758,Company_758,2024,32062.6,11.3,43829.9,15.8
758,Company_758,2025,36695.2,7.2,59636.1,14.4
759,Company_759,2015,27491.3,24.4,118029.2,
759,Company_759,2016,33816.8,27.2,133518.9,23.0
759,Company_759,2017,45202.1,18.5,147402.1,33.7
759,Company_759,2018,50391.6,17.6,98281.5,11.5
759,Company_759,2019,61154.9,9.0,109209.6,21.4
759,Company_759,2020,77534.2,3.8,33458.2,26.8
759,Company_759,2021,89482.7,3.4,36947.9,15.4
759,Company_759,2022,114683.1,-4.2,107708.0,28.2
759,Company_759,2023,134141.9,-12.8,667399.7,17.0
759,Company_759,2024,151162.4,-16.0,559625.3,12.7
759,Company_759,2025,168988.9,-15.4,398218.7,11.8
760,Company_760,2015,2479.5,4.5,1685.9,
760,Company_760,2016,2524.3,2.6,944.0,1.8
760,Company_760,2017,2342.4,-1.3,8908.6,-7.2
760,Company_760,2018,2439.8,0.5,152.8,4.2
760,Company_760,2019,2523.8,3.8,1087.9,3.4
760,Company_760,2020,2416.0,1.4,367.5,-4.3
760,Company_760,2021,2263.3,-1.5,8324.5,-6.3
760,Company_760,2022,2319.6,-8.3,9707.4,2.5
760,Company_760,2023,2297.3,-6.3,4406.3,-1.0
760,Company_760,2024,2372.3,-9.4,5348.1,3.3
760,Company_760,2025,2198.5,-7.4,5685.1,-7.3
761,Company_761,2015,37993.3,20.1,243096.3,
761,Company_761,2016,40038.7,18.1,238464.8,5.4
761,Company_761,2017,45980.5,18.7,138083.9,14.8
761,Company_761,2018,52828.5,19.5,359196.5,14.9
761,Company_761,2019,63197.1,17.1,218252.7,19.6
761,Company_761,2020,60158.4,17.0,295670.4,-4.8
761,Company_761,2021,68992.2,15.8,284916.4,14.7
761,Company_761,2022,65581.2,16.3,272139.8,-4.9
761,Company_761,2023,65248.1,10.3,182080.6,-0.5
761,Company_761,2024,71377.7,8.5,211430.5,9.4
761,Company_761,2025,79180.5,8.2,105795.3,10.9
762,Company_762,2015,7801.0,22.4,58045.4,
762,Company_762,2016,8396.8,20.8,27352.6,7.6
762,Company_762,2017,9955.2,20.5,57498.4,18.6
762,Company_762,2018,10431.8,24.3,78449.3,4.8
762,Company_762,2019,9925.6,21.4,63088.2,-4.9
762,Company_762,2020,10033.1,21.0,62284.2,1.1
762,Company_762,2021,11457.3,22.4,81718.2,14.2
762,Company_762,2022,11802.7,20.9,77806.0,3.0
762,Company_762,2023,12604.1,21.2,70529.0,6.8
762,Company_762,2024,13782.2,19.3,60482.8,9.3
762,Company_762,2025,14771.9,16.3,78860.0,7.2
763,Company_763,2015,1503.4,25.7,13525.0,
763,Company_763,2016,1603.6,25.8,12295.0,6.7
763,Company_763,2017,1732.4,23.8,9692.1,8.0
763,Company_763,2018,1784.6,21.9,8152.6,3.0
763,Company_763,2019,2012.6,18.5,9720.6,12.8
763,Company_763,2020,2235.7,17.9,11905.7,11.1
763,Company_763,2021,2500.9,19.3,14822.9,11.9
763,Company_763,2022,2881.0,19.7,16760.7,15.2
763,Company_763,2023,2741.0,20.5,12635.2,-4.9
763,Company_763,2024,2686.2,21.4,18670.0,-2.0
763,Company_763,2025,2831.6,21.4,20995.7,5.4
764,Company_764,2015,7478.8,14.4,9896.3,
764,Company_764,2016,8705.8,14.3,23822.3,16.4
764,Company_764,2017,9928.9,11.3,17327.4,14.0
764,Company_764,2018,11675.3,6.6,6739.9,17.6
764,Company_764,2019,14189.8,0.2,210.3,21.5
764,Company_764,2020,19332.8,5.6,20672.2,36.2
764,Company_764,2021,23665.0,6.6,29685.9,22.4
764,Company_764,2022,29837.5,6.2,31105.9,26.1
764,Company_764,2023,37151.9,9.6,29928.0,24.5
764,Company_764,2024,49368.5,16.5,138989.7,32.9
764,Company_764,2025,62170.9,18.8,199393.2,25.9
765,Company_765,2015,556.9,2.2,246.0,
765,Company_765,2016,602.6,3.7,235.0,8.2
765,Company_765,2017,677.7,2.6,157.2,12.5
765,Company_765,2018,781.9,5.2,806.4,15.4
765,Company_765,2019,863.4,3.2,550.6,10.4
765,Company_765,2020,975.0,5.1,990.1,12.9
765,Company_765,2021,1079.4,5.2,631.2,10.7
765,Company_765,2022,1178.7,4.8,618.8,9.2
765,Company_765,2023,1226.3,4.8,878.8,4.0
765,Company_765,2024,1360.0,5.1,555.2,10.9
765,Company_765,2025,1440.4,4.6,1068.6,5.9
766,Company_766,2015,2439.4,16.9,5754.4,
766,Company_766,2016,2640.2,16.7,6255.2,8.2
766,Company_766,2017,2608.4,16.8,6555.2,-1.2
766,Company_766,2018,2775.1,16.2,5045.4,6.4
766,Company_766,2019,2882.6,14.1,4624.6,3.9
766,Company_766,2020,3167.0,16.4,5210.0,9.9
766,Company_766,2021,3242.0,17.2,9767.0,2.4
766,Company_766,2022,3331.1,16.6,8909.0,2.7
766,Company_766,2023,3310.2,18.3,8681.2,-0.6
766,Company_766,2024,3591.5,20.0,11912.9,8.5
766,Company_766,2025,4173.9,22.5,18634.9,16.2
767,Company_767,2015,8519.1,11.6,18719.2,
767,Company_767,2016,7871.7,11.8,8677.2,-7.6
767,Company_767,2017,10092.8,10.7,12380.4,28.2
767,Company_767,2018,11701.3,9.6,9262.6,15.9
767,Company_767,2019,11771.1,9.4,19666.3,0.6
767,Company_767,2020,12072.1,6.2,8938.6,2.6
767,Company_767,2021,14475.4,6.3,15384.3,19.9
767,Company_767,2022,18348.1,5.3,8495.7,26.8
767,Company_767,2023,21697.9,7.3,23311.6,18.3
767,Company_767,2024,22137.4,10.3,23570.4,2.0
767,Company_767,2025,22188.9,8.9,30443.2,0.2
768,Company_768,2015,1634.8,14.6,4374.6,
768,Company_768,2016,2045.5,15.3,5672.3,25.1
768,Company_768,2017,2381.5,14.1,3977.1,16.4
768,Company_768,2018,2815.4,11.9,5642.1,18.2
768,Company_768,2019,3403.4,11.1,4787.9,20.9
768,Company_768,2020,4038.1,7.6,6113.4,18.6
768,Company_768,2021,4995.5,12.5,11076.0,23.7
768,Company_768,2022,6300.5,14.9,15702.1,26.1
768,Company_768,2023,7103.6,14.1,23467.7,12.7
768,Company_768,2024,8534.8,12.8,18168.0,20.1
768,Company_768,2025,10405.1,10.3,12241.5,21.9
769,Company_769,2015,1208.5,6.1,1360.4,
769,Company_769,2016,1193.6,2.3,345.7,-1.2
769,Company_769,2017,1375.2,6.0,750.0,15.2
769,Company_769,2018,1579.4,3.7,893.6,14.8
769,Company_769,2019,1584.9,-2.1,2542.3,0.3
769,Company_769,2020,1737.6,-1.6,3017.7,9.6
769,Company_769,2021,2005.0,-1.5,8849.9,15.4
769,Company_769,2022,2050.1,-0.8,8867.5,2.2
769,Company_769,2023,2386.8,-4.9,8060.8,16.4
769,Company_769,2024,2272.4,-3.2,3904.6,-4.8
769,Company_769,2025,2204.1,-5.6,7560.7,-3.0
770,Company_770,2015,1140.1,7.0,1126.5,
770,Company_770,2016,1302.3,8.7,2197.7,14.2
770,Company_770,2017,1410.0,9.4,1949.2,8.3
770,Company_770,2018,1348.0,8.5,1923.9,-4.4
770,Company_770,2019,1277.5,9.3,1626.4,-5.2
770,Company_770,2020,1074.8,10.9,2872.6,-15.9
770,Company_770,2021,1145.2,10.9,2271.5,6.5
770,Company_770,2022,1201.6,11.0,2509.9,4.9
770,Company_770,2023,1098.1,13.2,3144.3,-8.6
770,Company_770,2024,1041.7,12.6,3002.2,-5.1
770,Company_770,2025,1028.2,9.6,1688.0,-1.3
771,Company_771,2015,485.9,12.1,876.8,
771,Company_771,2016,430.4,17.0,750.1,-11.4
771,Company_771,2017,396.6,21.8,1212.5,-7.9
771,Company_771,2018,347.7,26.0,1365.3,-12.3
771,Company_771,2019,359.7,25.4,1363.1,3.5
771,Company_771,2020,378.8,24.0,1053.1,5.3
771,Company_771,2021,360.5,24.7,1305.6,-4.8
771,Company_771,2022,323.4,27.6,1644.8,-10.3
771,Company_771,2023,326.9,30.4,1016.8,1.1
771,Company_771,2024,336.9,28.0,1125.4,3.1
771,Company_771,2025,284.6,26.3,1399.3,-15.5
772,Company_772,2015,867.7,2.0,205.8,
772,Company_772,2016,768.7,-2.0,791.1,-11.4
772,Company_772,2017,772.1,2.0,296.0,0.4
772,Company_772,2018,835.2,0.8,124.1,8.2
772,Company_772,2019,888.5,1.5,138.5,6.4
772,Company_772,2020,838.6,0.2,29.2,-5.6
772,Company_772,2021,976.1,0.1,10.3,16.4
772,Company_772,2022,961.6,-0.8,526.6,-1.5
772,Company_772,2023,973.7,-2.0,2753.6,1.3
772,Company_772,2024,983.2,2.0,192.5,1.0
772,Company_772,2025,1055.4,1.0,205.4,7.3
773,Company_773,2015,504.7,0.1,4.4,
773,Company_773,2016,471.1,-0.5,467.8,-6.7
773,Company_773,2017,463.0,-5.1,984.8,-1.7
773,Company_773,2018,431.6,-0.8,2054.5,-6.8
773,Company_773,2019,463.0,1.2,112.3,7.3
773,Company_773,2020,460.1,4.0,179.7,-0.6
773,Company_773,2021,459.1,7.4,536.1,-0.2
773,Company_773,2022,446.3,4.5,324.2,-2.8
773,Company_773,2023,488.7,4.1,174.3,9.5
773,Company_773,2024,496.3,1.0,94.6,1.6
773,Company_773,2025,502.1,-1.5,1314.6,1.2
774,Company_774,2015,1288.1,7.4,1381.2,
774,Company_774,2016,1434.4,10.6,1347.5,11.4
774,Company_774,2017,1497.1,10.8,1839.9,4.4
774,Company_774,2018,1625.6,10.0,1800.2,8.6
774,Company_774,2019,1553.9,9.5,1303.2,-4.4
774,Company_774,2020,1276.7,9.6,1121.5,-17.8
774,Company_774,2021,1112.3,7.8,988.3,-12.9
774,Company_774,2022,1021.2,6.6,727.5,-8.2
774,Company_774,2023,1018.3,6.9,1044.5,-0.3
774,Company_774,2024,918.6,5.0,381.4,-9.8
774,Company_774,2025,898.2,4.6,353.1,-2.2
775,Company_775,2015,189.6,8.1,276.1,
775,Company_775,2016,201.9,9.3,222.4,6.5
775,Company_775,2017,229.8,12.2,414.0,13.8
775,Company_775,2018,266.1,12.2,482.7,15.8
775,Company_775,2019,301.7,12.7,722.1,13.4
775,Company_775,2020,321.5,12.8,489.4,6.6
775,Company_775,2021,354.8,14.2,540.7,10.3
775,Company_775,2022,425.9,13.0,632.3,20.0
775,Company_775,2023,510.4,13.5,876.3,19.9
775,Company_775,2024,523.8,15.3,1066.6,2.6
775,Company_775,2025,514.8,19.3,1635.9,-1.7
776,Company_776,2015,2070.7,10.7,5150.9,
776,Company_776,2016,2110.7,13.0,3442.6,1.9
776,Company_776,2017,2020.8,12.4,4602.3,-4.3
776,Company_776,2018,1961.3,6.9,3058.5,-2.9
776,Company_776,2019,1683.3,7.2,2627.8,-14.2
776,Company_776,2020,1544.2,12.1,3763.6,-8.3
776,Company_776,2021,1291.1,15.1,4619.1,-16.4
776,Company_776,2022,1274.6,13.7,3252.8,-1.3
776,Company_776,2023,1104.0,12.8,1826.0,-13.4
776,Company_776,2024,1183.3,16.7,3978.4,7.2
776,Company_776,2025,1096.0,19.0,2254.1,-7.4
777,Company_777,2015,1907.3,10.6,2177.7,
777,Company_777,2016,1851.0,10.1,2745.5,-2.9
777,Company_777,2017,1914.7,10.2,1853.3,3.4
777,Company_777,2018,1935.0,11.9,1920.2,1.1
777,Company_777,2019,1898.6,11.1,2043.6,-1.9
777,Company_777,2020,2004.4,11.3,2140.2,5.6
777,Company_777,2021,2003.5,12.2,2722.9,-0.0
777,Company_777,2022,2045.6,14.0,2353.6,2.1
777,Company_777,2023,2223.6,13.7,3223.1,8.7
777,Company_777,2024,2020.9,13.3,3549.5,-9.1
777,Company_777,2025,2069.6,13.3,3553.2,2.4
778,Company_778,2015,1120.0,18.9,4114.9,
778,Company_778,2016,1088.5,19.7,3202.3,-2.8
778,Company_778,2017,1129.1,19.3,4357.7,3.7
778,Company_778,2018,1134.3,21.4,2043.4,0.5
778,Company_778,2019,1181.0,22.5,2494.2,4.1
778,Company_778,2020,1127.8,24.7,5237.8,-4.5
778,Company_778,2021,1166.1,23.9,3801.9,3.4
778,Company_778,2022,1126.8,24.1,4790.5,-3.4
778,Company_778,2023,1148.8,25.3,3611.8,2.0
778,Company_778,2024,1164.8,28.1,3895.9,1.4
778,Company_778,2025,1223.4,29.2,3830.3,5.0
779,Company_779,2015,1275.4,6.6,1883.0,
779,Company_779,2016,1518.3,6.5,1010.3,19.0
779,Company_779,2017,1636.0,5.8,2046.7,7.7
779,Company_779,2018,1746.8,5.4,2073.1,6.8
779,Company_779,2019,1844.3,3.7,1128.2,5.6
779,Company_779,2020,1896.8,2.1,618.8,2.8
779,Company_779,2021,1963.1,1.0,452.7,3.5
779,Company_779,2022,2112.4,0.9,424.3,7.6
779,Company_779,2023,2317.9,-1.6,5339.5,9.7
779,Company_779,2024,2461.0,-0.1,12192.6,6.2
779,Company_779,2025,2834.1,1.2,569.0,15.2
780,Company_780,2015,798.9,12.6,1931.1,
780,Company_780,2016,695.0,15.7,947.1,-13.0
780,Company_780,2017,724.9,15.1,1302.0,4.3
780,Company_780,2018,640.8,15.7,1624.4,-11.6
780,Company_780,2019,555.5,15.7,983.3,-13.3
780,Company_780,2020,521.0,16.5,784.2,-6.2
780,Company_780,2021,511.3,18.1,768.1,-1.9
780,Company_780,2022,501.1,20.1,1699.1,-2.0
780,Company_780,2023,477.6,20.0,1505.8,-4.7
780,Company_780,2024,460.8,19.7,941.7,-3.5
780,Company_780,2025,451.6,16.5,672.0,-2.0
781,Company_781,2015,7364.1,18.0,24418.7,
781,Company_781,2016,7376.5,20.3,31274.3,0.2
781,Company_781,2017,7702.0,22.8,47014.2,4.4
781,Company_781,2018,7739.5,23.9,32895.9,0.5
781,Company_781,2019,7788.2,27.4,43800.3,0.6
781,Company_781,2020,7506.9,27.6,41002.2,-3.6
781,Company_781,2021,8554.1,24.3,41621.7,13.9
781,Company_781,2022,8305.7,26.2,41528.6,-2.9
781,Company_781,2023,8059.5,27.4,52910.5,-3.0
781,Company_781,2024,8261.9,27.2,64960.3,2.5
781,Company_781,2025,8059.4,33.1,59708.3,-2.5
782,Company_782,2015,5568.0,15.6,7538.5,
782,Company_782,2016,6393.4,14.5,8436.7,14.8
782,Company_782,2017,6717.8,11.9,13177.4,5.1
782,Company_782,2018,7421.7,13.3,16894.7,10.5
782,Company_782,2019,8015.3,14.5,17102.6,8.0
782,Company_782,2020,7906.2,10.6,14015.5,-1.4
782,Company_782,2021,9545.3,9.7,17281.5,20.7
782,Company_782,2022,10106.7,11.3,21682.5,5.9
782,Company_782,2023,11737.1,12.6,13005.2,16.1
782,Company_782,2024,13559.2,12.5,23720.8,15.5
782,Company_782,2025,13768.4,13.1,34017.3,1.5
783,Company_783,2015,2143.5,8.6,2706.4,
783,Company_783,2016,2402.7,6.8,2218.3,12.1
783,Company_783,2017,2521.6,6.5,2813.4,4.9
783,Company_783,2018,2946.1,7.7,2171.5,16.8
783,Company_783,2019,3291.6,5.6,3900.3,11.7
783,Company_783,2020,3326.8,9.1,4441.1,1.1
783,Company_783,2021,3442.1,10.0,7196.1,3.5
783,Company_783,2022,3855.9,8.5,6411.1,12.0
783,Company_783,2023,4043.4,10.4,3945.7,4.9
783,Company_783,2024,4860.5,9.8,4377.7,20.2
783,Company_783,2025,5708.4,8.6,10714.6,17.4
784,Company_784,2015,256.9,8.5,313.7,
784,Company_784,2016,339.6,12.3,708.9,32.2
784,Company_784,2017,303.6,14.5,498.3,-10.6
784,Company_784,2018,370.6,14.0,519.4,22.1
784,Company_784,2019,431.7,11.8,605.9,16.5
784,Company_784,2020,439.7,13.1,746.9,1.9
784,Company_784,2021,531.4,13.7,997.3,20.9
784,Company_784,2022,622.5,10.5,1137.1,17.1
784,Company_784,2023,699.5,11.9,1801.9,12.4
784,Company_784,2024,735.2,10.9,1019.1,5.1
784,Company_784,2025,910.6,12.4,1544.2,23.9
785,Company_785,2015,560.7,3.9,478.0,
785,Company_785,2016,593.5,3.1,368.9,5.8
785,Company_785,2017,646.8,1.6,206.3,9.0
785,Company_785,2018,747.9,3.4,398.1,15.6
785,Company_785,2019,880.6,4.5,397.9,17.7
785,Company_785,2020,875.5,4.7,540.8,-0.6
785,Company_785,2021,840.9,7.5,1254.6,-4.0
785,Company_785,2022,847.6,7.1,1399.1,0.8
785,Company_785,2023,784.9,4.9,667.8,-7.4
785,Company_785,2024,690.2,4.7,769.7,-12.1
785,Company_785,2025,728.5,5.0,809.9,5.5
786,Company_786,2015,893.4,6.3,997.1,
786,Company_786,2016,989.1,18.6,2821.1,10.7
786,Company_786,2017,1003.8,23.0,3585.5,1.5
786,Company_786,2018,840.5,18.9,2914.7,-16.3
786,Company_786,2019,791.9,13.2,1170.1,-5.8
786,Company_786,2020,821.6,7.6,880.5,3.7
786,Company_786,2021,852.5,4.0,436.6,3.8
786,Company_786,2022,809.1,12.6,1963.7,-5.1
786,Company_786,2023,940.5,23.5,3514.6,16.2
786,Company_786,2024,965.3,22.9,2827.9,2.6
786,Company_786,2025,938.1,25.9,2553.9,-2.8
787,Company_787,2015,897.5,9.6,846.9,
787,Company_787,2016,935.3,10.8,1180.7,4.2
787,Company_787,2017,926.9,10.5,1233.2,-0.9
787,Company_787,2018,1050.2,8.4,977.5,13.3
787,Company_787,2019,1070.7,7.0,965.4,2.0
787,Company_787,2020,812.6,8.1,836.6,-24.1
787,Company_787,2021,732.1,11.5,1182.7,-9.9
787,Company_787,2022,772.8,14.5,1505.8,5.6
787,Company_787,2023,783.1,13.7,973.5,1.3
787,Company_787,2024,867.7,15.0,1123.7,10.8
787,Company_787,2025,882.6,14.3,1629.6,1.7
788,Company_788,2015,7524.8,10.8,13688.1,
788,Company_788,2016,6236.5,12.2,11069.0,-17.1
788,Company_788,2017,5230.4,11.1,9406.2,-16.1
788,Company_788,2018,5119.6,10.0,5030.5,-2.1
788,Company_788,2019,4667.3,4.2,1867.1,-8.8
788,Company_788,2020,4039.7,6.5,4277.0,-13.4
788,Company_788,2021,3714.7,5.9,3218.7,-8.0
788,Company_788,2022,3168.0,1.4,739.8,-14.7
788,Company_788,2023,3095.5,1.8,706.7,-2.3
788,Company_788,2024,3037.6,3.7,1910.7,-1.9
788,Company_788,2025,2848.3,3.8,1097.7,-6.2
789,Company_789,2015,911.1,10.0,1235.3,
789,Company_789,2016,946.5,10.9,1200.3,3.9
789,Company_789,2017,999.4,12.6,1129.1,5.6
789,Company_789,2018,1004.1,11.0,1649.3,0.5
789,Company_789,2019,1084.7,10.5,981.7,8.0
789,Company_789,2020,1319.9,11.2,1212.1,21.7
789,Company_789,2021,1463.0,10.4,1657.6,10.8
789,Company_789,2022,1483.8,11.7,1611.0,1.4
789,Company_789,2023,1567.7,11.2,2412.4,5.7
789,Company_789,2024,1668.8,9.9,2260.2,6.5
789,Company_789,2025,1933.8,9.2,1637.3,15.9
790,Company_790,2015,7927.4,20.8,19090.7,
790,Company_790,2016,7408.3,20.0,25964.3,-6.5
790,Company_790,2017,7374.4,23.4,14987.5,-0.5
790,Company_790,2018,8539.3,21.2,17680.1,15.8
790,Company_790,2019,9044.7,24.9,40894.6,5.9
790,Company_790,2020,9076.6,28.2,40852.0,0.4
790,Company_790,2021,9082.1,31.6,36524.5,0.1
790,Company_790,2022,9189.4,28.2,26160.9,1.2
790,Company_790,2023,8394.4,26.5,38903.8,-8.7
790,Company_790,2024,9172.0,24.5,20409.0,9.3
790,Company_790,2025,9388.8,29.5,33375.4,2.4
791,Company_791,2015,2198.7,8.6,2313.1,
791,Company_791,2016,1996.8,8.2,3553.2,-9.2
791,Company_791,2017,2010.9,9.5,2295.6,0.7
791,Company_791,2018,1836.6,6.8,1806.4,-8.7
791,Company_791,2019,1684.4,7.8,2116.0,-8.3
791,Company_791,2020,1656.8,9.8,1927.5,-1.6
791,Company_791,2021,1695.8,11.7,3846.7,2.4
791,Company_791,2022,1973.8,11.1,3311.2,16.4
791,Company_791,2023,2148.6,11.5,5583.6,8.9
791,Company_791,2024,1951.8,10.6,3656.2,-9.2
791,Company_791,2025,2005.8,8.6,4274.0,2.8
792,Company_792,2015,1301.5,17.9,3610.0,
792,Company_792,2016,1550.1,14.3,3822.1,19.1
792,Company_792,2017,1589.6,14.2,2414.0,2.5
792,Company_792,2018,1730.1,16.1,3332.8,8.8
792,Company_792,2019,1792.3,18.4,6212.9,3.6
792,Company_792,2020,1820.5,17.0,4526.0,1.6
792,Company_792,2021,1733.5,17.8,3990.9,-4.8
792,Company_792,2022,2052.8,19.2,7547.9,18.4
792,Company_792,2023,2144.1,19.5,7574.5,4.5
792,Company_792,2024,2385.3,18.5,5020.5,11.2
792,Company_792,2025,2691.9,21.6,5236.2,12.9
793,Company_793,2015,1671.0,8.9,3264.1,
793,Company_793,2016,1737.8,9.1,2193.1,4.0
793,Company_793,2017,1453.2,11.3,3275.6,-16.4
793,Company_793,2018,1334.4,8.7,1630.5,-8.2
793,Company_793,2019,1398.6,8.7,2199.1,4.8
793,Company_793,2020,1433.9,10.8,2290.0,2.5
793,Company_793,2021,1320.1,10.7,2483.7,-7.9
793,Company_793,2022,1286.0,10.1,2746.9,-2.6
793,Company_793,2023,1189.1,13.2,2790.9,-7.5
793,Company_793,2024,1317.5,12.1,1832.1,10.8
793,Company_793,2025,1317.7,15.8,3515.9,0.0
794,Company_794,2015,7828.9,19.3,34185.9,
794,Company_794,2016,8278.7,19.7,28142.4,5.7
794,Company_794,2017,8725.8,18.1,52302.4,5.4
794,Company_794,2018,8579.3,21.9,65104.6,-1.7
794,Company_794,2019,9638.4,22.9,44131.2,12.3
794,Company_794,2020,9844.0,26.5,85499.0,2.1
794,Company_794,2021,9946.3,25.2,39649.0,1.0
794,Company_794,2022,11029.5,24.6,79404.7,10.9
794,Company_794,2023,12131.9,22.9,90326.3,10.0
794,Company_794,2024,12593.4,19.0,58993.3,3.8
794,Company_794,2025,13767.0,15.6,59934.9,9.3
795,Company_795,2015,21687.9,9.7,44829.3,
795,Company_795,2016,25754.1,9.3,80883.4,18.7
795,Company_795,2017,31495.5,11.4,98737.0,22.3
795,Company_795,2018,34817.2,12.2,114763.4,10.5
795,Company_795,2019,37476.1,10.6,105530.7,7.6
795,Company_795,2020,39210.6,9.0,94036.8,4.6
795,Company_795,2021,40670.0,12.1,97698.4,3.7
795,Company_795,2022,43312.5,6.7,55262.9,6.5
795,Company_795,2023,45161.5,10.4,95297.8,4.3
795,Company_795,2024,44840.3,11.2,174621.1,-0.7
795,Company_795,2025,48165.3,9.3,70102.2,7.4
796,Company_796,2015,6464.5,17.0,16255.9,
796,Company_796,2016,7164.7,17.5,28371.7,10.8
796,Company_796,2017,7704.5,15.5,18415.5,7.5
796,Company_796,2018,8255.2,15.2,28316.7,7.1
796,Company_796,2019,9528.5,19.2,30402.8,15.4
796,Company_796,2020,9885.0,16.3,35163.6,3.7
796,Company_796,2021,9607.5,17.8,26135.6,-2.8
796,Company_796,2022,9669.3,16.7,21373.5,0.6
796,Company_796,2023,10813.2,13.3,29297.0,11.8
796,Company_796,2024,12393.4,12.8,33160.8,14.6
796,Company_796,2025,12278.1,15.0,27298.0,-0.9
797,Company_797,2015,1494.9,9.4,2724.2,
797,Company_797,2016,1684.2,11.5,2046.2,12.7
797,Company_797,2017,1629.9,12.6,1820.1,-3.2
797,Company_797,2018,1389.2,13.4,3183.8,-14.8
797,Company_797,2019,1382.1,17.9,4033.9,-0.5
797,Company_797,2020,1439.4,16.3,3000.6,4.1
797,Company_797,2021,1329.9,12.1,2030.6,-7.6
797,Company_797,2022,1407.1,13.0,1642.2,5.8
797,Company_797,2023,1267.1,11.8,2668.3,-9.9
797,Company_797,2024,1338.3,11.0,1723.5,5.6
797,Company_797,2025,1185.3,14.9,2593.5,-11.4
798,Company_798,2015,138.9,13.9,183.6,
798,Company_798,2016,140.6,13.5,362.6,1.3
798,Company_798,2017,138.8,11.0,209.8,-1.3
798,Company_798,2018,149.3,8.2,186.3,7.6
798,Company_798,2019,176.0,7.2,229.3,17.9
798,Company_798,2020,182.0,7.3,128.2,3.4
798,Company_798,2021,180.3,5.8,85.7,-0.9
798,Company_798,2022,199.9,6.4,135.0,10.9
798,Company_798,2023,212.0,5.4,131.7,6.1
798,Company_798,2024,216.6,2.0,59.0,2.1
798,Company_798,2025,237.4,1.2,35.0,9.6
799,Company_799,2015,2372.0,5.6,3159.4,
799,Company_799,2016,2731.5,8.7,4328.9,15.2
799,Company_799,2017,2815.7,7.4,5015.8,3.1
799,Company_799,2018,2941.8,6.0,3128.9,4.5
799,Company_799,2019,3341.5,7.8,3779.6,13.6
799,Company_799,2020,3742.4,6.8,5689.7,12.0
799,Company_799,2021,3988.1,3.1,2242.3,6.6
799,Company_799,2022,4118.6,-1.3,2818.9,3.3
799,Company_799,2023,4551.2,1.7,1065.8,10.5
799,Company_799,2024,4607.8,1.2,912.7,1.2
799,Company_799,2025,4349.1,1.7,1788.0,-5.6
800,Company_800,2015,1446.9,11.0,2062.7,
800,Company_800,2016,1542.4,12.3,2899.7,6.6
800,Company_800,2017,1732.8,9.5,2139.9,12.3
800,Company_800,2018,1808.7,10.0,2510.0,4.4
800,Company_800,2019,2012.9,8.9,3108.2,11.3
800,Company_800,2020,2372.3,10.1,4003.1,17.9
800,Company_800,2021,2826.2,14.0,5922.5,19.1
800,Company_800,2022,3180.9,16.0,8814.1,12.6
800,Company_800,2023,3238.6,15.6,8457.8,1.8
800,Company_800,2024,3190.3,15.7,8209.9,-1.5
800,Company_800,2025,3081.5,15.1,8802.6,-3.4
801,Company_801,2015,5437.8,16.0,12825.8,
801,Company_801,2016,5816.6,16.7,15637.5,7.0
801,Company_801,2017,5421.9,17.9,13655.2,-6.8
801,Company_801,2018,6723.1,17.1,22541.0,24.0
801,Company_801,2019,7699.8,16.7,25726.2,14.5
801,Company_801,2020,8098.8,14.0,20609.0,5.2
801,Company_801,2021,9317.9,11.3,11040.3,15.1
801,Company_801,2022,9319.2,9.1,15999.5,0.0
801,Company_801,2023,9151.5,7.5,8646.2,-1.8
801,Company_801,2024,10700.3,7.0,9139.6,16.9
801,Company_801,2025,11988.7,6.8,11955.7,12.0
802,Company_802,2015,1231.0,11.2,1906.2,
802,Company_802,2016,1452.2,14.0,3252.7,18.0
802,Company_802,2017,1636.5,10.6,3072.7,12.7
802,Company_802,2018,1935.3,8.9,2213.3,18.3
802,Company_802,2019,2096.4,9.5,4748.6,8.3
802,Company_802,2020,2515.1,7.0,3337.2,20.0
802,Company_802,2021,2303.4,8.0,4553.1,-8.4
802,Company_802,2022,2300.3,5.4,1862.6,-0.1
802,Company_802,2023,2745.0,3.8,1186.9,19.3
802,Company_802,2024,3204.6,5.1,2736.2,16.7
802,Company_802,2025,3595.3,5.9,3647.7,12.2
803,Company_803,2015,1245.2,9.4,2759.3,
803,Company_803,2016,1278.1,7.9,1809.2,2.6
803,Company_803,2017,1592.2,9.3,1648.7,24.6
803,Company_803,2018,1487.0,11.3,2034.4,-6.6
803,Company_803,2019,1452.0,12.1,3122.1,-2.4
803,Company_803,2020,1409.6,11.1,3034.6,-2.9
803,Company_803,2021,1481.5,15.6,4742.5,5.1
803,Company_803,2022,1616.8,10.8,2334.7,9.1
803,Company_803,2023,1868.1,11.6,5399.2,15.5
803,Company_803,2024,1976.7,13.3,6367.0,5.8
803,Company_803,2025,1873.5,16.8,4676.4,-5.2
804,Company_804,2015,3830.0,33.8,20571.0,
804,Company_804,2016,4387.9,30.3,26472.4,14.6
804,Company_804,2017,4839.4,28.3,12717.8,10.3
804,Company_804,2018,4955.7,31.0,18118.3,2.4
804,Company_804,2019,5255.5,34.9,17732.4,6.1
804,Company_804,2020,6287.7,32.5,18872.4,19.6
804,Company_804,2021,7336.3,33.3,43496.5,16.7
804,Company_804,2022,8257.8,39.6,52704.0,12.6
804,Company_804,2023,8842.2,36.6,52945.3,7.1
804,Company_804,2024,8834.1,39.9,49350.7,-0.1
804,Company_804,2025,8288.1,40.6,32584.8,-6.2
805,Company_805,2015,812.9,10.1,1862.6,
805,Company_805,2016,812.2,7.3,1125.2,-0.1
805,Company_805,2017,804.8,2.6,498.3,-0.9
805,Company_805,2018,774.6,-0.4,3440.7,-3.7
805,Company_805,2019,907.4,-0.5,3920.5,17.1
805,Company_805,2020,856.5,-2.1,3191.9,-5.6
805,Company_805,2021,887.8,-0.4,2105.8,3.7
805,Company_805,2022,929.2,4.1,541.4,4.7
805,Company_805,2023,827.7,2.7,352.4,-10.9
805,Company_805,2024,782.0,3.2,507.7,-5.5
805,Company_805,2025,822.8,2.9,261.7,5.2
806,Company_806,2015,682.4,10.0,758.4,
806,Company_806,2016,691.7,11.0,1303.3,1.4
806,Company_806,2017,705.8,9.3,1078.4,2.0
806,Company_806,2018,718.4,10.4,1142.8,1.8
806,Company_806,2019,746.9,7.5,954.9,4.0
806,Company_806,2020,712.0,4.7,303.3,-4.7
806,Company_806,2021,747.6,8.1,811.5,5.0
806,Company_806,2022,708.3,9.8,715.2,-5.2
806,Company_806,2023,671.6,9.0,528.8,-5.2
806,Company_806,2024,684.1,4.7,454.0,1.9
806,Company_806,2025,640.4,5.6,330.3,-6.4
807,Company_807,2015,1083.3,7.1,964.8,
807,Company_807,2016,1024.5,3.4,429.5,-5.4
807,Company_807,2017,1055.0,7.2,958.7,3.0
807,Company_807,2018,1087.0,9.1,1337.6,3.0
807,Company_807,2019,1071.1,9.3,1324.9,-1.5
807,Company_807,2020,1027.0,7.6,1234.2,-4.1
807,Company_807,2021,979.9,7.5,1096.6,-4.6
807,Company_807,2022,1033.3,11.1,1047.9,5.5
807,Company_807,2023,1090.9,8.7,1204.7,5.6
807,Company_807,2024,1101.5,9.2,1141.5,1.0
807,Company_807,2025,1169.9,9.2,1304.6,6.2
808,Company_808,2015,3886.4,26.8,32312.7,
808,Company_808,2016,4354.6,21.8,22709.8,12.0
808,Company_808,2017,5035.3,24.0,35669.3,15.6
808,Company_808,2018,5176.3,21.9,34078.7,2.8
808,Company_808,2019,6082.7,22.4,35021.4,17.5
808,Company_808,2020,6434.5,20.1,19875.6,5.8
808,Company_808,2021,6874.8,21.0,48994.5,6.8
808,Company_808,2022,7856.4,19.9,40850.6,14.3
808,Company_808,2023,8874.6,22.9,35341.3,13.0
808,Company_808,2024,11296.1,24.0,55718.5,27.3
808,Company_808,2025,12974.1,30.0,102146.7,14.9
809,Company_809,2015,413.8,13.5,475.4,
809,Company_809,2016,397.6,15.6,908.2,-3.9
809,Company_809,2017,448.0,15.5,941.0,12.7
809,Company_809,2018,431.9,14.4,816.4,-3.6
809,Company_809,2019,471.2,15.2,854.3,9.1
809,Company_809,2020,522.8,16.1,702.0,11.0
809,Company_809,2021,558.5,13.2,960.0,6.8
809,Company_809,2022,541.8,17.5,1361.4,-3.0
809,Company_809,2023,592.7,18.3,907.5,9.4
809,Company_809,2024,608.7,17.6,900.7,2.7
809,Company_809,2025,591.4,18.2,1484.0,-2.8
810,Company_810,2015,4491.9,12.1,8934.3,
810,Company_810,2016,4394.5,11.0,9887.4,-2.2
810,Company_810,2017,4417.5,10.5,10418.3,0.5
810,Company_810,2018,4537.8,12.5,7781.8,2.7
810,Company_810,2019,4877.6,12.4,10944.8,7.5
810,Company_810,2020,4139.6,12.5,7118.2,-15.1
810,Company_810,2021,4100.5,15.4,6832.0,-0.9
810,Company_810,2022,4173.4,18.2,12234.5,1.8
810,Company_810,2023,3919.4,19.8,15940.6,-6.1
810,Company_810,2024,4200.8,20.9,17252.5,7.2
810,Company_810,2025,4636.3,24.0,20993.7,10.4
811,Company_811,2015,24292.0,18.9,54888.9,
811,Company_811,2016,23675.4,19.4,43288.5,-2.5
811,Company_811,2017,23576.8,22.1,87876.5,-0.4
811,Company_811,2018,23593.8,21.8,50262.4,0.1
811,Company_811,2019,27213.7,22.0,96727.5,15.3
811,Company_811,2020,31151.2,22.4,62408.6,14.5
811,Company_811,2021,32947.5,25.5,125244.1,5.8
811,Company_811,2022,31048.2,24.9,112022.6,-5.8
811,Company_811,2023,34886.6,24.8,126640.8,12.4
811,Company_811,2024,35015.3,23.9,151424.3,0.4
811,Company_811,2025,34940.7,24.5,89226.3,-0.2
812,Company_812,2015,645.1,3.4,448.0,
812,Company_812,2016,597.9,2.1,219.4,-7.3
812,Company_812,2017,576.9,1.6,201.3,-3.5
812,Company_812,2018,611.4,5.0,295.8,6.0
812,Company_812,2019,562.9,3.6,373.7,-7.9
812,Company_812,2020,561.8,7.3,748.7,-0.2
812,Company_812,2021,556.0,8.8,409.1,-1.0
812,Company_812,2022,540.9,10.5,713.5,-2.7
812,Company_812,2023,542.0,13.1,689.9,0.2
812,Company_812,2024,498.9,16.6,1643.0,-7.9
812,Company_812,2025,522.2,15.4,1642.7,4.7
813,Company_813,2015,1309.1,17.0,3154.0,
813,Company_813,2016,1289.7,15.4,2277.7,-1.5
813,Company_813,2017,1371.9,13.6,3551.6,6.4
813,Company_813,2018,1628.4,16.7,2183.3,18.7
813,Company_813,2019,1843.3,18.7,3099.5,13.2
813,Company_813,2020,2184.7,16.1,6894.8,18.5
813,Company_813,2021,2397.3,17.4,5423.1,9.7
813,Company_813,2022,2507.5,16.7,8387.7,4.6
813,Company_813,2023,2657.5,16.7,7492.6,6.0
813,Company_813,2024,3053.1,13.9,7728.7,14.9
813,Company_813,2025,3760.6,10.3,6067.9,23.2
814,Company_814,2015,954.6,2.4,237.8,
814,Company_814,2016,1085.1,3.6,401.6,13.7
814,Company_814,2017,1042.5,5.6,829.6,-3.9
814,Company_814,2018,981.6,5.6,623.1,-5.8
814,Company_814,2019,1023.7,9.6,1345.2,4.3
814,Company_814,2020,997.1,10.5,1925.0,-2.6
814,Company_814,2021,1091.1,13.4,3203.9,9.4
814,Company_814,2022,1221.0,14.6,2565.9,11.9
814,Company_814,2023,1382.6,13.7,1905.8,13.2
814,Company_814,2024,1553.3,14.6,5472.4,12.4
814,Company_814,2025,1967.0,16.6,7120.2,26.6
815,Company_815,2015,12701.7,19.7,50424.7,
815,Company_815,2016,12975.4,23.5,106497.1,2.2
815,Company_815,2017,13441.4,22.1,60633.1,3.6
815,Company_815,2018,15179.0,21.2,88019.4,12.9
815,Company_815,2019,14443.8,18.0,40577.1,-4.8
815,Company_815,2020,15507.6,14.1,41818.7,7.4
815,Company_815,2021,15895.9,18.2,47057.0,2.5
815,Company_815,2022,16463.9,14.8,45005.4,3.6
815,Company_815,2023,19546.6,14.6,44841.4,18.7
815,Company_815,2024,21124.8,19.1,96969.4,8.1
815,Company_815,2025,23043.7,15.5,76421.0,9.1
816,Company_816,2015,1543.7,9.9,3191.4,
816,Company_816,2016,1612.7,11.9,1830.0,4.5
816,Company_816,2017,1789.3,14.6,5230.7,11.0
816,Company_816,2018,2038.5,12.7,2647.6,13.9
816,Company_816,2019,2471.1,10.1,2962.9,21.2
816,Company_816,2020,3061.7,7.8,4324.0,23.9
816,Company_816,2021,3718.5,3.6,1205.1,21.5
816,Company_816,2022,3880.3,2.7,1762.4,4.4
816,Company_816,2023,4608.7,0.3,132.9,18.8
816,Company_816,2024,4741.6,-2.6,6074.6,2.9
816,Company_816,2025,5486.0,-2.3,5894.6,15.7
817,Company_817,2015,6489.7,30.6,16027.1,
817,Company_817,2016,6855.7,28.7,23431.9,5.6
817,Company_817,2017,7927.2,35.2,24205.1,15.6
817,Company_817,2018,10282.7,28.1,56452.3,29.7
817,Company_817,2019,12623.3,29.3,54489.9,22.8
817,Company_817,2020,12241.6,29.9,69638.2,-3.0
817,Company_817,2021,13880.3,29.3,70812.0,13.4
817,Company_817,2022,14436.3,25.3,46988.8,4.0
817,Company_817,2023,17324.3,19.7,37178.1,20.0
817,Company_817,2024,20947.5,22.0,79752.6,20.9
817,Company_817,2025,25950.8,25.1,116869.6,23.9
818,Company_818,2015,500.7,8.2,863.0,
818,Company_818,2016,526.8,10.6,1001.6,5.2
818,Company_818,2017,549.1,11.2,1055.7,4.2
818,Company_818,2018,630.2,9.2,634.3,14.8
818,Company_818,2019,689.0,9.2,1067.6,9.3
818,Company_818,2020,662.6,8.9,1125.8,-3.8
818,Company_818,2021,718.6,10.5,1286.5,8.5
818,Company_818,2022,685.5,8.4,1109.9,-4.6
818,Company_818,2023,663.9,7.3,998.7,-3.2
818,Company_818,2024,634.2,5.8,774.5,-4.5
818,Company_818,2025,622.6,9.2,681.9,-1.8
819,Company_819,2015,1274.7,21.5,4544.6,
819,Company_819,2016,1290.6,24.8,2927.3,1.2
819,Company_819,2017,1495.6,21.2,5128.5,15.9
819,Company_819,2018,1521.6,18.4,3128.6,1.7
819,Company_819,2019,1941.3,14.4,5146.8,27.6
819,Company_819,2020,2319.5,12.2,2306.5,19.5
819,Company_819,2021,2307.8,9.2,3245.0,-0.5
819,Company_819,2022,2310.5,10.7,3081.4,0.1
819,Company_819,2023,2477.8,10.1,3051.5,7.2
819,Company_819,2024,2906.8,11.6,3796.5,17.3
819,Company_819,2025,2919.5,10.6,5047.0,0.4
820,Company_820,2015,335.1,3.6,157.6,
820,Company_820,2016,430.9,3.1,139.6,28.6
820,Company_820,2017,548.5,3.3,346.2,27.3
820,Company_820,2018,678.9,3.5,439.0,23.8
820,Company_820,2019,754.4,4.4,573.2,11.1
820,Company_820,2020,986.4,2.8,276.5,30.8
820,Company_820,2021,1195.6,-2.6,2189.5,21.2
820,Company_820,2022,1334.4,-16.3,1038.2,11.6
820,Company_820,2023,1411.9,-20.0,6671.5,5.8
820,Company_820,2024,1664.2,-20.0,3490.5,17.9
820,Company_820,2025,2098.4,-18.6,2130.9,26.1
821,Company_821,2015,938.3,2.7,403.7,
821,Company_821,2016,979.2,1.7,339.9,4.4
821,Company_821,2017,1001.2,4.8,1012.7,2.2
821,Company_821,2018,1118.2,7.8,1331.7,11.7
821,Company_821,2019,1346.9,9.6,1730.1,20.5
821,Company_821,2020,1460.6,12.9,1932.6,8.4
821,Company_821,2021,1425.5,9.7,2975.7,-2.4
821,Company_821,2022,1356.2,14.3,2822.4,-4.9
821,Company_821,2023,1380.0,11.7,1397.4,1.8
821,Company_821,2024,1330.5,14.6,2054.6,-3.6
821,Company_821,2025,1389.8,16.7,4286.0,4.5
822,Company_822,2015,784.6,15.8,1944.1,
822,Company_822,2016,778.4,14.2,1340.6,-0.8
822,Company_822,2017,820.2,15.7,1709.8,5.4
822,Company_822,2018,912.2,15.6,1139.5,11.2
822,Company_822,2019,743.4,15.9,1164.3,-18.5
822,Company_822,2020,804.9,16.5,2325.2,8.3
822,Company_822,2021,849.3,17.9,1963.6,5.5
822,Company_822,2022,864.5,16.5,1373.5,1.8
822,Company_822,2023,1034.4,16.1,3252.8,19.6
822,Company_822,2024,1023.0,14.4,2150.1,-1.1
822,Company_822,2025,1073.9,12.4,2168.6,5.0
823,Company_823,2015,1574.7,7.5,2370.1,
823,Company_823,2016,1624.6,7.9,1707.1,3.2
823,Company_823,2017,1668.7,7.7,1408.5,2.7
823,Company_823,2018,1733.8,6.1,1531.0,3.9
823,Company_823,2019,1709.1,6.9,2159.3,-1.4
823,Company_823,2020,1600.2,5.3,1838.6,-6.4
823,Company_823,2021,1507.9,7.1,1494.6,-5.8
823,Company_823,2022,1686.1,4.2,1644.6,11.8
823,Company_823,2023,1794.4,5.7,2126.7,6.4
823,Company_823,2024,1689.2,4.7,1506.5,-5.9
823,Company_823,2025,1722.7,4.8,1885.5,2.0
824,Company_824,2015,410.9,10.6,793.2,
824,Company_824,2016,423.4,9.4,534.0,3.1
824,Company_824,2017,474.8,9.4,486.9,12.1
824,Company_824,2018,487.7,14.5,868.5,2.7
824,Company_824,2019,520.9,16.2,1048.3,6.8
824,Company_824,2020,514.5,16.3,1609.0,-1.2
824,Company_824,2021,574.6,16.1,1218.1,11.7
824,Company_824,2022,674.9,15.7,2054.5,17.5
824,Company_824,2023,738.9,17.3,1810.5,9.5
824,Company_824,2024,771.5,16.7,2066.4,4.4
824,Company_824,2025,797.5,16.5,1143.0,3.4
825,Company_825,2015,729.6,7.0,420.4,
825,Company_825,2016,778.2,4.9,552.0,6.7
825,Company_825,2017,827.6,5.1,442.5,6.4
825,Company_825,2018,773.9,5.2,541.2,-6.5
825,Company_825,2019,809.9,3.7,360.8,4.7
825,Company_825,2020,847.1,0.7,48.0,4.6
825,Company_825,2021,900.5,0.1,14.0,6.3
825,Company_825,2022,843.7,0.3,33.1,-6.3
825,Company_825,2023,975.9,2.8,362.2,15.7
825,Company_825,2024,1046.4,2.0,289.2,7.2
825,Company_825,2025,1241.9,0.9,161.3,18.7
826,Company_826,2015,614.3,14.6,1350.0,
826,Company_826,2016,644.8,17.8,2126.9,5.0
826,Company_826,2017,655.5,17.4,1459.3,1.7
826,Company_826,2018,635.7,17.8,1911.5,-3.0
826,Company_826,2019,678.3,19.0,1280.0,6.7
826,Company_826,2020,617.1,14.2,1520.4,-9.0
826,Company_826,2021,665.5,17.0,1868.2,7.8
826,Company_826,2022,651.1,19.3,2307.9,-2.2
826,Company_826,2023,711.5,20.7,2874.0,9.3
826,Company_826,2024,719.7,22.2,1280.5,1.1
826,Company_826,2025,715.1,21.8,1444.8,-0.6
827,Company_827,2015,1464.0,4.3,758.9,
827,Company_827,2016,1491.9,5.6,1067.7,1.9
827,Company_827,2017,1569.7,6.2,1527.9,5.2
827,Company_827,2018,1954.1,5.2,1289.5,24.5
827,Company_827,2019,2216.2,8.0,2050.3,13.4
827,Company_827,2020,2115.8,13.2,4865.1,-4.5
827,Company_827,2021,2429.3,11.8,6282.4,14.8
827,Company_827,2022,2674.8,13.6,8977.6,10.1
827,Company_827,2023,2692.5,11.0,3767.2,0.7
827,Company_827,2024,2994.5,13.4,5322.8,11.2
827,Company_827,2025,3143.5,14.5,6858.4,5.0
828,Company_828,2015,5151.9,13.6,24452.6,
828,Company_828,2016,6207.0,15.7,22579.4,20.5
828,Company_828,2017,7117.0,17.0,27021.9,14.7
828,Company_828,2018,8148.3,20.6,38303.0,14.5
828,Company_828,2019,9466.2,22.6,60896.0,16.2
828,Company_828,2020,11603.8,23.7,67530.0,22.6
828,Company_828,2021,12852.9,21.2,80516.4,10.8
828,Company_828,2022,15156.3,20.2,54168.9,17.9
828,Company_828,2023,17463.2,20.1,78900.1,15.2
828,Company_828,2024,21038.7,23.9,113490.6,20.5
828,Company_828,2025,24884.9,27.2,234060.3,18.3
829,Company_829,2015,2365.2,10.7,2926.8,
829,Company_829,2016,2382.1,8.6,3034.8,0.7
829,Company_829,2017,2376.3,10.2,3095.7,-0.2
829,Company_829,2018,2574.4,8.4,2596.6,8.3
829,Company_829,2019,2608.9,5.9,2175.5,1.3
829,Company_829,2020,2679.4,4.7,2256.9,2.7
829,Company_829,2021,2579.9,2.5,1155.2,-3.7
829,Company_829,2022,2756.6,3.8,1191.0,6.9
829,Company_829,2023,3007.2,6.8,2155.6,9.1
829,Company_829,2024,3150.3,8.5,2409.6,4.8
829,Company_829,2025,3138.4,6.7,4107.1,-0.4
830,Company_830,2015,2684.5,15.9,6539.3,
830,Company_830,2016,2738.8,17.1,9415.3,2.0
830,Company_830,2017,2940.6,17.8,9608.0,7.4
830,Company_830,2018,3473.7,23.2,12784.1,18.1
830,Company_830,2019,3327.8,18.8,5130.2,-4.2
830,Company_830,2020,3661.5,19.7,11157.0,10.0
830,Company_830,2021,3954.0,20.4,12497.0,8.0
830,Company_830,2022,3712.1,19.4,13170.2,-6.1
830,Company_830,2023,3710.0,17.8,6517.7,-0.1
830,Company_830,2024,3652.8,22.0,9279.1,-1.5
830,Company_830,2025,3772.6,20.1,11732.5,3.3
831,Company_831,2015,1576.7,5.2,1146.0,
831,Company_831,2016,1829.7,7.3,1689.6,16.0
831,Company_831,2017,1940.8,8.9,2826.2,6.1
831,Company_831,2018,1933.2,8.4,2820.4,-0.4
831,Company_831,2019,2004.3,10.5,1913.4,3.7
831,Company_831,2020,2227.7,10.2,3393.3,11.1
831,Company_831,2021,2416.9,12.7,5777.4,8.5
831,Company_831,2022,2382.1,14.5,3377.5,-1.4
831,Company_831,2023,2442.0,13.4,5673.4,2.5
831,Company_831,2024,2500.3,12.6,5073.0,2.4
831,Company_831,2025,2463.0,13.2,3972.4,-1.5
832,Company_832,2015,965.9,9.5,1660.0,
832,Company_832,2016,1037.9,7.1,980.6,7.5
832,Company_832,2017,1086.3,6.8,1430.8,4.7
832,Company_832,2018,1174.4,5.7,892.6,8.1
832,Company_832,2019,1176.7,5.6,957.4,0.2
832,Company_832,2020,1159.9,5.5,1081.9,-1.4
832,Company_832,2021,1108.3,4.8,879.8,-4.4
832,Company_832,2022,1097.2,8.9,1381.4,-1.0
832,Company_832,2023,1206.9,10.3,1624.4,10.0
832,Company_832,2024,1282.8,7.8,1962.6,6.3
832,Company_832,2025,1234.0,8.8,2444.8,-3.8
833,Company_833,2015,376.5,15.9,608.4,
833,Company_833,2016,427.6,11.0,697.6,13.6
833,Company_833,2017,490.2,12.4,1467.3,14.6
833,Company_833,2018,545.7,12.4,717.8,11.3
833,Company_833,2019,663.2,9.0,1461.4,21.5
833,Company_833,2020,651.1,8.7,733.3,-1.8
833,Company_833,2021,781.5,10.5,1899.9,20.0
833,Company_833,2022,909.2,10.1,2169.3,16.3
833,Company_833,2023,1073.6,7.7,1577.4,18.1
833,Company_833,2024,1216.6,7.4,1456.0,13.3
833,Company_833,2025,1305.6,7.2,1891.5,7.3
834,Company_834,2015,7632.8,17.4,44796.8,
834,Company_834,2016,8500.4,19.1,53492.8,11.4
834,Company_834,2017,9997.3,18.2,43188.8,17.6
834,Company_834,2018,10956.3,18.9,34235.4,9.6
834,Company_834,2019,11287.1,18.7,42548.5,3.0
834,Company_834,2020,12467.2,15.3,34612.2,10.5
834,Company_834,2021,13933.0,15.1,36790.4,11.8
834,Company_834,2022,15517.6,12.7,36014.6,11.4
834,Company_834,2023,17701.1,11.8,58846.9,14.1
834,Company_834,2024,16947.4,13.0,43227.4,-4.3
834,Company_834,2025,19224.2,13.3,46957.7,13.4
835,Company_835,2015,3064.1,16.0,8522.7,
835,Company_835,2016,3416.0,16.8,9952.6,11.5
835,Company_835,2017,3128.9,13.6,6578.1,-8.4
835,Company_835,2018,3413.8,16.3,5580.4,9.1
835,Company_835,2019,3855.2,15.6,12641.2,12.9
835,Company_835,2020,4216.4,16.9,14770.0,9.4
835,Company_835,2021,3939.9,19.0,16707.8,-6.6
835,Company_835,2022,4207.1,22.0,17688.8,6.8
835,Company_835,2023,4499.2,20.8,13767.8,6.9
835,Company_835,2024,5516.0,26.3,24418.3,22.6
835,Company_835,2025,5191.5,25.2,30706.1,-5.9
836,Company_836,2015,1032.2,1.6,368.3,
836,Company_836,2016,854.5,2.3,206.3,-17.2
836,Company_836,2017,731.9,2.5,214.6,-14.3
836,Company_836,2018,674.6,1.6,217.4,-7.8
836,Company_836,2019,673.8,0.0,1.8,-0.1
836,Company_836,2020,555.8,2.4,154.1,-17.5
836,Company_836,2021,408.8,-0.3,1051.9,-26.5
836,Company_836,2022,375.4,-1.1,850.8,-8.2
836,Company_836,2023,313.0,-1.8,1403.2,-16.6
836,Company_836,2024,266.8,-1.1,578.7,-14.8
836,Company_836,2025,247.2,-1.2,1180.6,-7.3
837,Company_837,2015,1126.4,16.7,2840.7,
837,Company_837,2016,1201.8,12.7,3064.6,6.7
837,Company_837,2017,1326.6,15.0,2138.1,10.4
837,Company_837,2018,1550.2,15.1,3651.7,16.9
837,Company_837,2019,1605.3,16.4,5985.0,3.6
837,Company_837,2020,1604.8,17.1,5292.4,-0.0
837,Company_837,2021,1805.9,18.3,4386.8,12.5
837,Company_837,2022,1944.4,18.0,7988.3,7.7
837,Company_837,2023,1926.8,23.1,7715.7,-0.9
837,Company_837,2024,1978.5,22.2,9264.6,2.7
837,Company_837,2025,2234.8,21.1,10121.9,13.0
838,Company_838,2015,5686.9,7.9,5536.6,
838,Company_838,2016,6253.3,5.7,3290.7,10.0
838,Company_838,2017,7580.8,4.2,3784.3,21.2
838,Company_838,2018,9297.7,0.5,529.6,22.6
838,Company_838,2019,10805.5,0.4,422.9,16.2
838,Company_838,2020,11744.4,0.8,1413.4,8.7
838,Company_838,2021,12139.4,4.3,9995.1,3.4
838,Company_838,2022,14058.9,1.2,1921.6,15.8
838,Company_838,2023,15929.8,3.1,9588.8,13.3
838,Company_838,2024,19744.7,2.6,4300.1,23.9
838,Company_838,2025,20162.6,3.3,9098.0,2.1
839,Company_839,2015,1409.5,6.4,1932.1,
839,Company_839,2016,1347.2,11.1,3280.6,-4.4
839,Company_839,2017,1416.9,12.5,3008.5,5.2
839,Company_839,2018,1467.3,11.6,2586.4,3.6
839,Company_839,2019,1508.7,11.9,2126.3,2.8
839,Company_839,2020,1720.1,12.3,1960.8,14.0
839,Company_839,2021,1886.3,12.8,2550.3,9.7
839,Company_839,2022,2113.3,14.3,6230.3,12.0
839,Company_839,2023,2201.5,17.0,3875.7,4.2
839,Company_839,2024,2228.2,15.6,6152.5,1.2
839,Company_839,2025,2420.5,18.8,4658.4,8.6
840,Company_840,2015,1150.3,5.9,1012.5,
840,Company_840,2016,1157.7,5.2,602.3,0.6
840,Company_840,2017,1247.3,3.1,473.6,7.7
840,Company_840,2018,1293.0,2.0,243.7,3.7
840,Company_840,2019,1517.4,0.4,74.4,17.4
840,Company_840,2020,1601.5,3.7,689.2,5.5
840,Company_840,2021,1429.3,3.5,628.7,-10.8
840,Company_840,2022,1468.9,2.7,388.5,2.8
840,Company_840,2023,1789.9,2.5,662.9,21.9
840,Company_840,2024,1967.1,1.0,263.1,9.9
840,Company_840,2025,1721.6,1.4,322.5,-12.5
841,Company_841,2015,2370.8,15.9,5347.7,
841,Company_841,2016,2131.9,12.5,3991.8,-10.1
841,Company_841,2017,1934.5,17.8,5745.5,-9.3
841,Company_841,2018,1763.3,18.1,5691.1,-8.9
841,Company_841,2019,1360.9,14.5,2732.0,-22.8
841,Company_841,2020,993.0,12.9,2134.6,-27.0
841,Company_841,2021,748.0,9.4,833.3,-24.7
841,Company_841,2022,568.9,8.6,437.7,-23.9
841,Company_841,2023,460.0,8.8,532.5,-19.1
841,Company_841,2024,465.0,16.9,1156.1,1.1
841,Company_841,2025,392.1,22.3,1287.1,-15.7
842,Company_842,2015,799.2,20.1,3627.5,
842,Company_842,2016,754.8,24.4,1906.6,-5.6
842,Company_842,2017,803.0,18.3,2930.7,6.4
842,Company_842,2018,750.7,17.7,3301.3,-6.5
842,Company_842,2019,784.2,16.1,1947.7,4.5
842,Company_842,2020,777.7,18.0,3381.5,-0.8
842,Company_842,2021,731.6,15.2,2314.2,-5.9
842,Company_842,2022,723.5,18.1,2118.7,-1.1
842,Company_842,2023,678.0,19.8,1347.3,-6.3
842,Company_842,2024,685.8,23.6,2348.5,1.1
842,Company_842,2025,710.2,17.0,1408.2,3.6
843,Company_843,2015,1447.0,10.8,3775.6,
843,Company_843,2016,1570.6,10.1,2232.7,8.5
843,Company_843,2017,1771.2,10.8,2053.3,12.8
843,Company_843,2018,1694.8,9.9,2568.0,-4.3
843,Company_843,2019,1917.9,12.0,3333.6,13.2
843,Company_843,2020,1980.3,9.6,4202.8,3.3
843,Company_843,2021,2161.7,11.3,5543.4,9.2
843,Company_843,2022,2123.5,14.4,4338.6,-1.8
843,Company_843,2023,2357.7,12.6,4937.6,11.0
843,Company_843,2024,2502.5,13.8,5245.8,6.1
843,Company_843,2025,2430.5,13.7,4555.3,-2.9
844,Company_844,2015,788.2,5.4,421.3,
844,Company_844,2016,887.6,6.3,689.1,12.6
844,Company_844,2017,1010.3,5.6,561.7,13.8
844,Company_844,2018,1178.8,5.2,919.1,16.7
844,Company_844,2019,1234.2,6.9,1144.1,4.7
844,Company_844,2020,1398.7,4.8,741.0,13.3
844,Company_844,2021,1875.3,5.9,1007.6,34.1
844,Company_844,2022,2077.3,5.7,1176.6,10.8
844,Company_844,2023,1727.1,5.7,1315.8,-16.9
844,Company_844,2024,1834.8,8.2,1591.9,6.2
844,Company_844,2025,1910.2,8.8,2180.9,4.1
845,Company_845,2015,856.1,1.4,196.4,
845,Company_845,2016,951.3,0.5,112.2,11.1
845,Company_845,2017,918.9,-0.1,3762.6,-3.4
845,Company_845,2018,977.7,0.3,29.5,6.4
845,Company_845,2019,1074.8,0.1,22.3,9.9
845,Company_845,2020,1133.6,-2.6,699.0,5.5
845,Company_845,2021,1251.2,-3.1,2638.5,10.4
845,Company_845,2022,1333.1,-2.8,5856.3,6.5
845,Company_845,2023,1458.2,-1.5,852.4,9.4
845,Company_845,2024,1598.1,-0.2,3499.2,9.6
845,Company_845,2025,1871.7,0.5,160.5,17.1
846,Company_846,2015,903.5,2.4,212.1,
846,Company_846,2016,993.1,1.8,199.1,9.9
846,Company_846,2017,1014.9,0.4,50.4,2.2
846,Company_846,2018,1015.8,0.7,94.5,0.1
846,Company_846,2019,993.2,3.4,560.6,-2.2
846,Company_846,2020,1023.6,2.7,547.9,3.1
846,Company_846,2021,1030.7,10.7,1752.3,0.7
846,Company_846,2022,1149.7,7.9,1624.8,11.5
846,Company_846,2023,1254.8,2.4,523.8,9.1
846,Company_846,2024,1510.5,5.6,1456.2,20.4
846,Company_846,2025,1608.2,8.5,1876.3,6.5
847,Company_847,2015,3892.6,19.1,12361.9,
847,Company_847,2016,3903.1,20.2,9889.7,0.3
847,Company_847,2017,3904.9,22.6,15892.5,0.0
847,Company_847,2018,3687.7,21.6,14440.6,-5.6
847,Company_847,2019,4282.8,19.0,13520.9,16.1
847,Company_847,2020,4201.1,19.1,6625.5,-1.9
847,Company_847,2021,4178.8,20.3,9771.8,-0.5
847,Company_847,2022,4079.3,16.1,9125.2,-2.4
847,Company_847,2023,4600.2,16.5,6328.0,12.8
847,Company_847,2024,4741.9,14.1,12171.6,3.1
847,Company_847,2025,4425.9,8.5,4387.8,-6.7
848,Company_848,2015,602.6,11.5,1306.5,
848,Company_848,2016,557.4,11.0,935.3,-7.5
848,Company_848,2017,523.0,12.3,525.9,-6.2
848,Company_848,2018,457.7,9.0,668.2,-12.5
848,Company_848,2019,456.6,11.3,486.2,-0.2
848,Company_848,2020,433.0,10.4,858.4,-5.2
848,Company_848,2021,437.4,8.0,335.6,1.0
848,Company_848,2022,425.8,9.1,670.4,-2.7
848,Company_848,2023,370.7,9.2,426.7,-12.9
848,Company_848,2024,351.4,10.2,536.3,-5.2
848,Company_848,2025,329.1,9.6,642.7,-6.3
849,Company_849,2015,4953.1,20.2,16948.3,
849,Company_849,2016,5453.2,22.0,19469.8,10.1
849,Company_849,2017,5702.3,22.4,41450.2,4.6
849,Company_849,2018,5892.3,23.5,38698.0,3.3
849,Company_849,2019,6367.8,24.8,30023.8,8.1
849,Company_849,2020,6637.7,25.9,48844.7,4.2
849,Company_849,2021,7147.2,29.9,64496.5,7.7
849,Company_849,2022,8816.1,32.9,57134.4,23.4
849,Company_849,2023,9584.0,31.4,105029.0,8.7
849,Company_849,2024,9963.9,33.3,95041.9,4.0
849,Company_849,2025,11225.3,33.2,97669.6,12.7
850,Company_850,2015,1644.6,20.0,7114.9,
850,Company_850,2016,1934.6,18.3,7053.6,17.6
850,Company_850,2017,2205.3,16.8,4741.8,14.0
850,Company_850,2018,2230.6,20.6,8727.3,1.1
850,Company_850,2019,2634.3,18.8,5755.8,18.1
850,Company_850,2020,2834.8,16.4,7906.0,7.6
850,Company_850,2021,3354.3,14.9,12112.2,18.3
850,Company_850,2022,3993.8,14.1,9221.1,19.1
850,Company_850,2023,4489.5,11.4,10730.4,12.4
850,Company_850,2024,5507.7,6.7,5270.1,22.7
850,Company_850,2025,6212.6,10.6,15295.3,12.8
851,Company_851,2015,1162.0,15.1,2046.5,
851,Company_851,2016,945.1,13.0,1669.6,-18.7
851,Company_851,2017,902.7,7.2,755.0,-4.5
851,Company_851,2018,766.4,13.8,1600.5,-15.1
851,Company_851,2019,716.0,19.4,2657.4,-6.6
851,Company_851,2020,821.6,19.8,1678.8,14.8
851,Company_851,2021,843.2,21.5,3005.9,2.6
851,Company_851,2022,781.1,15.0,954.5,-7.4
851,Company_851,2023,671.1,17.0,2041.8,-14.1
851,Company_851,2024,584.9,13.9,655.9,-12.9
851,Company_851,2025,536.2,12.5,572.3,-8.3
852,Company_852,2015,593.1,10.4,1017.8,
852,Company_852,2016,613.0,17.7,1313.0,3.4
852,Company_852,2017,556.4,20.2,1100.9,-9.2
852,Company_852,2018,470.2,20.8,783.3,-15.5
852,Company_852,2019,385.9,16.1,529.0,-17.9
852,Company_852,2020,251.2,17.4,657.7,-34.9
852,Company_852,2021,233.4,24.1,702.9,-7.1
852,Company_852,2022,189.4,19.9,646.2,-18.8
852,Company_852,2023,149.2,25.9,357.8,-21.2
852,Company_852,2024,140.6,19.2,316.0,-5.8
852,Company_852,2025,140.6,14.9,200.6,0.0
853,Company_853,2015,801.3,14.2,1037.3,
853,Company_853,2016,682.0,19.4,2500.4,-14.9
853,Company_853,2017,593.6,17.8,1639.5,-13.0
853,Company_853,2018,437.1,12.9,904.7,-26.4
853,Company_853,2019,304.6,18.9,764.2,-30.3
853,Company_853,2020,224.9,25.9,646.0,-26.2
853,Company_853,2021,169.4,27.3,472.3,-24.7
853,Company_853,2022,124.9,27.2,570.3,-26.3
853,Company_853,2023,113.6,34.6,572.0,-9.0
853,Company_853,2024,93.1,30.5,417.4,-18.1
853,Company_853,2025,69.3,25.1,292.1,-25.5
854,Company_854,2015,2588.0,8.7,2915.4,
854,Company_854,2016,2453.6,10.3,4738.3,-5.2
854,Company_854,2017,2259.1,14.2,4079.0,-7.9
854,Company_854,2018,2166.2,12.4,4532.0,-4.1
854,Company_854,2019,2234.5,9.4,2706.0,3.2
854,Company_854,2020,2192.0,7.6,2844.2,-1.9
854,Company_854,2021,2334.8,7.0,1760.4,6.5
854,Company_854,2022,2304.8,7.9,3248.8,-1.3
854,Company_854,2023,2037.2,10.2,2752.0,-11.6
854,Company_854,2024,2253.0,10.1,4780.4,10.6
854,Company_854,2025,2343.5,7.8,3334.8,4.0
855,Company_855,2015,694.7,9.7,1064.6,
855,Company_855,2016,765.5,13.1,1663.1,10.2
855,Company_855,2017,803.9,16.3,1755.6,5.0
855,Company_855,2018,871.3,22.6,3051.0,8.4
855,Company_855,2019,962.2,18.3,2634.5,10.4
855,Company_855,2020,1053.9,20.1,4960.1,9.5
855,Company_855,2021,1063.6,19.9,3053.7,0.9
855,Company_855,2022,1102.8,20.2,2254.1,3.7
855,Company_855,2023,1021.0,20.7,3316.1,-7.4
855,Company_855,2024,1255.9,19.8,5158.7,23.0
855,Company_855,2025,1401.9,17.9,3097.3,11.6
856,Company_856,2015,1216.8,23.1,5725.7,
856,Company_856,2016,1374.8,23.2,6035.2,13.0
856,Company_856,2017,1454.4,19.6,3248.8,5.8
856,Company_856,2018,1759.0,20.7,7553.9,20.9
856,Company_856,2019,2006.8,22.1,7927.0,14.1
856,Company_856,2020,2205.2,20.9,8567.0,9.9
856,Company_856,2021,2442.0,21.5,6630.9,10.7
856,Company_856,2022,2642.5,19.0,5432.9,8.2
856,Company_856,2023,2869.7,21.8,8912.3,8.6
856,Company_856,2024,3314.6,24.5,8969.6,15.5
856,Company_856,2025,3751.1,21.4,17010.7,13.2
857,Company_857,2015,1973.0,3.1,856.9,
857,Company_857,2016,1829.9,3.6,866.0,-7.3
857,Company_857,2017,1792.1,3.1,1094.4,-2.1
857,Company_857,2018,2063.1,2.8,1237.0,15.1
857,Company_857,2019,2135.3,2.4,811.9,3.5
857,Company_857,2020,2344.1,2.3,975.3,9.8
857,Company_857,2021,2480.6,4.5,1489.6,5.8
857,Company_857,2022,2901.8,2.7,1292.7,17.0
857,Company_857,2023,3095.9,1.2,631.3,6.7
857,Company_857,2024,3396.2,-0.1,6764.4,9.7
857,Company_857,2025,3558.2,0.1,25.4,4.8
858,Company_858,2015,990.7,13.3,2512.9,
858,Company_858,2016,1159.2,13.1,2313.9,17.0
858,Company_858,2017,1396.9,12.4,2406.1,20.5
858,Company_858,2018,1590.4,15.0,2166.7,13.9
858,Company_858,2019,1885.8,16.7,2638.1,18.6
858,Company_858,2020,2248.1,17.1,3626.0,19.2
858,Company_858,2021,2779.7,11.0,3695.0,23.6
858,Company_858,2022,3247.9,11.0,6543.3,16.8
858,Company_858,2023,3465.2,9.1,6095.1,6.7
858,Company_858,2024,4084.4,6.6,2328.4,17.9
858,Company_858,2025,4774.0,5.8,3423.4,16.9
859,Company_859,2015,2080.0,7.6,1863.9,
859,Company_859,2016,1885.0,6.6,2156.6,-9.4
859,Company_859,2017,2011.0,9.3,3231.9,6.7
859,Company_859,2018,2162.5,11.2,4642.6,7.5
859,Company_859,2019,2266.6,11.4,2926.6,4.8
859,Company_859,2020,2132.2,13.5,5807.7,-5.9
859,Company_859,2021,2328.0,14.9,8568.7,9.2
859,Company_859,2022,2576.7,16.5,7733.8,10.7
859,Company_859,2023,2834.6,14.3,4440.3,10.0
859,Company_859,2024,2978.7,14.6,8470.0,5.1
859,Company_859,2025,2758.1,12.5,4637.6,-7.4
860,Company_860,2015,1294.5,7.6,2311.0,
860,Company_860,2016,1275.7,9.6,2924.1,-1.5
860,Company_860,2017,1360.2,10.8,3661.7,6.6
860,Company_860,2018,1583.7,10.9,2838.4,16.4
860,Company_860,2019,1661.5,11.7,4070.0,4.9
860,Company_860,2020,1993.2,11.2,5037.4,20.0
860,Company_860,2021,2331.1,12.2,3490.0,17.0
860,Company_860,2022,2448.4,13.1,4175.5,5.0
860,Company_860,2023,2599.2,11.8,6654.4,6.2
860,Company_860,2024,2760.7,12.2,4410.7,6.2
860,Company_860,2025,2666.6,13.6,5884.2,-3.4
861,Company_861,2015,1101.8,4.9,603.6,
861,Company_861,2016,1211.3,5.0,1326.7,9.9
861,Company_861,2017,1281.4,6.0,780.7,5.8
861,Company_861,2018,1272.7,5.4,1591.8,-0.7
861,Company_861,2019,1437.6,7.5,1953.4,13.0
861,Company_861,2020,1492.3,5.3,1142.8,3.8
861,Company_861,2021,1398.4,5.1,1689.9,-6.3
861,Company_861,2022,1672.2,5.6,1389.3,19.6
861,Company_861,2023,1650.3,9.5,1610.9,-1.3
861,Company_861,2024,1853.0,13.3,5023.3,12.3
861,Company_861,2025,1893.4,14.0,3001.6,2.2
862,Company_862,2015,2366.3,14.5,6406.3,
862,Company_862,2016,2650.0,12.1,5193.8,12.0
862,Company_862,2017,2850.3,13.4,3786.0,7.6
862,Company_862,2018,3276.4,15.2,7937.5,15.0
862,Company_862,2019,3974.4,16.8,6925.5,21.3
862,Company_862,2020,4354.4,17.4,11437.4,9.6
862,Company_862,2021,4647.6,17.1,9456.9,6.7
862,Company_862,2022,4993.3,16.5,12564.8,7.4
862,Company_862,2023,4928.6,14.3,8155.6,-1.3
862,Company_862,2024,5492.8,14.1,10399.3,11.4
862,Company_862,2025,5949.0,12.3,11128.7,8.3
863,Company_863,2015,792.9,19.9,1592.4,
863,Company_863,2016,957.1,18.6,2323.3,20.7
863,Company_863,2017,1183.6,17.8,4232.8,23.7
863,Company_863,2018,1375.7,17.0,4098.8,16.2
863,Company_863,2019,1474.6,14.1,3626.6,7.2
863,Company_863,2020,1849.9,15.2,6164.2,25.5
863,Company_863,2021,2096.4,12.8,5463.4,13.3
863,Company_863,2022,2505.8,19.6,11659.2,19.5
863,Company_863,2023,2726.7,17.4,6745.6,8.8
863,Company_863,2024,3445.4,19.4,14880.4,26.4
863,Company_863,2025,4213.9,17.3,11026.8,22.3
864,Company_864,2015,1587.4,14.7,4747.2,
864,Company_864,2016,1884.7,16.9,5745.2,18.7
864,Company_864,2017,2171.0,15.7,7625.5,15.2
864,Company_864,2018,2146.6,12.8,3314.9,-1.1
864,Company_864,2019,2215.1,13.0,3964.0,3.2
864,Company_864,2020,2460.5,14.5,6256.3,11.1
864,Company_864,2021,2640.7,13.5,3818.4,7.3
864,Company_864,2022,2788.7,12.9,3896.1,5.6
864,Company_864,2023,3117.6,12.7,8672.3,11.8
864,Company_864,2024,3320.2,13.6,6673.2,6.5
864,Company_864,2025,3611.4,12.7,8264.2,8.8
865,Company_865,2015,1432.5,0.8,179.9,
865,Company_865,2016,1610.8,-2.2,4800.5,12.4
865,Company_865,2017,1465.4,0.1,16.0,-9.0
865,Company_865,2018,1396.9,-2.1,4508.2,-4.7
865,Company_865,2019,1452.7,-0.8,2996.7,4.0
865,Company_865,2020,1543.6,-0.9,3972.0,6.3
865,Company_865,2021,1721.2,1.6,650.8,11.5
865,Company_865,2022,1842.0,4.3,1848.3,7.0
865,Company_865,2023,1878.7,4.7,1040.0,2.0
865,Company_865,2024,1794.9,3.7,994.5,-4.5
865,Company_865,2025,2209.3,1.6,839.8,23.1
866,Company_866,2015,864.0,7.7,994.2,
866,Company_866,2016,976.4,9.5,778.6,13.0
866,Company_866,2017,924.7,9.7,825.6,-5.3
866,Company_866,2018,955.6,11.0,977.8,3.3
866,Company_866,2019,1003.8,11.6,1089.2,5.0
866,Company_866,2020,1010.9,11.4,1440.1,0.7
866,Company_866,2021,1104.8,14.0,1959.1,9.3
866,Company_866,2022,1155.3,11.8,1902.2,4.6
866,Company_866,2023,1173.0,10.4,1738.8,1.5
866,Company_866,2024,1090.3,10.7,1086.8,-7.0
866,Company_866,2025,1108.8,10.3,1498.4,1.7
867,Company_867,2015,461.1,8.7,682.5,
867,Company_867,2016,419.7,7.7,718.7,-9.0
867,Company_867,2017,465.5,8.4,602.3,10.9
867,Company_867,2018,420.5,8.6,507.4,-9.7
867,Company_867,2019,424.7,9.4,562.4,1.0
867,Company_867,2020,455.7,10.1,859.4,7.3
867,Company_867,2021,438.3,11.0,1173.9,-3.8
867,Company_867,2022,452.6,10.1,666.0,3.2
867,Company_867,2023,409.9,8.5,397.1,-9.4
867,Company_867,2024,468.5,7.0,664.4,14.3
867,Company_867,2025,547.8,5.0,678.4,16.9
868,Company_868,2015,36974.2,15.9,131175.1,
868,Company_868,2016,35695.2,14.5,79939.3,-3.5
868,Company_868,2017,41361.7,11.5,126343.6,15.9
868,Company_868,2018,43647.0,9.1,121270.4,5.5
868,Company_868,2019,44862.3,9.8,114754.7,2.8
868,Company_868,2020,46826.0,9.5,141473.9,4.4
868,Company_868,2021,47871.5,10.0,132888.4,2.2
868,Company_868,2022,42570.2,12.2,127286.5,-11.1
868,Company_868,2023,39742.7,10.8,89107.5,-6.6
868,Company_868,2024,37042.3,8.6,70603.9,-6.8
868,Company_868,2025,41357.3,7.6,60954.7,11.6
869,Company_869,2015,700.2,14.0,2340.3,
869,Company_869,2016,621.0,17.9,1898.9,-11.3
869,Company_869,2017,589.4,23.3,1896.1,-5.1
869,Company_869,2018,603.4,26.7,2464.1,2.4
869,Company_869,2019,598.4,26.7,1729.2,-0.8
869,Company_869,2020,637.9,26.5,2893.9,6.6
869,Company_869,2021,666.5,29.9,4319.7,4.5
869,Company_869,2022,694.6,34.1,2844.4,4.2
869,Company_869,2023,728.9,27.4,2047.6,4.9
869,Company_869,2024,786.0,30.2,4434.6,7.8
869,Company_869,2025,820.5,30.2,2837.5,4.4
870,Company_870,2015,8353.2,9.4,10515.8,
870,Company_870,2016,8973.5,8.1,14316.8,7.4
870,Company_870,2017,9247.1,3.8,5925.8,3.0
870,Company_870,2018,9384.3,1.2,2134.9,1.5
870,Company_870,2019,9766.5,-1.2,20466.0,4.1
870,Company_870,2020,9564.7,0.5,528.5,-2.1
870,Company_870,2021,9287.1,-0.9,19718.0,-2.9
870,Company_870,2022,9322.5,-1.7,11106.3,0.4
870,Company_870,2023,9091.6,-0.3,10725.7,-2.5
870,Company_870,2024,9624.4,-0.1,9695.7,5.9
870,Company_870,2025,10588.4,2.0,2859.0,10.0
871,Company_871,2015,198.6,15.2,525.6,
871,Company_871,2016,193.1,15.3,281.8,-2.8
871,Company_871,2017,217.0,17.4,539.8,12.4
871,Company_871,2018,204.6,17.5,501.9,-5.7
871,Company_871,2019,222.7,14.6,331.6,8.8
871,Company_871,2020,244.5,15.3,414.4,9.8
871,Company_871,2021,245.0,15.1,536.1,0.2
871,Company_871,2022,264.7,16.4,348.4,8.0
871,Company_871,2023,249.9,17.0,753.6,-5.6
871,Company_871,2024,225.4,18.4,630.8,-9.8
871,Company_871,2025,262.7,18.3,737.5,16.5
872,Company_872,2015,1504.3,12.7,4665.2,
872,Company_872,2016,1376.8,15.1,2258.9,-8.5
872,Company_872,2017,1416.7,15.6,3923.1,2.9
872,Company_872,2018,1471.1,15.0,3200.3,3.8
872,Company_872,2019,1672.7,10.6,2423.9,13.7
872,Company_872,2020,1787.9,13.2,5229.7,6.9
872,Company_872,2021,1796.9,11.6,4846.9,0.5
872,Company_872,2022,1744.6,12.0,3466.2,-2.9
872,Company_872,2023,1878.5,13.5,5213.1,7.7
872,Company_872,2024,2145.0,15.4,6077.9,14.2
872,Company_872,2025,2004.3,19.0,7719.0,-6.6
873,Company_873,2015,1022.5,-3.0,1927.3,
873,Company_873,2016,1061.4,-3.6,4247.1,3.8
873,Company_873,2017,1120.2,-4.0,1393.9,5.5
873,Company_873,2018,1342.1,-4.5,2639.7,19.8
873,Company_873,2019,1357.8,-5.5,965.3,1.2
873,Company_873,2020,1432.9,-5.9,5994.9,5.5
873,Company_873,2021,1405.9,-5.7,6085.4,-1.9
873,Company_873,2022,1381.0,-5.0,2915.8,-1.8
873,Company_873,2023,1419.8,-7.2,2885.5,2.8
873,Company_873,2024,1382.6,-8.6,1198.0,-2.6
873,Company_873,2025,1557.5,-5.8,3437.0,12.7
874,Company_874,2015,1014.5,9.8,1125.0,
874,Company_874,2016,1039.1,6.0,1174.4,2.4
874,Company_874,2017,1087.3,4.6,412.7,4.6
874,Company_874,2018,1104.0,8.6,1520.0,1.5
874,Company_874,2019,1270.8,4.3,1094.7,15.1
874,Company_874,2020,1328.9,5.7,1198.4,4.6
874,Company_874,2021,1249.1,6.8,1322.6,-6.0
874,Company_874,2022,1294.8,6.5,987.7,3.7
874,Company_874,2023,1235.1,7.8,1493.7,-4.6
874,Company_874,2024,1419.9,5.2,1302.7,15.0
874,Company_874,2025,1503.4,3.4,948.0,5.9
875,Company_875,2015,3053.7,18.1,5522.8,
875,Company_875,2016,3301.5,15.1,7885.0,8.1
875,Company_875,2017,3445.5,15.9,11679.6,4.4
875,Company_875,2018,3718.8,17.9,14071.3,7.9
875,Company_875,2019,4178.1,20.2,11598.9,12.3
875,Company_875,2020,4703.0,23.5,23071.0,12.6
875,Company_875,2021,4383.6,24.7,16702.6,-6.8
875,Company_875,2022,4894.0,28.7,14750.8,11.6
875,Company_875,2023,4847.2,26.3,25939.8,-1.0
875,Company_875,2024,5477.5,23.2,14704.1,13.0
875,Company_875,2025,5944.8,23.1,27936.4,8.5
876,Company_876,2015,1921.1,16.8,4615.2,
876,Company_876,2016,1895.1,17.9,3768.2,-1.4
876,Company_876,2017,2124.9,18.9,8136.7,12.1
876,Company_876,2018,2296.5,21.4,8957.9,8.1
876,Company_876,2019,2511.6,19.2,10515.1,9.4
876,Company_876,2020,2810.9,18.8,10594.9,11.9
876,Company_876,2021,2747.6,19.5,10908.4,-2.3
876,Company_876,2022,2663.3,17.6,10241.9,-3.1
876,Company_876,2023,3004.5,18.5,9749.9,12.8
876,Company_876,2024,3258.0,15.7,12682.7,8.4
876,Company_876,2025,3361.4,17.9,12338.4,3.2
877,Company_877,2015,1024.1,2.6,362.4,
877,Company_877,2016,1232.6,4.1,953.2,20.4
877,Company_877,2017,1239.3,1.9,247.6,0.5
877,Company_877,2018,1363.4,1.8,406.7,10.0
877,Company_877,2019,1538.1,2.1,680.7,12.8
877,Company_877,2020,1637.4,4.4,1654.0,6.5
877,Company_877,2021,1834.3,3.5,1340.7,12.0
877,Company_877,2022,1790.5,0.1,52.6,-2.4
877,Company_877,2023,1897.2,-0.8,8578.6,6.0
877,Company_877,2024,1891.2,1.9,864.7,-0.3
877,Company_877,2025,1786.5,4.0,1695.6,-5.5
878,Company_878,2015,613.9,8.8,1341.4,
878,Company_878,2016,704.6,12.4,1751.2,14.8
878,Company_878,2017,732.6,10.8,1497.1,4.0
878,Company_878,2018,797.7,11.2,1183.3,8.9
878,Company_878,2019,868.3,11.6,1074.0,8.9
878,Company_878,2020,1073.5,13.5,2124.6,23.6
878,Company_878,2021,1282.3,13.6,3901.2,19.5
878,Company_878,2022,1405.8,12.8,3378.1,9.6
878,Company_878,2023,1412.9,12.6,2122.7,0.5
878,Company_878,2024,1395.7,16.3,4020.3,-1.2
878,Company_878,2025,1469.1,14.8,2599.6,5.3
879,Company_879,2015,879.5,10.0,1281.2,
879,Company_879,2016,949.5,11.0,1152.3,8.0
879,Company_879,2017,1110.0,11.8,1313.8,16.9
879,Company_879,2018,1189.5,12.1,2077.5,7.2
879,Company_879,2019,1258.2,10.8,1490.3,5.8
879,Company_879,2020,1289.5,10.4,1813.1,2.5
879,Company_879,2021,1340.0,10.8,1314.2,3.9
879,Company_879,2022,1280.1,10.2,1677.8,-4.5
879,Company_879,2023,1204.6,11.1,1978.9,-5.9
879,Company_879,2024,1168.8,9.2,1429.4,-3.0
879,Company_879,2025,1162.9,9.8,1564.1,-0.5
880,Company_880,2015,3636.5,5.8,3967.2,
880,Company_880,2016,4061.3,5.2,2852.8,11.7
880,Company_880,2017,4468.1,2.8,2556.5,10.0
880,Company_880,2018,5408.4,1.0,1283.4,21.0
880,Company_880,2019,5506.2,1.1,749.6,1.8
880,Company_880,2020,5419.1,0.8,1099.3,-1.6
880,Company_880,2021,5375.6,3.8,3695.0,-0.8
880,Company_880,2022,6196.1,4.6,2876.3,15.3
880,Company_880,2023,6669.8,2.6,2305.6,7.6
880,Company_880,2024,6939.7,0.7,915.4,4.0
880,Company_880,2025,7401.1,-0.3,8972.8,6.6
881,Company_881,2015,1165.0,14.3,2427.1,
881,Company_881,2016,1181.0,14.8,2271.0,1.4
881,Company_881,2017,1242.2,12.9,1367.3,5.2
881,Company_881,2018,1325.0,13.7,1864.1,6.7
881,Company_881,2019,1334.5,12.2,2434.6,0.7
881,Company_881,2020,1293.8,10.0,1695.7,-3.0
881,Company_881,2021,1321.7,10.6,1548.9,2.2
881,Company_881,2022,1337.7,8.2,1028.4,1.2
881,Company_881,2023,1344.1,8.0,883.3,0.5
881,Company_881,2024,1459.8,9.3,1497.3,8.6
881,Company_881,2025,1498.5,8.3,1466.6,2.7
882,Company_882,2015,5903.4,-13.8,21129.1,
882,Company_882,2016,5996.2,-20.0,17787.1,1.6
882,Company_882,2017,7082.5,-0.7,35225.0,18.1
882,Company_882,2018,7743.2,-4.6,32778.8,9.3
882,Company_882,2019,7136.0,-8.0,25726.6,-7.8
882,Company_882,2020,7163.5,-13.1,24311.7,0.4
882,Company_882,2021,8175.8,-6.8,23960.4,14.1
882,Company_882,2022,9540.2,-0.7,46038.1,16.7
882,Company_882,2023,11328.9,-1.3,47342.3,18.7
882,Company_882,2024,11562.7,-3.9,42305.1,2.1
882,Company_882,2025,11731.7,-3.8,56454.0,1.5
883,Company_883,2015,1598.9,16.8,6806.1,
883,Company_883,2016,2158.0,17.0,9253.0,35.0
883,Company_883,2017,2846.0,21.5,14758.1,31.9
883,Company_883,2018,3481.6,23.3,12488.0,22.3
883,Company_883,2019,3922.7,22.1,17381.0,12.7
883,Company_883,2020,4348.1,22.8,15804.9,10.8
883,Company_883,2021,4298.9,22.4,15193.1,-1.1
883,Company_883,2022,4937.8,21.5,22650.5,14.9
883,Company_883,2023,6159.8,21.7,29669.6,24.7
883,Company_883,2024,7644.3,22.3,46517.9,24.1
883,Company_883,2025,7897.7,22.4,42980.0,3.3
884,Company_884,2015,3825.0,7.9,7135.9,
884,Company_884,2016,3710.2,10.3,7957.1,-3.0
884,Company_884,2017,4208.8,9.4,6708.7,13.4
884,Company_884,2018,3897.6,9.4,5299.8,-7.4
884,Company_884,2019,4002.8,9.5,5721.4,2.7
884,Company_884,2020,4158.4,10.4,6274.0,3.9
884,Company_884,2021,4291.4,10.0,9627.9,3.2
884,Company_884,2022,4264.1,9.5,9232.3,-0.6
884,Company_884,2023,4202.6,11.1,5115.2,-1.4
884,Company_884,2024,4125.2,9.1,8874.5,-1.8
884,Company_884,2025,4360.4,9.2,7920.2,5.7
885,Company_885,2015,1212.5,6.7,1536.3,
885,Company_885,2016,1348.7,4.4,1318.6,11.2
885,Company_885,2017,1623.2,4.1,781.8,20.4
885,Company_885,2018,1529.5,6.6,2186.2,-5.8
885,Company_885,2019,1622.8,11.4,2880.2,6.1
885,Company_885,2020,1704.5,11.0,2449.0,5.0
885,Company_885,2021,1754.5,12.6,3861.8,2.9
885,Company_885,2022,1868.8,14.4,5848.4,6.5
885,Company_885,2023,1966.5,14.3,4682.8,5.2
885,Company_885,2024,2068.2,17.6,8283.3,5.2
885,Company_885,2025,2065.6,15.1,5053.4,-0.1
886,Company_886,2015,1284.4,12.3,3150.7,
886,Company_886,2016,1243.7,11.5,2889.5,-3.2
886,Company_886,2017,1205.3,9.7,1880.4,-3.1
886,Company_886,2018,1297.3,8.2,1684.5,7.6
886,Company_886,2019,1268.0,8.4,1471.6,-2.3
886,Company_886,2020,1268.6,9.0,2122.6,0.0
886,Company_886,2021,1209.6,9.3,2277.6,-4.7
886,Company_886,2022,1216.5,11.1,2451.9,0.6
886,Company_886,2023,1174.4,11.5,2009.9,-3.5
886,Company_886,2024,1139.7,11.8,1417.0,-3.0
886,Company_886,2025,1128.8,8.6,1410.1,-1.0
887,Company_887,2015,2853.0,9.0,2789.9,
887,Company_887,2016,2717.6,9.5,2850.8,-4.7
887,Company_887,2017,2483.3,10.3,3242.4,-8.6
887,Company_887,2018,2770.4,9.0,2014.6,11.6
887,Company_887,2019,3040.0,9.3,2529.1,9.7
887,Company_887,2020,3373.9,11.0,4118.5,11.0
887,Company_887,2021,3802.0,10.4,4713.6,12.7
887,Company_887,2022,3604.5,9.6,3814.2,-5.2
887,Company_887,2023,3624.2,10.6,5546.8,0.5
887,Company_887,2024,3735.2,8.6,4480.2,3.1
887,Company_887,2025,4003.6,7.0,3850.6,7.2
888,Company_888,2015,1272.8,9.3,1514.3,
888,Company_888,2016,1220.4,9.2,1613.0,-4.1
888,Company_888,2017,1366.1,11.1,2258.9,11.9
888,Company_888,2018,1372.7,10.8,1585.8,0.5
888,Company_888,2019,1288.9,9.0,1610.3,-6.1
888,Company_888,2020,1136.6,9.0,1180.1,-11.8
888,Company_888,2021,1002.9,7.1,591.0,-11.8
888,Company_888,2022,982.1,6.8,548.6,-2.1
888,Company_888,2023,947.1,3.9,468.1,-3.6
888,Company_888,2024,867.2,1.6,147.4,-8.4
888,Company_888,2025,835.3,2.3,278.2,-3.7
889,Company_889,2015,2517.7,7.0,3102.6,
889,Company_889,2016,2587.0,5.6,1775.8,2.8
889,Company_889,2017,2572.9,7.1,2779.2,-0.5
889,Company_889,2018,2703.5,4.3,1377.6,5.1
889,Company_889,2019,2597.7,3.1,833.5,-3.9
889,Company_889,2020,2488.1,5.7,2185.8,-4.2
889,Company_889,2021,2708.1,7.5,3512.6,8.8
889,Company_889,2022,2541.2,12.6,3398.8,-6.2
889,Company_889,2023,2740.8,13.4,6683.0,7.9
889,Company_889,2024,3445.2,13.1,10493.3,25.7
889,Company_889,2025,3933.7,14.9,8604.2,14.2
890,Company_890,2015,244.4,9.8,265.9,
890,Company_890,2016,235.3,8.0,218.9,-3.7
890,Company_890,2017,225.1,9.4,197.3,-4.4
890,Company_890,2018,226.3,8.3,183.8,0.5
890,Company_890,2019,241.6,8.7,242.9,6.8
890,Company_890,2020,209.3,9.1,247.4,-13.4
890,Company_890,2021,211.0,8.4,205.9,0.8
890,Company_890,2022,199.9,6.3,157.1,-5.3
890,Company_890,2023,216.0,5.9,178.9,8.0
890,Company_890,2024,226.3,6.2,163.7,4.8
890,Company_890,2025,202.9,5.5,161.5,-10.3
891,Company_891,2015,7955.8,9.6,14100.5,
891,Company_891,2016,9453.5,9.7,7390.2,18.8
891,Company_891,2017,10765.0,9.2,19127.1,13.9
891,Company_891,2018,13345.7,8.3,15027.0,24.0
891,Company_891,2019,13893.0,8.3,11457.7,4.1
891,Company_891,2020,14779.7,2.5,4106.3,6.4
891,Company_891,2021,17683.5,2.5,5138.7,19.6
891,Company_891,2022,19938.3,6.9,21560.3,12.8
891,Company_891,2023,22872.5,9.5,26746.4,14.7
891,Company_891,2024,24945.0,9.4,36906.9,9.1
891,Company_891,2025,30093.5,8.2,52872.6,20.6
892,Company_892,2015,824.1,2.9,257.4,
892,Company_892,2016,799.7,0.8,70.4,-3.0
892,Company_892,2017,856.8,3.4,325.9,7.1
892,Company_892,2018,896.2,3.3,258.9,4.6
892,Company_892,2019,890.6,3.4,372.3,-0.6
892,Company_892,2020,914.2,3.3,542.4,2.6
892,Company_892,2021,906.2,2.2,267.2,-0.9
892,Company_892,2022,864.0,4.1,444.9,-4.7
892,Company_892,2023,882.0,4.5,357.4,2.1
892,Company_892,2024,787.7,-0.9,1410.0,-10.7
892,Company_892,2025,718.2,-0.9,1505.9,-8.8
893,Company_893,2015,3696.3,17.5,9987.6,
893,Company_893,2016,3959.9,17.9,11820.3,7.1
893,Company_893,2017,4088.5,15.9,5285.5,3.2
893,Company_893,2018,4649.7,15.5,9281.0,13.7
893,Company_893,2019,5712.9,12.7,13557.2,22.9
893,Company_893,2020,6065.2,9.5,5041.7,6.2
893,Company_893,2021,6705.5,12.4,6833.1,10.6
893,Company_893,2022,7179.9,11.5,10680.8,7.1
893,Company_893,2023,7801.6,13.4,18683.8,8.7
893,Company_893,2024,7753.4,11.5,16846.4,-0.6
893,Company_893,2025,9447.8,10.4,14447.0,21.9
894,Company_894,2015,12207.4,12.9,22608.5,
894,Company_894,2016,12769.5,13.5,25863.7,4.6
894,Company_894,2017,13451.7,12.3,27748.0,5.3
894,Company_894,2018,12297.1,15.6,35208.2,-8.6
894,Company_894,2019,13697.6,18.9,35578.6,11.4
894,Company_894,2020,13393.6,21.0,46528.5,-2.2
894,Company_894,2021,12603.5,19.2,40403.9,-5.9
894,Company_894,2022,12012.7,19.0,27875.7,-4.7
894,Company_894,2023,12940.6,16.3,38488.9,7.7
894,Company_894,2024,13774.5,15.5,43462.2,6.4
894,Company_894,2025,15518.0,10.3,20539.8,12.7
895,Company_895,2015,8876.1,14.0,23825.4,
895,Company_895,2016,8433.9,13.0,20116.3,-5.0
895,Company_895,2017,8245.3,14.7,20809.2,-2.2
895,Company_895,2018,8399.4,17.1,16459.3,1.9
895,Company_895,2019,8095.0,15.1,20829.5,-3.6
895,Company_895,2020,8300.1,15.5,14583.2,2.5
895,Company_895,2021,8911.0,16.3,14411.7,7.4
895,Company_895,2022,8873.2,16.0,15405.5,-0.4
895,Company_895,2023,8279.2,17.6,23666.7,-6.7
895,Company_895,2024,8762.2,17.0,20101.4,5.8
895,Company_895,2025,8786.7,14.9,14500.4,0.3
896,Company_896,2015,437.3,13.5,1148.4,
896,Company_896,2016,393.7,12.6,889.1,-10.0
896,Company_896,2017,408.0,9.0,779.4,3.6
896,Company_896,2018,376.9,7.7,464.8,-7.6
896,Company_896,2019,362.5,5.7,178.3,-3.8
896,Company_896,2020,365.5,4.0,261.5,0.8
896,Company_896,2021,340.5,1.8,68.1,-6.9
896,Company_896,2022,296.8,-3.3,1063.6,-12.8
896,Company_896,2023,306.6,-5.6,1097.0,3.3
896,Company_896,2024,293.9,-5.5,723.8,-4.1
896,Company_896,2025,269.6,-6.6,312.1,-8.3
897,Company_897,2015,586.1,7.3,523.7,
897,Company_897,2016,602.9,8.4,715.2,2.9
897,Company_897,2017,624.4,9.7,738.4,3.6
897,Company_897,2018,591.6,9.9,486.9,-5.3
897,Company_897,2019,578.6,6.1,381.9,-2.2
897,Company_897,2020,593.7,5.1,284.6,2.6
897,Company_897,2021,685.7,7.4,555.6,15.5
897,Company_897,2022,735.2,7.8,487.9,7.2
897,Company_897,2023,747.7,8.3,707.8,1.7
897,Company_897,2024,728.2,8.1,474.6,-2.6
897,Company_897,2025,709.4,6.7,488.2,-2.6
898,Company_898,2015,662.0,12.4,965.4,
898,Company_898,2016,669.0,14.0,1087.1,1.1
898,Company_898,2017,657.1,16.6,1486.8,-1.8
898,Company_898,2018,720.7,18.2,1746.9,9.7
898,Company_898,2019,763.6,17.1,1243.1,6.0
898,Company_898,2020,785.0,15.2,1690.8,2.8
898,Company_898,2021,757.0,14.6,1399.6,-3.6
898,Company_898,2022,827.2,15.1,1385.0,9.3
898,Company_898,2023,902.1,13.9,1025.4,9.1
898,Company_898,2024,973.2,15.2,1679.0,7.9
898,Company_898,2025,936.3,11.6,1070.4,-3.8
899,Company_899,2015,2256.2,4.9,2157.1,
899,Company_899,2016,1974.1,5.8,1709.8,-12.5
899,Company_899,2017,2044.1,10.2,2838.0,3.5
899,Company_899,2018,2127.1,13.1,5969.6,4.1
899,Company_899,2019,2311.1,12.5,5544.8,8.7
899,Company_899,2020,2257.6,14.2,3697.7,-2.3
899,Company_899,2021,2715.0,12.2,2681.3,20.3
899,Company_899,2022,2858.8,12.3,4760.7,5.3
899,Company_899,2023,2878.0,12.3,5353.5,0.7
899,Company_899,2024,3252.0,15.4,5384.8,13.0
899,Company_899,2025,3580.3,16.0,8930.7,10.1
900,Company_900,2015,940.4,15.4,1195.5,
900,Company_900,2016,817.8,18.0,1383.3,-13.0
900,Company_900,2017,761.2,18.3,1405.3,-6.9
900,Company_900,2018,704.5,17.0,1135.0,-7.4
900,Company_900,2019,770.5,19.8,1609.8,9.4
900,Company_900,2020,662.8,20.3,1954.0,-14.0
900,Company_900,2021,697.7,20.2,1557.1,5.3
900,Company_900,2022,650.7,22.5,1263.6,-6.7
900,Company_900,2023,576.2,24.7,1470.4,-11.4
900,Company_900,2024,547.5,28.3,2013.9,-5.0
900,Company_900,2025,574.9,28.5,2082.4,5.0
901,Company_901,2015,672.6,5.7,801.0,
901,Company_901,2016,686.3,4.1,598.4,2.0
901,Company_901,2017,730.8,6.7,1078.7,6.5
901,Company_901,2018,725.4,4.4,788.8,-0.7
901,Company_901,2019,814.3,3.8,489.4,12.3
901,Company_901,2020,766.2,7.7,1249.9,-5.9
901,Company_901,2021,723.8,9.1,953.7,-5.5
901,Company_901,2022,729.4,12.6,1673.5,0.8
901,Company_901,2023,735.2,9.6,1243.9,0.8
901,Company_901,2024,817.3,8.1,758.6,11.2
901,Company_901,2025,964.6,8.0,986.6,18.0
902,Company_902,2015,416.2,10.6,359.5,
902,Company_902,2016,557.7,11.8,572.1,34.0
902,Company_902,2017,595.2,13.2,968.5,6.7
902,Company_902,2018,572.4,12.2,976.6,-3.8
902,Company_902,2019,624.3,13.2,763.1,9.1
902,Company_902,2020,609.1,16.1,896.0,-2.4
902,Company_902,2021,605.9,16.0,1274.9,-0.5
902,Company_902,2022,638.9,15.8,1196.0,5.4
902,Company_902,2023,701.8,15.9,1042.4,9.9
902,Company_902,2024,729.0,16.4,1501.7,3.9
902,Company_902,2025,800.4,13.9,943.7,9.8
903,Company_903,2015,2611.2,-1.2,10677.9,
903,Company_903,2016,2724.7,1.8,902.8,4.3
903,Company_903,2017,3052.5,-0.9,12368.5,12.0
903,Company_903,2018,3421.9,-0.9,15677.2,12.1
903,Company_903,2019,3908.2,-1.0,16425.9,14.2
903,Company_903,2020,3922.9,-1.8,6296.3,0.4
903,Company_903,2021,4716.5,-0.4,12743.3,20.2
903,Company_903,2022,5772.2,-0.2,28371.5,22.4
903,Company_903,2023,6568.8,3.0,3343.2,13.8
903,Company_903,2024,7443.4,5.3,6281.0,13.3
903,Company_903,2025,8544.4,11.0,18738.0,14.8
904,Company_904,2015,985.8,10.4,1230.9,
904,Company_904,2016,1259.9,8.9,945.7,27.8
904,Company_904,2017,1389.0,6.7,1160.6,10.2
904,Company_904,2018,1648.4,5.3,1134.6,18.7
904,Company_904,2019,1536.0,3.4,486.7,-6.8
904,Company_904,2020,1574.5,-0.2,5585.6,2.5
904,Company_904,2021,1590.5,1.4,233.7,1.0
904,Company_904,2022,1687.5,-1.3,8417.3,6.1
904,Company_904,2023,1571.4,-0.7,1596.4,-6.9
904,Company_904,2024,1812.4,-1.9,3171.2,15.3
904,Company_904,2025,1982.5,-1.9,4399.7,9.4
905,Company_905,2015,468.8,11.0,485.8,
905,Company_905,2016,429.5,14.2,1251.8,-8.4
905,Company_905,2017,493.3,14.2,1166.5,14.8
905,Company_905,2018,441.3,13.0,1151.4,-10.5
905,Company_905,2019,439.9,10.6,1007.1,-0.3
905,Company_905,2020,481.0,13.5,689.5,9.4
905,Company_905,2021,491.2,10.3,546.8,2.1
905,Company_905,2022,480.3,13.4,1056.8,-2.2
905,Company_905,2023,531.6,12.7,719.6,10.7
905,Company_905,2024,561.1,8.7,1067.4,5.6
905,Company_905,2025,558.7,6.3,369.0,-0.4
906,Company_906,2015,6113.2,5.8,3930.0,
906,Company_906,2016,6903.3,7.4,7961.1,12.9
906,Company_906,2017,6965.5,11.4,12000.0,0.9
906,Company_906,2018,7125.5,10.9,13052.8,2.3
906,Company_906,2019,6782.5,6.5,7966.5,-4.8
906,Company_906,2020,7041.3,7.4,8100.3,3.8
906,Company_906,2021,6592.0,9.4,7322.4,-6.4
906,Company_906,2022,6715.1,9.1,6500.5,1.9
906,Company_906,2023,7065.3,5.3,6634.4,5.2
906,Company_906,2024,7711.8,7.2,9878.1,9.2
906,Company_906,2025,7664.5,10.7,10316.6,-0.6
907,Company_907,2015,356.4,2.8,88.0,
907,Company_907,2016,398.8,1.7,70.2,11.9
907,Company_907,2017,475.7,4.0,222.3,19.3
907,Company_907,2018,505.9,5.0,318.9,6.3
907,Company_907,2019,577.9,4.4,231.2,14.2
907,Company_907,2020,666.5,3.3,412.4,15.3
907,Company_907,2021,668.7,1.7,187.9,0.3
907,Company_907,2022,737.3,2.3,190.0,10.3
907,Company_907,2023,839.5,0.7,68.5,13.9
907,Company_907,2024,881.7,2.0,293.2,5.0
907,Company_907,2025,968.5,-0.2,1315.5,9.8
908,Company_908,2015,4891.9,7.8,10713.8,
908,Company_908,2016,4133.6,3.1,3487.2,-15.5
908,Company_908,2017,4644.1,1.9,1753.8,12.3
908,Company_908,2018,5175.1,2.2,3548.0,11.4
908,Company_908,2019,5224.3,2.2,2894.2,1.0
908,Company_908,2020,5373.5,5.8,6998.7,2.9
908,Company_908,2021,6241.0,8.3,13974.2,16.1
908,Company_908,2022,6750.0,6.6,9607.3,8.2
908,Company_908,2023,7873.1,9.1,19599.7,16.6
908,Company_908,2024,7594.5,9.6,24987.4,-3.5
908,Company_908,2025,8189.3,11.6,28488.0,7.8
909,Company_909,2015,6281.0,16.3,13517.6,
909,Company_909,2016,6049.9,18.4,20443.6,-3.7
909,Company_909,2017,6218.5,21.4,11175.6,2.8
909,Company_909,2018,5846.4,22.6,20208.3,-6.0
909,Company_909,2019,5289.1,25.8,26973.4,-9.5
909,Company_909,2020,4750.6,28.0,15855.6,-10.2
909,Company_909,2021,3964.2,28.7,15888.0,-16.6
909,Company_909,2022,4072.0,29.2,21657.0,2.7
909,Company_909,2023,3894.9,28.3,14585.5,-4.4
909,Company_909,2024,3725.8,26.1,15335.9,-4.3
909,Company_909,2025,3392.0,27.4,13045.8,-9.0
910,Company_910,2015,1991.4,17.8,6683.8,
910,Company_910,2016,2081.4,19.9,3565.8,4.5
910,Company_910,2017,2043.8,17.5,4910.1,-1.8
910,Company_910,2018,2143.1,20.3,6933.8,4.9
910,Company_910,2019,2081.1,19.8,4186.7,-2.9
910,Company_910,2020,2258.5,19.2,5626.1,8.5
910,Company_910,2021,2549.3,21.6,6773.6,12.9
910,Company_910,2022,2772.0,20.6,9551.4,8.7
910,Company_910,2023,2950.0,17.2,5430.7,6.4
910,Company_910,2024,3147.5,14.5,8022.6,6.7
910,Company_910,2025,3283.9,16.9,10204.3,4.3
911,Company_911,2015,393.0,6.8,361.8,
911,Company_911,2016,423.7,3.8,179.9,7.8
911,Company_911,2017,452.5,1.7,154.6,6.8
911,Company_911,2018,430.2,6.0,306.2,-4.9
911,Company_911,2019,489.6,0.6,37.4,13.8
911,Company_911,2020,465.7,-0.2,277.9,-4.9
911,Company_911,2021,413.2,-1.6,1512.9,-11.3
911,Company_911,2022,391.8,1.1,39.9,-5.2
911,Company_911,2023,407.3,-0.8,300.5,4.0
911,Company_911,2024,417.4,-2.5,1051.9,2.5
911,Company_911,2025,438.0,-0.5,1689.7,4.9
912,Company_912,2015,728.7,15.1,1779.7,
912,Company_912,2016,789.6,18.4,1520.4,8.4
912,Company_912,2017,923.9,20.7,3282.3,17.0
912,Company_912,2018,981.3,19.4,3300.7,6.2
912,Company_912,2019,1118.2,21.9,2911.7,14.0
912,Company_912,2020,1204.2,23.1,3957.0,7.7
912,Company_912,2021,1179.1,22.1,3312.6,-2.1
912,Company_912,2022,1261.6,20.2,2740.5,7.0
912,Company_912,2023,1420.2,19.4,4294.1,12.6
912,Company_912,2024,1589.3,16.8,3598.0,11.9
912,Company_912,2025,1765.3,18.5,4495.3,11.1
913,Company_913,2015,622.6,2.0,204.5,
913,Company_913,2016,701.1,2.8,324.5,12.6
913,Company_913,2017,787.7,-0.4,2291.1,12.4
913,Company_913,2018,920.7,1.5,122.7,16.9
913,Company_913,2019,960.2,0.3,35.5,4.3
913,Company_913,2020,1162.9,2.5,336.3,21.1
913,Company_913,2021,1257.5,4.6,584.7,8.1
913,Company_913,2022,1189.3,1.8,362.7,-5.4
913,Company_913,2023,1246.4,-1.1,6085.1,4.8
913,Company_913,2024,1152.5,-0.8,4190.7,-7.5
913,Company_913,2025,1184.3,-2.0,1691.8,2.8
914,Company_914,2015,1717.7,12.8,2486.5,
914,Company_914,2016,1754.9,11.5,2846.0,2.2
914,Company_914,2017,1797.9,13.0,1945.1,2.5
914,Company_914,2018,1536.0,13.2,1774.7,-14.6
914,Company_914,2019,1588.9,11.8,2701.9,3.4
914,Company_914,2020,1648.9,11.7,1781.5,3.8
914,Company_914,2021,1808.2,11.7,2766.2,9.7
914,Company_914,2022,1741.9,11.3,1929.4,-3.7
914,Company_914,2023,1806.9,13.2,2484.1,3.7
914,Company_914,2024,1969.1,13.5,2193.1,9.0
914,Company_914,2025,1812.5,13.9,3416.9,-8.0
915,Company_915,2015,725.7,-2.8,3063.1,
915,Company_915,2016,823.6,-3.6,2946.0,13.5
915,Company_915,2017,897.3,-0.2,758.4,8.9
915,Company_915,2018,1012.8,-1.2,3734.2,12.9
915,Company_915,2019,1094.9,0.8,107.9,8.1
915,Company_915,2020,1248.1,0.3,55.9,14.0
915,Company_915,2021,1355.6,1.2,153.8,8.6
915,Company_915,2022,1341.5,1.8,426.4,-1.0
915,Company_915,2023,1429.7,3.1,606.3,6.6
915,Company_915,2024,1263.9,3.7,832.0,-11.6
915,Company_915,2025,1111.7,7.8,1224.4,-12.0
916,Company_916,2015,1153.5,5.1,906.4,
916,Company_916,2016,1173.8,10.1,1322.5,1.8
916,Company_916,2017,1104.6,15.0,2510.2,-5.9
916,Company_916,2018,1047.4,11.2,2242.2,-5.2
916,Company_916,2019,1259.6,8.4,1866.7,20.3
916,Company_916,2020,1430.0,12.0,1542.4,13.5
916,Company_916,2021,1502.1,12.2,3288.0,5.0
916,Company_916,2022,1447.0,14.3,3077.8,-3.7
916,Company_916,2023,1359.2,13.0,3758.2,-6.1
916,Company_916,2024,1365.4,10.4,2973.0,0.5
916,Company_916,2025,1468.4,10.5,2211.3,7.5
917,Company_917,2015,5942.4,8.0,4916.2,
917,Company_917,2016,6103.0,8.5,7524.0,2.7
917,Company_917,2017,6418.3,5.9,3428.2,5.2
917,Company_917,2018,7547.2,-3.6,22167.1,17.6
917,Company_917,2019,8975.6,1.0,796.1,18.9
917,Company_917,2020,9808.0,-4.6,22852.6,9.3
917,Company_917,2021,10815.1,-19.4,16405.3,10.3
917,Company_917,2022,13136.2,-13.3,33550.1,21.5
917,Company_917,2023,13214.8,-18.3,37625.0,0.6
917,Company_917,2024,14453.7,-17.8,64735.6,9.4
917,Company_917,2025,15478.0,-13.5,59528.3,7.1
918,Company_918,2015,1035.9,6.7,575.1,
918,Company_918,2016,924.9,6.5,693.0,-10.7
918,Company_918,2017,979.0,5.3,582.0,5.8
918,Company_918,2018,1095.2,7.3,1011.7,11.9
918,Company_918,2019,1104.1,6.4,840.0,0.8
918,Company_918,2020,1208.8,7.4,1236.6,9.5
918,Company_918,2021,1361.1,7.6,969.3,12.6
918,Company_918,2022,1514.8,7.2,1340.1,11.3
918,Company_918,2023,1616.0,7.7,1520.0,6.7
918,Company_918,2024,1717.4,7.9,1172.6,6.3
918,Company_918,2025,1848.8,7.8,2008.0,7.7
919,Company_919,2015,2871.1,11.7,5961.6,
919,Company_919,2016,3282.3,11.9,9382.1,14.3
919,Company_919,2017,3902.6,8.8,7976.1,18.9
919,Company_919,2018,4499.2,5.5,4245.5,15.3
919,Company_919,2019,5271.5,6.0,5843.5,17.2
919,Company_919,2020,6140.0,2.1,3167.9,16.5
919,Company_919,2021,6716.1,3.0,4943.0,9.4
919,Company_919,2022,7829.2,0.9,1384.9,16.6
919,Company_919,2023,10213.6,-0.5,14988.7,30.5
919,Company_919,2024,12045.9,-0.1,46797.8,17.9
919,Company_919,2025,13844.0,0.8,1950.3,14.9
920,Company_920,2015,1386.5,23.8,5625.8,
920,Company_920,2016,1508.9,22.5,5394.2,8.8
920,Company_920,2017,1488.6,22.2,6532.7,-1.3
920,Company_920,2018,1433.2,23.1,6037.6,-3.7
920,Company_920,2019,1418.0,22.5,4697.8,-1.1
920,Company_920,2020,1520.9,20.1,3237.3,7.3
920,Company_920,2021,1495.5,21.0,4109.3,-1.7
920,Company_920,2022,1303.5,22.6,3363.0,-12.8
920,Company_920,2023,1180.9,21.0,4376.6,-9.4
920,Company_920,2024,1198.7,22.0,3986.9,1.5
920,Company_920,2025,1191.7,25.3,2426.1,-0.6
921,Company_921,2015,2132.2,21.4,9413.8,
921,Company_921,2016,2430.0,20.7,10902.7,14.0
921,Company_921,2017,2837.5,17.5,5888.4,16.8
921,Company_921,2018,2995.2,20.4,8690.5,5.6
921,Company_921,2019,3279.4,20.1,14917.1,9.5
921,Company_921,2020,3614.8,20.8,17626.0,10.2
921,Company_921,2021,4093.2,20.6,8810.2,13.2
921,Company_921,2022,4545.1,21.4,12250.5,11.0
921,Company_921,2023,5151.7,23.0,27369.5,13.3
921,Company_921,2024,6226.3,27.8,19744.4,20.9
921,Company_921,2025,6613.5,26.6,26312.7,6.2
922,Company_922,2015,1240.2,20.6,4376.9,
922,Company_922,2016,1143.6,19.6,5380.7,-7.8
922,Company_922,2017,1136.7,23.0,4248.4,-0.6
922,Company_922,2018,1078.9,22.2,2619.5,-5.1
922,Company_922,2019,1156.2,20.2,5790.9,7.2
922,Company_922,2020,984.1,20.3,4114.9,-14.9
922,Company_922,2021,976.7,19.4,4366.2,-0.8
922,Company_922,2022,906.6,16.6,2754.5,-7.2
922,Company_922,2023,957.1,12.4,2792.5,5.6
922,Company_922,2024,981.9,13.2,2010.1,2.6
922,Company_922,2025,991.3,12.9,1480.9,1.0
923,Company_923,2015,411.1,1.0,52.3,
923,Company_923,2016,492.0,1.4,82.7,19.7
923,Company_923,2017,541.9,2.0,152.2,10.1
923,Company_923,2018,608.9,-0.4,627.0,12.4
923,Company_923,2019,673.4,-0.9,2699.5,10.6
923,Company_923,2020,717.9,0.1,7.1,6.6
923,Company_923,2021,804.7,-1.7,1403.6,12.1
923,Company_923,2022,892.6,3.1,458.4,10.9
923,Company_923,2023,1062.3,1.6,291.1,19.0
923,Company_923,2024,1088.4,2.6,364.5,2.5
923,Company_923,2025,1212.3,0.8,162.3,11.4
924,Company_924,2015,886.7,-1.2,2726.8,
924,Company_924,2016,866.7,1.2,193.5,-2.3
924,Company_924,2017,942.9,2.0,209.3,8.8
924,Company_924,2018,863.8,2.2,244.4,-8.4
924,Company_924,2019,850.9,1.6,159.2,-1.5
924,Company_924,2020,897.1,0.6,116.0,5.4
924,Company_924,2021,931.9,-1.9,4231.5,3.9
924,Company_924,2022,967.5,0.5,72.6,3.8
924,Company_924,2023,917.9,2.2,309.3,-5.1
924,Company_924,2024,868.1,0.9,99.1,-5.4
924,Company_924,2025,916.3,2.0,396.5,5.5
925,Company_925,2015,697.3,11.4,1080.7,
925,Company_925,2016,687.5,12.0,1060.5,-1.4
925,Company_925,2017,816.5,12.7,1447.7,18.8
925,Company_925,2018,783.7,14.2,966.0,-4.0
925,Company_925,2019,741.9,13.6,926.3,-5.3
925,Company_925,2020,806.5,13.1,972.3,8.7
925,Company_925,2021,875.9,15.8,1146.2,8.6
925,Company_925,2022,941.4,14.9,1749.9,7.5
925,Company_925,2023,972.9,15.4,1364.4,3.3
925,Company_925,2024,1027.5,15.4,1905.6,5.6
925,Company_925,2025,950.9,15.4,1332.8,-7.5
926,Company_926,2015,255.1,5.5,311.4,
926,Company_926,2016,260.1,5.3,251.1,2.0
926,Company_926,2017,305.9,5.2,374.4,17.6
926,Company_926,2018,311.9,7.2,516.9,2.0
926,Company_926,2019,292.8,7.7,492.5,-6.1
926,Company_926,2020,275.3,9.1,507.8,-6.0
926,Company_926,2021,277.3,10.8,407.0,0.7
926,Company_926,2022,293.0,8.4,291.9,5.7
926,Company_926,2023,336.6,9.9,490.2,14.9
926,Company_926,2024,339.5,11.2,443.7,0.8
926,Company_926,2025,361.5,9.7,632.7,6.5
927,Company_927,2015,884.4,10.4,1540.8,
927,Company_927,2016,960.3,11.3,1923.1,8.6
927,Company_927,2017,867.1,12.0,1881.3,-9.7
927,Company_927,2018,910.9,13.6,1045.5,5.1
927,Company_927,2019,931.3,12.4,2192.7,2.2
927,Company_927,2020,990.0,10.4,1292.4,6.3
927,Company_927,2021,919.3,8.3,797.1,-7.1
927,Company_927,2022,801.6,11.1,953.1,-12.8
927,Company_927,2023,730.9,15.2,1955.8,-8.8
927,Company_927,2024,718.8,11.5,1371.5,-1.7
927,Company_927,2025,784.8,10.4,1035.9,9.2
928,Company_928,2015,3007.0,16.6,7305.2,
928,Company_928,2016,3662.0,17.9,7475.2,21.8
928,Company_928,2017,4034.2,25.3,25217.6,10.2
928,Company_928,2018,4457.8,25.8,14177.2,10.5
928,Company_928,2019,4665.1,27.5,26206.4,4.6
928,Company_928,2020,5216.2,29.9,18894.7,11.8
928,Company_928,2021,5430.0,28.9,36400.1,4.1
928,Company_928,2022,5767.6,29.9,32126.7,6.2
928,Company_928,2023,6344.9,29.6,41856.0,10.0
928,Company_928,2024,7268.9,25.6,31428.1,14.6
928,Company_928,2025,7429.9,25.3,45699.8,2.2
929,Company_929,2015,785.0,8.2,1157.7,
929,Company_929,2016,807.5,6.6,564.5,2.9
929,Company_929,2017,846.5,3.8,650.6,4.8
929,Company_929,2018,818.3,5.8,390.7,-3.3
929,Company_929,2019,848.0,5.9,482.0,3.6
929,Company_929,2020,967.5,9.6,1081.2,14.1
929,Company_929,2021,1054.2,10.4,1250.7,9.0
929,Company_929,2022,1190.7,5.9,1104.7,12.9
929,Company_929,2023,1044.0,8.8,2002.3,-12.3
929,Company_929,2024,1169.5,6.9,919.9,12.0
929,Company_929,2025,1210.3,8.5,1271.8,3.5
930,Company_930,2015,326.9,6.0,385.8,
930,Company_930,2016,364.4,5.1,328.9,11.5
930,Company_930,2017,364.2,6.0,375.3,-0.1
930,Company_930,2018,394.2,3.1,122.0,8.2
930,Company_930,2019,452.3,1.7,69.3,14.7
930,Company_930,2020,441.0,3.3,176.3,-2.5
930,Company_930,2021,408.7,3.9,307.3,-7.3
930,Company_930,2022,410.7,-2.9,1423.3,0.5
930,Company_930,2023,455.1,-3.1,373.1,10.8
930,Company_930,2024,465.8,-7.8,692.5,2.4
930,Company_930,2025,495.2,-2.3,2327.6,6.3
931,Company_931,2015,9799.7,24.1,24694.5,
931,Company_931,2016,8441.2,13.4,19912.8,-13.9
931,Company_931,2017,7174.3,20.4,18684.4,-15.0
931,Company_931,2018,6372.0,17.0,9622.3,-11.2
931,Company_931,2019,5697.6,19.1,14413.6,-10.6
931,Company_931,2020,4899.6,23.4,15351.2,-14.0
931,Company_931,2021,5056.3,24.2,22239.0,3.2
931,Company_931,2022,4576.1,16.1,6003.1,-9.5
931,Company_931,2023,3887.5,18.4,6324.4,-15.0
931,Company_931,2024,3307.4,26.6,8457.9,-14.9
931,Company_931,2025,2663.5,21.5,7584.2,-19.5
932,Company_932,2015,410.0,6.3,367.8,
932,Company_932,2016,422.9,3.1,148.2,3.1
932,Company_932,2017,388.3,6.2,438.5,-8.2
932,Company_932,2018,355.6,5.8,213.2,-8.4
932,Company_932,2019,370.5,3.9,166.3,4.2
932,Company_932,2020,376.7,6.6,514.4,1.7
932,Company_932,2021,332.0,5.7,222.2,-11.9
932,Company_932,2022,357.5,8.6,467.8,7.7
932,Company_932,2023,340.9,6.6,248.8,-4.6
932,Company_932,2024,300.0,6.2,259.7,-12.0
932,Company_932,2025,324.8,5.8,351.0,8.3
933,Company_933,2015,2020.4,11.6,3219.0,
933,Company_933,2016,2097.2,11.2,4122.9,3.8
933,Company_933,2017,2186.5,15.7,7820.3,4.3
933,Company_933,2018,2338.0,18.2,7949.9,6.9
933,Company_933,2019,2393.5,18.7,10172.9,2.4
933,Company_933,2020,2657.3,19.3,7221.6,11.0
933,Company_933,2021,2997.8,16.7,12030.8,12.8
933,Company_933,2022,3520.5,17.2,8502.2,17.4
933,Company_933,2023,3627.0,16.5,9313.7,3.0
933,Company_933,2024,3731.5,15.4,9724.4,2.9
933,Company_933,2025,3858.1,15.4,11078.0,3.4
934,Company_934,2015,2063.2,7.5,3724.5,
934,Company_934,2016,2176.8,9.6,2732.0,5.5
934,Company_934,2017,2022.6,10.2,2260.2,-7.1
934,Company_934,2018,1940.5,8.6,2914.0,-4.1
934,Company_934,2019,1727.2,10.4,3498.5,-11.0
934,Company_934,2020,1670.9,10.4,2918.2,-3.3
934,Company_934,2021,1745.0,13.0,2991.6,4.4
934,Company_934,2022,1765.8,15.2,6200.4,1.2
934,Company_934,2023,1842.2,19.0,5530.1,4.3
934,Company_934,2024,1962.1,17.3,5611.8,6.5
934,Company_934,2025,2156.1,17.2,7132.3,9.9
935,Company_935,2015,804.5,16.3,3244.2,
935,Company_935,2016,892.6,13.9,2975.6,10.9
935,Company_935,2017,964.2,13.0,1422.9,8.0
935,Company_935,2018,1006.9,14.0,2698.8,4.4
935,Company_935,2019,1247.7,10.5,2741.6,23.9
935,Company_935,2020,1249.4,11.7,2211.5,0.1
935,Company_935,2021,1261.5,11.4,2364.8,1.0
935,Company_935,2022,1379.4,11.5,3164.5,9.3
935,Company_935,2023,1616.3,10.1,1647.2,17.2
935,Company_935,2024,1662.4,10.7,3230.0,2.9
935,Company_935,2025,1832.8,11.6,3870.8,10.2
936,Company_936,2015,3609.0,13.0,8820.1,
936,Company_936,2016,3263.8,13.1,5648.4,-9.6
936,Company_936,2017,3269.9,8.9,5732.9,0.2
936,Company_936,2018,3650.6,8.5,2768.0,11.6
936,Company_936,2019,3143.7,9.0,5379.1,-13.9
936,Company_936,2020,2964.1,-0.6,6665.2,-5.7
936,Company_936,2021,3079.1,3.5,1445.5,3.9
936,Company_936,2022,3251.0,-2.3,7112.7,5.6
936,Company_936,2023,3456.0,-7.2,9826.1,6.3
936,Company_936,2024,3001.1,-3.0,6335.5,-13.2
936,Company_936,2025,3197.2,-0.3,5905.6,6.5
937,Company_937,2015,2758.1,20.1,18405.8,
937,Company_937,2016,3184.8,22.5,11340.6,15.5
937,Company_937,2017,3746.0,28.5,27693.5,17.6
937,Company_937,2018,4695.4,25.6,30330.4,25.3
937,Company_937,2019,5070.5,24.8,34377.8,8.0
937,Company_937,2020,5647.2,24.2,44127.3,11.4
937,Company_937,2021,6362.0,22.4,32430.7,12.7
937,Company_937,2022,7258.1,23.5,43832.5,14.1
937,Company_937,2023,8501.3,29.2,82272.5,17.1
937,Company_937,2024,9292.6,29.1,66696.8,9.3
937,Company_937,2025,10244.8,29.4,79167.8,10.2
938,Company_938,2015,1031.0,9.3,1087.4,
938,Company_938,2016,1177.7,11.9,3218.7,14.2
938,Company_938,2017,1272.7,15.3,4330.7,8.1
938,Company_938,2018,1407.2,13.8,2222.2,10.6
938,Company_938,2019,1362.5,13.8,2381.4,-3.2
938,Company_938,2020,1396.8,13.6,2697.7,2.5
938,Company_938,2021,1519.4,16.7,3181.7,8.8
938,Company_938,2022,1612.7,17.4,5779.5,6.1
938,Company_938,2023,1755.5,19.5,7050.2,8.9
938,Company_938,2024,2064.0,18.3,4220.7,17.6
938,Company_938,2025,2144.8,17.4,7918.1,3.9
939,Company_939,2015,750.4,14.0,1719.3,
939,Company_939,2016,781.9,16.1,1670.1,4.2
939,Company_939,2017,800.2,16.0,3104.2,2.3
939,Company_939,2018,727.3,15.8,1437.1,-9.1
939,Company_939,2019,733.5,17.1,1584.3,0.9
939,Company_939,2020,706.4,14.2,1515.8,-3.7
939,Company_939,2021,660.8,11.0,1161.2,-6.5
939,Company_939,2022,592.9,8.6,1217.7,-10.3
939,Company_939,2023,647.9,8.9,1118.0,9.3
939,Company_939,2024,714.0,10.8,1325.6,10.2
939,Company_939,2025,701.8,11.4,1840.7,-1.7
940,Company_940,2015,621.5,12.6,1379.2,
940,Company_940,2016,577.2,10.8,1374.8,-7.1
940,Company_940,2017,582.5,9.1,1269.8,0.9
940,Company_940,2018,551.9,11.1,762.7,-5.3
940,Company_940,2019,575.8,12.6,1523.1,4.3
940,Company_940,2020,681.2,11.3,1250.8,18.3
940,Company_940,2021,691.2,11.4,1627.4,1.5
940,Company_940,2022,735.3,14.5,1443.9,6.4
940,Company_940,2023,785.1,11.8,1929.0,6.8
940,Company_940,2024,928.1,13.2,2121.1,18.2
940,Company_940,2025,988.5,15.5,1664.0,6.5
941,Company_941,2015,4322.7,13.5,13700.8,
941,Company_941,2016,4777.1,13.8,14064.0,10.5
941,Company_941,2017,5365.7,16.4,12502.9,12.3
941,Company_941,2018,5537.5,16.2,12129.8,3.2
941,Company_941,2019,5585.1,16.1,16256.0,0.9
941,Company_941,2020,5799.0,13.2,8481.7,3.8
941,Company_941,2021,5975.2,12.9,13669.8,3.0
941,Company_941,2022,5836.7,12.7,17052.4,-2.3
941,Company_941,2023,6608.5,10.2,11394.1,13.2
941,Company_941,2024,6823.4,8.5,12638.5,3.3
941,Company_941,2025,7028.0,8.7,8675.8,3.0
942,Company_942,2015,604.5,5.6,658.9,
942,Company_942,2016,560.1,3.0,304.1,-7.3
942,Company_942,2017,574.0,-1.9,1136.9,2.5
942,Company_942,2018,585.6,1.4,121.7,2.0
942,Company_942,2019,594.0,0.1,5.6,1.4
942,Company_942,2020,542.5,4.7,296.2,-8.7
942,Company_942,2021,510.5,2.8,153.4,-5.9
942,Company_942,2022,451.5,3.6,252.2,-11.6
942,Company_942,2023,499.5,2.9,258.5,10.6
942,Company_942,2024,538.2,0.3,15.2,7.8
942,Company_942,2025,564.1,-1.0,443.7,4.8
943,Company_943,2015,471.6,8.2,666.6,
943,Company_943,2016,518.3,7.1,424.8,9.9
943,Company_943,2017,593.3,8.4,923.9,14.5
943,Company_943,2018,690.2,12.5,878.1,16.3
943,Company_943,2019,769.7,12.1,1325.7,11.5
943,Company_943,2020,854.5,11.1,1316.0,11.0
943,Company_943,2021,947.1,14.4,2022.7,10.8
943,Company_943,2022,1062.0,15.9,2158.2,12.1
943,Company_943,2023,1126.5,18.3,3520.6,6.1
943,Company_943,2024,1273.1,16.4,2257.0,13.0
943,Company_943,2025,1326.1,18.0,2603.7,4.2
944,Company_944,2015,2730.5,15.1,6908.9,
944,Company_944,2016,2902.0,12.8,2971.2,6.3
944,Company_944,2017,2891.9,14.7,7634.8,-0.3
944,Company_944,2018,2498.8,14.1,2830.2,-13.6
944,Company_944,2019,2545.0,11.8,3225.3,1.8
944,Company_944,2020,2650.9,13.2,3536.7,4.2
944,Company_944,2021,2326.1,12.2,4258.1,-12.3
944,Company_944,2022,2369.2,14.0,5621.6,1.9
944,Company_944,2023,2245.5,15.4,6490.9,-5.2
944,Company_944,2024,2406.1,19.3,4241.4,7.2
944,Company_944,2025,2252.2,18.9,6448.7,-6.4
945,Company_945,2015,1557.9,9.4,2040.2,
945,Company_945,2016,1585.7,9.5,1261.0,1.8
945,Company_945,2017,1675.0,8.7,1421.8,5.6
945,Company_945,2018,1827.7,8.6,2872.0,9.1
945,Company_945,2019,1952.1,9.7,3423.7,6.8
945,Company_945,2020,2137.0,12.4,3135.8,9.5
945,Company_945,2021,2506.1,11.0,4590.4,17.3
945,Company_945,2022,2399.4,10.3,2629.4,-4.3
945,Company_945,2023,2679.6,7.8,4050.4,11.7
945,Company_945,2024,3134.6,4.8,1764.0,17.0
945,Company_945,2025,3622.1,4.0,1409.9,15.6
946,Company_946,2015,1903.7,6.4,2395.3,
946,Company_946,2016,1818.2,7.8,1491.0,-4.5
946,Company_946,2017,1874.4,8.9,1957.0,3.1
946,Company_946,2018,2045.2,10.1,3119.1,9.1
946,Company_946,2019,2266.7,8.7,2524.4,10.8
946,Company_946,2020,2357.4,9.4,4026.5,4.0
946,Company_946,2021,2591.4,7.7,2185.3,9.9
946,Company_946,2022,2765.4,11.8,5643.8,6.7
946,Company_946,2023,2944.2,15.5,5559.7,6.5
946,Company_946,2024,2758.0,18.3,7284.5,-6.3
946,Company_946,2025,3164.0,17.2,9653.4,14.7
947,Company_947,2015,2821.7,4.0,1294.5,
947,Company_947,2016,3449.3,3.2,1789.8,22.2
947,Company_947,2017,3698.8,3.7,3212.8,7.2
947,Company_947,2018,3715.8,4.7,3292.2,0.5
947,Company_947,2019,3705.0,8.7,5334.3,-0.3
947,Company_947,2020,3660.2,7.5,4217.9,-1.2
947,Company_947,2021,3628.6,7.6,5249.1,-0.9
947,Company_947,2022,4250.4,8.9,6904.0,17.1
947,Company_947,2023,4486.3,10.6,9720.1,5.6
947,Company_947,2024,4159.3,10.5,10193.3,-7.3
947,Company_947,2025,3861.6,6.6,4165.7,-7.2
948,Company_948,2015,879.4,3.4,389.8,
948,Company_948,2016,842.6,3.6,471.3,-4.2
948,Company_948,2017,983.2,1.0,119.0,16.7
948,Company_948,2018,953.5,-1.6,1580.4,-3.0
948,Company_948,2019,1093.6,-3.1,1426.4,14.7
948,Company_948,2020,940.0,-2.8,3412.8,-14.0
948,Company_948,2021,1008.4,-2.4,4918.0,7.3
948,Company_948,2022,1068.7,-0.2,663.4,6.0
948,Company_948,2023,1194.5,1.8,349.2,11.8
948,Company_948,2024,1411.9,2.2,780.6,18.2
948,Company_948,2025,1573.8,2.7,467.3,11.5
949,Company_949,2015,1395.6,11.0,2241.5,
949,Company_949,2016,1489.7,3.7,678.8,6.7
949,Company_949,2017,1457.3,0.3,81.4,-2.2
949,Company_949,2018,1467.7,-4.4,1090.3,0.7
949,Company_949,2019,1423.3,-5.1,6816.8,-3.0
949,Company_949,2020,1528.0,-5.2,4760.1,7.4
949,Company_949,2021,1384.4,-6.2,1141.4,-9.4
949,Company_949,2022,1349.6,-13.2,4044.2,-2.5
949,Company_949,2023,1512.5,-11.9,4865.0,12.1
949,Company_949,2024,1394.9,-7.8,1094.5,-7.8
949,Company_949,2025,1438.0,-10.0,4417.7,3.1
950,Company_950,2015,9158.1,24.0,73689.2,
950,Company_950,2016,9331.4,25.3,41423.3,1.9
950,Company_950,2017,8953.7,24.4,66136.1,-4.0
950,Company_950,2018,9370.5,28.6,87520.0,4.7
950,Company_950,2019,9286.5,27.4,65006.4,-0.9
950,Company_950,2020,9034.0,24.2,67924.0,-2.7
950,Company_950,2021,8446.2,29.0,79474.4,-6.5
950,Company_950,2022,10248.9,29.3,66139.7,21.3
950,Company_950,2023,10821.5,28.1,81406.6,5.6
950,Company_950,2024,11164.2,27.2,58444.3,3.2
950,Company_950,2025,10192.6,28.0,77210.6,-8.7
951,Company_951,2015,411.0,1.8,145.5,
951,Company_951,2016,400.8,0.7,36.4,-2.5
951,Company_951,2017,378.0,4.6,293.0,-5.7
951,Company_951,2018,430.4,4.3,349.9,13.9
951,Company_951,2019,410.3,2.8,151.7,-4.7
951,Company_951,2020,420.0,-3.4,1852.9,2.3
951,Company_951,2021,373.8,-3.7,538.3,-11.0
951,Company_951,2022,370.8,-1.5,895.6,-0.8
951,Company_951,2023,367.9,-0.6,1394.2,-0.8
951,Company_951,2024,401.8,-4.0,1177.5,9.2
951,Company_951,2025,434.5,-7.0,1546.0,8.1
952,Company_952,2015,9850.2,4.6,6471.1,
952,Company_952,2016,10536.1,-5.0,28537.2,7.0
952,Company_952,2017,10107.5,-13.0,10772.7,-4.1
952,Company_952,2018,9428.2,-7.1,46532.8,-6.7
952,Company_952,2019,9140.7,-3.7,15545.1,-3.0
952,Company_952,2020,9091.7,-3.1,40257.7,-0.5
952,Company_952,2021,7922.4,-3.8,35776.4,-12.9
952,Company_952,2022,6525.7,-10.6,24483.7,-17.6
952,Company_952,2023,6323.2,-10.3,15729.7,-3.1
952,Company_952,2024,6102.1,-5.0,20643.4,-3.5
952,Company_952,2025,6877.7,-11.8,23798.1,12.7
953,Company_953,2015,2028.5,19.9,8650.7,
953,Company_953,2016,2458.8,17.2,11095.7,21.2
953,Company_953,2017,2763.5,15.5,9884.0,12.4
953,Company_953,2018,2769.6,13.7,12258.7,0.2
953,Company_953,2019,3035.6,13.4,7232.8,9.6
953,Company_953,2020,3371.9,11.6,9404.9,11.1
953,Company_953,2021,3949.8,14.2,11978.4,17.1
953,Company_953,2022,3958.1,14.7,17066.3,0.2
953,Company_953,2023,4621.8,13.8,19129.7,16.8
953,Company_953,2024,5096.7,14.4,21009.0,10.3
953,Company_953,2025,6218.1,19.2,30086.8,22.0
954,Company_954,2015,882.2,6.7,707.5,
954,Company_954,2016,850.4,6.9,646.9,-3.6
954,Company_954,2017,842.0,8.8,736.8,-1.0
954,Company_954,2018,922.6,9.4,1243.6,9.6
954,Company_954,2019,971.2,10.8,1176.6,5.3
954,Company_954,2020,1035.2,12.3,1664.2,6.6
954,Company_954,2021,1025.1,13.3,1950.5,-1.0
954,Company_954,2022,1095.3,12.2,1451.6,6.8
954,Company_954,2023,1138.9,10.4,1357.1,4.0
954,Company_954,2024,1124.2,11.4,1661.4,-1.3
954,Company_954,2025,1102.1,10.4,1120.3,-2.0
955,Company_955,2015,479.2,5.6,308.6,
955,Company_955,2016,566.4,4.2,214.5,18.2
955,Company_955,2017,639.5,2.7,287.9,12.9
955,Company_955,2018,731.8,3.2,320.8,14.4
955,Company_955,2019,810.4,-1.8,3155.9,10.7
955,Company_955,2020,921.2,-5.2,4439.4,13.7
955,Company_955,2021,972.8,-10.9,2566.7,5.6
955,Company_955,2022,1013.2,-12.7,797.8,4.2
955,Company_955,2023,1028.7,-14.5,4597.1,1.5
955,Company_955,2024,1212.4,-13.1,1384.7,17.9
955,Company_955,2025,1216.6,-14.8,4161.8,0.3
956,Company_956,2015,3285.6,11.9,4904.8,
956,Company_956,2016,3383.7,10.7,5815.7,3.0
956,Company_956,2017,3651.9,14.2,4590.3,7.9
956,Company_956,2018,3925.5,15.7,5213.1,7.5
956,Company_956,2019,4315.0,13.3,11283.8,9.9
956,Company_956,2020,4345.7,12.9,9253.3,0.7
956,Company_956,2021,4618.5,12.4,5247.4,6.3
956,Company_956,2022,5021.4,14.0,8875.4,8.7
956,Company_956,2023,5316.4,14.4,13936.3,5.9
956,Company_956,2024,5537.3,14.8,14709.9,4.2
956,Company_956,2025,5813.1,16.2,15794.5,5.0
957,Company_957,2015,565.8,19.8,3273.5,
957,Company_957,2016,623.5,20.2,2284.8,10.2
957,Company_957,2017,769.5,16.0,3230.5,23.4
957,Company_957,2018,794.2,18.0,4739.7,3.2
957,Company_957,2019,854.4,14.1,3313.3,7.6
957,Company_957,2020,941.3,15.0,3173.7,10.2
957,Company_957,2021,1204.9,17.0,5326.1,28.0
957,Company_957,2022,1453.0,21.5,8872.3,20.6
957,Company_957,2023,1786.5,22.3,10357.7,23.0
957,Company_957,2024,1927.6,22.4,9006.3,7.9
957,Company_957,2025,2282.9,23.7,14248.2,18.4
958,Company_958,2015,1074.6,21.6,4104.2,
958,Company_958,2016,1259.2,20.7,5721.4,17.2
958,Company_958,2017,1338.3,19.6,5208.5,6.3
958,Company_958,2018,1629.4,21.0,5471.1,21.7
958,Company_958,2019,1509.7,23.4,5431.8,-7.3
958,Company_958,2020,1774.6,24.4,7386.6,17.5
958,Company_958,2021,1955.1,26.0,9728.7,10.2
958,Company_958,2022,1968.9,27.2,11333.8,0.7
958,Company_958,2023,2054.0,24.9,8545.0,4.3
958,Company_958,2024,2127.1,25.2,7567.2,3.6
958,Company_958,2025,2012.2,24.0,7602.7,-5.4
959,Company_959,2015,1527.7,21.4,4352.7,
959,Company_959,2016,1499.8,24.1,3047.2,-1.8
959,Company_959,2017,1342.5,20.5,5735.3,-10.5
959,Company_959,2018,1320.3,20.7,5680.1,-1.7
959,Company_959,2019,1300.4,20.4,4774.1,-1.5
959,Company_959,2020,1093.1,21.3,4873.7,-15.9
959,Company_959,2021,1116.9,25.5,3128.9,2.2
959,Company_959,2022,1142.0,24.2,2534.1,2.3
959,Company_959,2023,1025.6,22.9,2900.3,-10.2
959,Company_959,2024,1259.8,22.3,4311.5,22.8
959,Company_959,2025,1116.5,18.3,2063.0,-11.4
960,Company_960,2015,10565.3,17.1,33266.5,
960,Company_960,2016,11193.7,18.3,24262.9,5.9
960,Company_960,2017,11017.0,26.2,32494.7,-1.6
960,Company_960,2018,11545.3,18.5,25501.9,4.8
960,Company_960,2019,12893.1,23.2,37572.4,11.7
960,Company_960,2020,13157.1,18.9,21878.1,2.0
960,Company_960,2021,14081.6,20.8,27678.1,7.0
960,Company_960,2022,12077.7,15.8,15944.7,-14.2
960,Company_960,2023,12465.6,12.0,29794.0,3.2
960,Company_960,2024,13699.3,9.1,23586.5,9.9
960,Company_960,2025,14943.0,18.1,26336.5,9.1
961,Company_961,2015,163.2,3.8,88.9,
961,Company_961,2016,159.9,-1.3,677.0,-2.0
961,Company_961,2017,179.6,-1.8,229.7,12.3
961,Company_961,2018,189.8,-2.5,548.4,5.7
961,Company_961,2019,172.6,-4.4,504.0,-9.1
961,Company_961,2020,169.2,-9.2,129.2,-2.0
961,Company_961,2021,154.8,-6.7,167.8,-8.5
961,Company_961,2022,152.9,-2.5,518.9,-1.2
961,Company_961,2023,139.3,0.4,9.7,-8.9
961,Company_961,2024,153.7,-0.1,108.0,10.3
961,Company_961,2025,140.6,3.1,59.8,-8.5
962,Company_962,2015,1819.6,18.7,5610.7,
962,Company_962,2016,2137.5,16.4,6529.0,17.5
962,Company_962,2017,2212.7,15.5,5878.5,3.5
962,Company_962,2018,2400.1,15.1,6251.3,8.5
962,Company_962,2019,2352.8,15.3,4935.3,-2.0
962,Company_962,2020,2387.2,14.1,5280.5,1.5
962,Company_962,2021,2440.2,14.7,6512.9,2.2
962,Company_962,2022,2530.1,13.4,3380.7,3.7
962,Company_962,2023,2694.9,17.0,4477.1,6.5
962,Company_962,2024,2685.2,15.0,5417.1,-0.4
962,Company_962,2025,2918.7,16.0,8881.7,8.7
963,Company_963,2015,2235.1,4.6,1031.0,
963,Company_963,2016,2748.6,8.4,2820.2,23.0
963,Company_963,2017,3062.0,8.2,3382.9,11.4
963,Company_963,2018,3202.1,8.1,3131.8,4.6
963,Company_963,2019,3456.0,10.9,6328.8,7.9
963,Company_963,2020,3568.4,12.1,3553.0,3.3
963,Company_963,2021,4258.0,16.1,5852.4,19.3
963,Company_963,2022,4619.9,17.4,9861.6,8.5
963,Company_963,2023,4971.5,12.9,12028.0,7.6
963,Company_963,2024,5160.3,12.6,11652.0,3.8
963,Company_963,2025,4739.7,11.1,4665.8,-8.1
964,Company_964,2015,6131.8,20.8,21061.6,
964,Company_964,2016,6056.8,24.6,48249.5,-1.2
964,Company_964,2017,5840.0,26.5,45378.6,-3.6
964,Company_964,2018,6129.1,25.1,50831.8,4.9
964,Company_964,2019,6199.7,19.5,37714.2,1.2
964,Company_964,2020,5796.3,21.3,29072.9,-6.5
964,Company_964,2021,6618.5,21.1,25930.3,14.2
964,Company_964,2022,7095.7,16.4,32475.3,7.2
964,Company_964,2023,7673.7,16.4,28288.7,8.1
964,Company_964,2024,7934.7,14.6,31022.7,3.4
964,Company_964,2025,8091.3,12.1,17710.2,2.0
965,Company_965,2015,1221.6,21.3,5725.5,
965,Company_965,2016,1506.6,20.6,7125.8,23.3
965,Company_965,2017,1625.1,21.9,7120.9,7.9
965,Company_965,2018,1752.5,24.0,7369.2,7.8
965,Company_965,2019,2117.8,21.0,6068.8,20.8
965,Company_965,2020,2243.7,18.9,7034.9,5.9
965,Company_965,2021,2048.6,17.9,8138.7,-8.7
965,Company_965,2022,2192.9,20.1,9132.8,7.0
965,Company_965,2023,2297.0,19.5,9408.6,4.8
965,Company_965,2024,2702.6,26.1,16033.8,17.7
965,Company_965,2025,2952.4,22.7,14201.1,9.2
966,Company_966,2015,825.7,9.1,1372.9,
966,Company_966,2016,771.4,12.5,1416.1,-6.6
966,Company_966,2017,778.8,10.2,1424.1,1.0
966,Company_966,2018,776.5,10.2,1723.2,-0.3
966,Company_966,2019,827.9,7.5,1313.3,6.6
966,Company_966,2020,772.7,6.4,411.4,-6.7
966,Company_966,2021,736.0,7.4,770.0,-4.7
966,Company_966,2022,695.8,6.5,766.8,-5.5
966,Company_966,2023,642.3,6.0,707.8,-7.7
966,Company_966,2024,696.6,4.4,531.5,8.5
966,Company_966,2025,625.1,4.9,508.4,-10.3
967,Company_967,2015,10317.1,20.4,47584.6,
967,Company_967,2016,10954.7,17.0,46061.0,6.2
967,Company_967,2017,11765.7,16.0,57520.5,7.4
967,Company_967,2018,14162.6,15.0,72943.5,20.4
967,Company_967,2019,15758.1,12.8,41875.6,11.3
967,Company_967,2020,17493.8,8.2,34996.9,11.0
967,Company_967,2021,19966.0,6.1,30666.8,14.1
967,Company_967,2022,21869.3,2.8,16646.8,9.5
967,Company_967,2023,25077.0,4.7,29795.3,14.7
967,Company_967,2024,27148.6,7.5,70625.0,8.3
967,Company_967,2025,31905.9,8.8,70101.1,17.5
968,Company_968,2015,2019.5,7.5,3101.9,
968,Company_968,2016,2236.4,5.9,2949.2,10.7
968,Company_968,2017,2157.8,5.6,3003.6,-3.5
968,Company_968,2018,2216.1,5.9,1989.6,2.7
968,Company_968,2019,2376.7,10.1,3492.1,7.2
968,Company_968,2020,2513.3,10.9,3458.4,5.8
968,Company_968,2021,2722.2,9.1,3679.2,8.3
968,Company_968,2022,2643.4,7.7,3857.0,-2.9
968,Company_968,2023,2767.8,8.8,5167.4,4.7
968,Company_968,2024,3107.8,3.5,2674.0,12.3
968,Company_968,2025,3253.1,2.6,1311.8,4.7
969,Company_969,2015,5278.2,20.7,35911.0,
969,Company_969,2016,5281.2,20.0,30013.3,0.1
969,Company_969,2017,5371.2,19.6,30777.5,1.7
969,Company_969,2018,4879.8,22.6,26607.9,-9.1
969,Company_969,2019,5530.9,23.2,42788.4,13.3
969,Company_969,2020,5869.8,20.4,25886.1,6.1
969,Company_969,2021,6243.7,23.9,29450.5,6.4
969,Company_969,2022,6680.0,17.3,28754.0,7.0
969,Company_969,2023,6712.9,17.1,31372.6,0.5
969,Company_969,2024,6456.6,15.0,30711.6,-3.8
969,Company_969,2025,6717.9,14.1,23595.8,4.0
970,Company_970,2015,1209.1,25.1,6736.4,
970,Company_970,2016,1526.8,19.4,5025.0,26.3
970,Company_970,2017,1843.2,21.3,9017.0,20.7
970,Company_970,2018,1964.6,16.6,4841.3,6.6
970,Company_970,2019,2313.1,12.5,6251.5,17.7
970,Company_970,2020,2697.4,13.7,5088.2,16.6
970,Company_970,2021,3342.4,11.5,8052.5,23.9
970,Company_970,2022,4064.2,8.0,4459.9,21.6
970,Company_970,2023,4721.5,9.9,11630.3,16.2
970,Company_970,2024,5770.8,12.5,17373.3,22.2
970,Company_970,2025,6722.7,15.5,14070.1,16.5
971,Company_971,2015,1044.1,12.9,1863.4,
971,Company_971,2016,1169.9,12.5,1761.3,12.1
971,Company_971,2017,1485.0,12.4,2759.3,26.9
971,Company_971,2018,1560.1,9.7,2805.0,5.1
971,Company_971,2019,1705.0,9.5,3285.0,9.3
971,Company_971,2020,1807.9,10.7,2239.8,6.0
971,Company_971,2021,1807.2,14.2,4120.8,-0.0
971,Company_971,2022,1836.6,14.2,6441.1,1.6
971,Company_971,2023,1976.6,18.3,8794.3,7.6
971,Company_971,2024,2181.6,12.9,5700.4,10.4
971,Company_971,2025,2317.6,11.9,3568.5,6.2
972,Company_972,2015,1580.6,21.0,4869.3,
972,Company_972,2016,1606.1,21.1,4572.7,1.6
972,Company_972,2017,1642.4,18.2,5281.5,2.3
972,Company_972,2018,1580.8,20.3,5859.9,-3.8
972,Company_972,2019,1577.0,22.1,6235.2,-0.2
972,Company_972,2020,1525.3,23.1,2903.4,-3.3
972,Company_972,2021,1373.2,23.4,2783.9,-10.0
972,Company_972,2022,1480.0,22.3,5825.7,7.8
972,Company_972,2023,1607.1,23.5,4307.3,8.6
972,Company_972,2024,1536.3,24.1,7045.8,-4.4
972,Company_972,2025,1596.4,22.6,2979.6,3.9
973,Company_973,2015,337.6,4.6,140.4,
973,Company_973,2016,366.5,6.9,243.8,8.5
973,Company_973,2017,396.2,2.9,103.1,8.1
973,Company_973,2018,438.2,5.1,218.0,10.6
973,Company_973,2019,437.2,4.4,201.7,-0.2
973,Company_973,2020,421.3,5.6,270.1,-3.6
973,Company_973,2021,437.5,5.8,214.6,3.8
973,Company_973,2022,468.5,9.7,586.8,7.1
973,Company_973,2023,494.2,5.4,428.2,5.5
973,Company_973,2024,444.5,5.2,421.1,-10.1
973,Company_973,2025,476.9,3.9,212.1,7.3
974,Company_974,2015,7847.7,11.6,12936.0,
974,Company_974,2016,8337.7,21.0,21430.3,6.2
974,Company_974,2017,8827.9,23.6,37963.1,5.9
974,Company_974,2018,9639.4,29.2,33306.3,9.2
974,Company_974,2019,11477.2,22.2,41947.2,19.1
974,Company_974,2020,11558.6,16.9,19957.4,0.7
974,Company_974,2021,11707.5,18.5,40725.6,1.3
974,Company_974,2022,13201.1,12.9,16791.4,12.8
974,Company_974,2023,14930.1,21.5,61674.6,13.1
974,Company_974,2024,17423.2,28.8,84572.7,16.7
974,Company_974,2025,19581.8,27.8,66417.2,12.4
975,Company_975,2015,1130.3,12.7,2864.9,
975,Company_975,2016,1269.0,11.6,2165.6,12.3
975,Company_975,2017,1392.3,12.0,3551.3,9.7
975,Company_975,2018,1511.8,13.9,2359.4,8.6
975,Company_975,2019,1659.3,12.5,2210.1,9.8
975,Company_975,2020,1701.8,10.1,3418.8,2.6
975,Company_975,2021,1665.8,11.8,2542.6,-2.1
975,Company_975,2022,1845.4,13.0,3516.4,10.8
975,Company_975,2023,1794.5,10.4,1870.2,-2.8
975,Company_975,2024,2065.7,10.4,2572.2,15.1
975,Company_975,2025,2224.3,8.4,3193.4,7.7
976,Company_976,2015,1581.2,12.3,1554.5,
976,Company_976,2016,1575.7,13.5,3048.5,-0.3
976,Company_976,2017,1432.7,15.2,2717.8,-9.1
976,Company_976,2018,1408.3,16.0,3049.8,-1.7
976,Company_976,2019,1386.1,16.4,1997.0,-1.6
976,Company_976,2020,1419.1,17.0,2858.7,2.4
976,Company_976,2021,1378.7,15.1,3058.5,-2.8
976,Company_976,2022,1455.7,16.3,2442.2,5.6
976,Company_976,2023,1419.9,17.2,2333.6,-2.5
976,Company_976,2024,1285.4,18.0,3022.5,-9.5
976,Company_976,2025,1217.3,17.7,2086.7,-5.3
977,Company_977,2015,7840.6,15.7,16922.8,
977,Company_977,2016,6668.6,15.1,14060.7,-14.9
977,Company_977,2017,6588.2,11.9,15625.4,-1.2
977,Company_977,2018,5968.6,14.3,14220.8,-9.4
977,Company_977,2019,5598.2,13.6,13624.6,-6.2
977,Company_977,2020,5256.2,13.1,7995.2,-6.1
977,Company_977,2021,5476.5,9.4,7535.0,4.2
977,Company_977,2022,5828.9,5.0,2418.5,6.4
977,Company_977,2023,5682.7,9.8,11059.5,-2.5
977,Company_977,2024,5709.1,13.4,11364.1,0.5
977,Company_977,2025,6501.8,19.3,18467.4,13.9
978,Company_978,2015,1499.6,8.8,2164.6,
978,Company_978,2016,1772.6,12.1,4222.0,18.2
978,Company_978,2017,1966.4,14.1,2323.9,10.9
978,Company_978,2018,2275.9,14.3,5064.3,15.7
978,Company_978,2019,2696.7,18.0,8386.3,18.5
978,Company_978,2020,3375.1,21.3,9896.3,25.2
978,Company_978,2021,3629.7,24.4,16383.7,7.5
978,Company_978,2022,4053.8,28.6,16863.4,11.7
978,Company_978,2023,4308.6,24.4,10224.5,6.3
978,Company_978,2024,4333.5,23.3,16764.1,0.6
978,Company_978,2025,4789.9,16.9,7230.1,10.5
979,Company_979,2015,10868.5,2.0,1915.0,
979,Company_979,2016,12090.9,13.2,16925.7,11.2
979,Company_979,2017,13775.0,11.3,27184.4,13.9
979,Company_979,2018,15382.0,12.0,20162.9,11.7
979,Company_979,2019,15334.9,12.9,24997.2,-0.3
979,Company_979,2020,14506.5,14.3,24535.7,-5.4
979,Company_979,2021,15729.7,13.1,26756.2,8.4
979,Company_979,2022,17633.3,19.5,34300.0,12.1
979,Company_979,2023,19072.8,23.2,64155.1,8.2
979,Company_979,2024,19656.6,11.6,21731.6,3.1
979,Company_979,2025,21474.8,8.1,34475.6,9.2
980,Company_980,2015,1115.9,2.2,341.1,
980,Company_980,2016,1351.8,2.4,739.7,21.1
980,Company_980,2017,1644.6,0.2,42.2,21.7
980,Company_980,2018,1618.2,-0.5,6948.1,-1.6
980,Company_980,2019,1949.3,-1.8,4831.4,20.5
980,Company_980,2020,2117.8,-3.4,6646.2,8.6
980,Company_980,2021,2507.3,-3.6,6109.8,18.4
980,Company_980,2022,2759.3,-6.4,13535.5,10.1
980,Company_980,2023,3059.7,-7.2,2767.5,10.9
980,Company_980,2024,3264.2,-6.4,13133.3,6.7
980,Company_980,2025,3785.2,-7.8,13340.8,16.0
981,Company_981,2015,1395.6,5.0,999.8,
981,Company_981,2016,1587.1,5.4,1254.9,13.7
981,Company_981,2017,1699.2,6.5,1323.7,7.1
981,Company_981,2018,1921.6,8.0,1950.7,13.1
981,Company_981,2019,1785.2,5.5,1340.0,-7.1
981,Company_981,2020,1820.6,6.6,1394.9,2.0
981,Company_981,2021,1632.3,6.3,1434.5,-10.3
981,Company_981,2022,1696.2,4.3,668.4,3.9
981,Company_981,2023,1713.6,3.1,798.3,1.0
981,Company_981,2024,1811.0,3.3,565.6,5.7
981,Company_981,2025,1803.6,2.3,487.7,-0.4
982,Company_982,2015,2082.1,20.7,8927.6,
982,Company_982,2016,2291.4,20.0,14689.3,10.1
982,Company_982,2017,2394.0,21.6,15392.4,4.5
982,Company_982,2018,2632.5,21.7,19587.8,10.0
982,Company_982,2019,2893.2,18.7,11097.1,9.9
982,Company_982,2020,3391.0,20.8,13693.5,17.2
982,Company_982,2021,3827.3,23.8,18030.3,12.9
982,Company_982,2022,4765.6,25.5,25479.5,24.5
982,Company_982,2023,5237.5,23.5,23742.4,9.9
982,Company_982,2024,5928.5,29.2,49894.3,13.2
982,Company_982,2025,6710.5,32.2,52639.6,13.2
983,Company_983,2015,377.4,5.1,247.4,
983,Company_983,2016,423.7,5.6,424.7,12.3
983,Company_983,2017,458.3,7.1,815.8,8.2
983,Company_983,2018,480.5,8.0,752.1,4.9
983,Company_983,2019,510.0,8.1,483.5,6.1
983,Company_983,2020,509.9,5.6,684.3,-0.0
983,Company_983,2021,542.4,5.9,649.3,6.4
983,Company_983,2022,561.2,8.7,550.3,3.5
983,Company_983,2023,570.9,8.3,881.4,1.7
983,Company_983,2024,564.0,6.7,932.7,-1.2
983,Company_983,2025,624.9,9.0,903.6,10.8
984,Company_984,2015,538.9,10.2,655.3,
984,Company_984,2016,484.0,4.8,303.1,-10.2
984,Company_984,2017,474.1,6.2,350.4,-2.0
984,Company_984,2018,437.2,7.5,410.1,-7.8
984,Company_984,2019,386.7,7.0,393.0,-11.5
984,Company_984,2020,370.2,9.3,298.7,-4.3
984,Company_984,2021,424.3,11.1,398.3,14.6
984,Company_984,2022,391.4,9.2,407.8,-7.8
984,Company_984,2023,417.4,6.1,357.7,6.7
984,Company_984,2024,355.4,7.1,342.8,-14.9
984,Company_984,2025,326.1,9.4,250.0,-8.3
985,Company_985,2015,5302.7,19.5,17441.5,
985,Company_985,2016,6093.9,14.0,16428.0,14.9
985,Company_985,2017,6741.4,11.9,14613.4,10.6
985,Company_985,2018,6783.5,15.0,23506.8,0.6
985,Company_985,2019,8142.8,15.6,23617.2,20.0
985,Company_985,2020,8353.1,14.5,12752.2,2.6
985,Company_985,2021,8492.6,12.6,12773.7,1.7
985,Company_985,2022,8623.1,13.2,26177.5,1.5
985,Company_985,2023,10003.4,12.4,22489.5,16.0
985,Company_985,2024,11909.0,13.7,27121.9,19.1
985,Company_985,2025,13583.3,15.4,43406.0,14.1
986,Company_986,2015,2354.7,-2.0,3702.8,
986,Company_986,2016,2663.8,-0.9,3110.2,13.1
986,Company_986,2017,2716.6,-3.0,2604.5,2.0
986,Company_986,2018,2754.6,-3.6,1924.2,1.4
986,Company_986,2019,3006.7,-1.2,9259.0,9.2
986,Company_986,2020,3381.4,-0.9,11901.8,12.5
986,Company_986,2021,3497.9,-2.6,3200.2,3.4
986,Company_986,2022,4157.8,-1.0,9773.1,18.9
986,Company_986,2023,5130.7,-3.6,10921.4,23.4
986,Company_986,2024,5582.9,-1.9,27467.9,8.8
986,Company_986,2025,6466.6,-2.4,8056.7,15.8
987,Company_987,2015,1332.9,18.1,4890.1,
987,Company_987,2016,1298.2,19.7,6223.6,-2.6
987,Company_987,2017,1403.6,19.9,5895.8,8.1
987,Company_987,2018,1524.0,16.8,4794.4,8.6
987,Company_987,2019,1314.9,19.2,2580.6,-13.7
987,Company_987,2020,1309.3,16.9,3917.0,-0.4
987,Company_987,2021,1394.6,15.9,2618.3,6.5
987,Company_987,2022,1517.4,17.3,4641.6,8.8
987,Company_987,2023,1614.3,14.9,5335.9,6.4
987,Company_987,2024,1672.2,14.2,4176.1,3.6
987,Company_987,2025,1724.9,15.1,4053.0,3.2
988,Company_988,2015,6769.0,13.5,16225.6,
988,Company_988,2016,7414.8,15.3,11920.1,9.5
988,Company_988,2017,8424.8,17.4,24946.5,13.6
988,Company_988,2018,8754.7,15.8,34169.6,3.9
988,Company_988,2019,10293.7,14.7,25877.0,17.6
988,Company_988,2020,12221.5,14.7,39844.8,18.7
988,Company_988,2021,12316.2,9.1,18238.6,0.8
988,Company_988,2022,13854.9,7.0,12595.7,12.5
988,Company_988,2023,14872.4,2.0,7117.1,7.3
988,Company_988,2024,16243.2,3.5,11125.7,9.2
988,Company_988,2025,17491.0,4.2,10354.9,7.7
989,Company_989,2015,3259.4,21.1,8807.7,
989,Company_989,2016,3443.5,24.7,15357.4,5.6
989,Company_989,2017,3561.7,16.6,10343.7,3.4
989,Company_989,2018,3700.0,2.3,1234.7,3.9
989,Company_989,2019,3843.3,-0.3,12623.4,3.9
989,Company_989,2020,4069.3,4.9,3891.2,5.9
989,Company_989,2021,4207.5,-0.3,20073.7,3.4
989,Company_989,2022,4712.6,2.6,1952.4,12.0
989,Company_989,2023,5432.2,-1.3,23505.8,15.3
989,Company_989,2024,5970.5,-1.9,8108.9,9.9
989,Company_989,2025,6509.1,-7.4,10023.3,9.0
990,Company_990,2015,3456.5,19.9,11486.2,
990,Company_990,2016,3770.7,20.2,13452.7,9.1
990,Company_990,2017,3451.7,17.1,12264.8,-8.5
990,Company_990,2018,3556.2,15.3,13588.5,3.0
990,Company_990,2019,3307.5,16.5,5860.4,-7.0
990,Company_990,2020,3171.3,16.9,7892.5,-4.1
990,Company_990,2021,3096.4,13.9,9717.4,-2.4
990,Company_990,2022,3514.8,10.8,7359.0,13.5
990,Company_990,2023,3092.3,12.2,6371.6,-12.0
990,Company_990,2024,3390.7,13.3,10218.0,9.6
990,Company_990,2025,3723.8,16.2,10906.5,9.8
991,Company_991,2015,393.5,6.1,407.4,
991,Company_991,2016,445.7,8.0,593.8,13.3
991,Company_991,2017,488.5,11.2,886.3,9.6
991,Company_991,2018,519.4,9.0,501.1,6.3
991,Company_991,2019,643.2,9.9,1110.5,23.8
991,Company_991,2020,770.5,9.1,688.4,19.8
991,Company_991,2021,778.2,8.6,713.7,1.0
991,Company_991,2022,817.7,11.5,1755.4,5.1
991,Company_991,2023,982.5,9.0,1423.9,20.2
991,Company_991,2024,1109.4,6.5,1158.5,12.9
991,Company_991,2025,1217.1,2.8,459.0,9.7
992,Company_992,2015,1590.9,6.2,1824.6,
992,Company_992,2016,1453.6,6.9,1104.8,-8.6
992,Company_992,2017,1535.8,8.3,3189.8,5.7
992,Company_992,2018,1415.1,8.0,2424.6,-7.9
992,Company_992,2019,1309.9,8.5,1860.4,-7.4
992,Company_992,2020,1246.4,7.0,1902.9,-4.8
992,Company_992,2021,1299.2,9.0,2002.9,4.2
992,Company_992,2022,1166.1,9.0,2212.9,-10.2
992,Company_992,2023,1340.2,10.2,3367.1,14.9
992,Company_992,2024,1145.1,6.3,1215.7,-14.6
992,Company_992,2025,1180.5,8.2,2242.3,3.1
993,Company_993,2015,3773.4,12.0,9021.9,
993,Company_993,2016,3837.7,12.6,12026.0,1.7
993,Company_993,2017,4411.3,11.0,8403.5,14.9
993,Company_993,2018,4674.5,15.3,9057.5,6.0
993,Company_993,2019,5131.8,16.5,20044.5,9.8
993,Company_993,2020,5474.5,15.7,17775.7,6.7
993,Company_993,2021,6119.1,18.6,17694.0,11.8
993,Company_993,2022,6315.9,18.3,21878.3,3.2
993,Company_993,2023,6723.4,20.0,28563.0,6.5
993,Company_993,2024,6953.5,17.1,18123.5,3.4
993,Company_993,2025,8472.9,17.0,31533.9,21.9
994,Company_994,2015,1057.0,8.4,1841.7,
994,Company_994,2016,1110.0,7.7,1489.1,5.0
994,Company_994,2017,1271.8,3.6,794.3,14.6
994,Company_994,2018,1324.3,1.3,251.4,4.1
994,Company_994,2019,1528.0,4.9,1329.5,15.4
994,Company_994,2020,1818.7,5.9,1697.9,19.0
994,Company_994,2021,1904.7,3.6,959.5,4.7
994,Company_994,2022,1952.7,0.2,41.0,2.5
994,Company_994,2023,2204.6,1.5,300.8,12.9
994,Company_994,2024,2168.0,2.4,511.0,-1.7
994,Company_994,2025,2372.4,-3.2,7099.6,9.4
995,Company_995,2015,2012.2,16.2,5031.8,
995,Company_995,2016,2050.7,16.8,5468.6,1.9
995,Company_995,2017,2119.0,16.3,4865.2,3.3
995,Company_995,2018,2004.0,16.9,5337.6,-5.4
995,Company_995,2019,1857.3,13.5,3335.4,-7.3
995,Company_995,2020,1984.2,15.5,5022.2,6.8
995,Company_995,2021,2067.0,12.4,5910.0,4.2
995,Company_995,2022,2213.0,9.4,2196.1,7.1
995,Company_995,2023,2238.9,9.8,4118.2,1.2
995,Company_995,2024,2390.3,8.2,4801.1,6.8
995,Company_995,2025,2805.6,9.3,4865.8,17.4
996,Company_996,2015,3099.7,18.2,11376.4,
996,Company_996,2016,3068.8,18.5,10787.8,-1.0
996,Company_996,2017,3220.8,20.0,12289.1,5.0
996,Company_996,2018,3420.8,21.5,12339.9,6.2
996,Company_996,2019,3760.8,27.6,19500.1,9.9
996,Company_996,2020,4221.5,26.1,23420.9,12.2
996,Company_996,2021,4201.6,24.7,17733.5,-0.5
996,Company_996,2022,5028.5,27.2,22252.7,19.7
996,Company_996,2023,5431.8,24.3,32217.1,8.0
996,Company_996,2024,5915.9,24.4,30318.1,8.9
996,Company_996,2025,5503.9,20.3,25775.5,-7.0
997,Company_997,2015,537.0,15.7,716.1,
997,Company_997,2016,525.5,15.3,1095.3,-2.1
997,Company_997,2017,499.5,13.5,571.5,-5.0
997,Company_997,2018,538.7,10.7,758.8,7.9
997,Company_997,2019,532.5,9.7,607.0,-1.2
997,Company_997,2020,542.4,8.0,564.6,1.9
997,Company_997,2021,591.3,7.3,515.0,9.0
997,Company_997,2022,639.8,7.2,646.4,8.2
997,Company_997,2023,623.2,10.3,696.7,-2.6
997,Company_997,2024,634.7,11.5,733.2,1.8
997,Company_997,2025,642.9,10.2,818.5,1.3
998,Company_998,2015,1055.4,14.9,3871.5,
998,Company_998,2016,1203.4,16.3,3002.2,14.0
998,Company_998,2017,1321.8,20.0,6339.2,9.8
998,Company_998,2018,1448.5,24.1,4956.7,9.6
998,Company_998,2019,1589.7,23.1,4561.5,9.7
998,Company_998,2020,1644.3,27.4,10808.2,3.4
998,Company_998,2021,1646.4,25.4,4816.0,0.1
998,Company_998,2022,1561.9,27.3,9491.6,-5.1
998,Company_998,2023,1776.7,28.9,10634.1,13.8
998,Company_998,2024,1838.2,30.5,13081.9,3.5
998,Company_998,2025,2042.3,29.8,12788.3,11.1
999,Company_999,2015,5928.4,18.2,9585.9,
999,Company_999,2016,5732.1,17.6,14223.4,-3.3
999,Company_999,2017,6311.1,15.1,16256.3,10.1
999,Company_999,2018,7014.0,15.3,16530.9,11.1
999,Company_999,2019,5681.0,16.7,14933.1,-19.0
999,Company_999,2020,5316.0,18.1,13661.7,-6.4
999,Company_999,2021,5106.7,17.2,14494.9,-3.9
999,Company_999,2022,5340.0,21.2,21433.7,4.6
999,Company_999,2023,5178.3,20.7,12652.4,-3.0
999,Company_999,2024,5464.8,21.5,9851.2,5.5
999,Company_999,2025,5700.3,21.6,19402.0,4.3
1000,Company_1000,2015,2388.7,14.7,6004.2,
1000,Company_1000,2016,2459.4,14.7,8024.3,3.0
1000,Company_1000,2017,2685.8,16.3,10157.8,9.2
1000,Company_1000,2018,2778.2,16.9,10003.6,3.4
1000,Company_1000,2019,2798.3,16.8,6684.5,0.7
1000,Company_1000,2020,3405.5,19.5,8599.9,21.7
1000,Company_1000,2021,3419.2,21.7,14416.7,0.4
1000,Company_1000,2022,3518.8,21.4,8078.9,2.9
1000,Company_1000,2023,3417.1,17.1,13263.4,-2.9
1000,Company_1000,2024,3183.2,15.7,6960.1,-6.8
1000,Company_1000,2025,3173.5,17.5,5666.1,-0.3
